hrr,coef_m,pij_diff_cf,health_cf,health_base,n_cases,corr_fe_qual,fe_sd,fe_range,qual_sd,corr_realloc_qual,realloc_to_highq,realloc_to_lowq,fe_mean_highqual,fe_mean_lowqual,n_specs,eta
1,.18022696,.209352,.0002948,.8789104,7066,.1359161,1.139061,5.384686,.0670815,.0170625,100.8247,-100.8247,.4127369,.3819475,69,1
2,.54875981,.1546101,-.0026557,.8841733,1914,.1425549,.7985034,3.079819,.0299713,-.3265379,-84.40316,84.40316,-.3598476,-.8184055,16,1
5,.11031827,.2116266,.0007676,.8967402,2905,.2699466,2.037458,6.367942,.0428577,.0161387,-40.99567,40.99568,3.42099,2.552903,34,1
6,1.808e-13,.1598766,-.0006066,.8917866,3409,.018406,4.212702,16.11278,.0532759,-.1510799,-1.66903,1.669026,-2.097102,-2.279298,23,1
7,.01455374,.1316717,.0002013,.8960252,1505,.2096675,1.287124,4.843228,.0430613,.0142591,24.70615,-24.70616,.4244738,-.0289917,25,1
9,.17041574,.1678335,.0011134,.9078974,127,-.072843,2.923247,11.11351,.0430338,.2306779,1.955768,-1.955769,2.527867,2.803691,17,1
11,.12387494,.2858208,-.0041202,.905207,3533,.3167851,.7576976,3.365586,.0426222,-.0853716,-362.7184,362.7185,-.5547301,-.7213266,31,1
12,.03065552,.3458373,-.0040424,.9131726,9836,-.0984687,3.232417,16.71822,.0414622,-.0496342,-956.3823,956.3824,-1.338041,-1.066489,65,1
14,.33470738,.2347178,-.0034483,.902174,3008,.1530525,2.585828,14.97981,.0457579,-.0786741,-208.38,208.38,-1.025822,-2.469503,29,1
15,.75199446,.20238,-.0008434,.9124214,2900,.0635531,.979574,3.296278,.011122,-.1668253,-111.2622,111.2622,-1.135861,-1.544639,12,1
16,.11213959,.1532607,.0015237,.9012736,1729,.0137273,4.510777,17.50962,.0352489,.0992439,92.74292,-92.74292,-1.625153,-1.608109,25,1
18,0,.1086187,.001999,.8966047,1225,.3073868,1.051772,3.611598,.0539374,.119743,52.48449,-52.48449,-.2912218,-.9258429,14,1
19,.1457358,.1762344,-.0027829,.8932981,8553,-.0867282,.9500161,3.89676,.0377714,-.2514725,-296.4933,296.4933,-1.854929,-1.737763,45,1
21,.63310349,.169789,.0027797,.9133189,1512,.4740431,5.350862,16.4077,.0300452,.2669032,102.5584,-102.5584,-1.642322,-2.388245,21,1
22,.949766,.1176103,.0012453,.8839856,824,.1877421,.8789973,3.144668,.034199,.1193954,39.43963,-39.43963,-.3762344,-.8300754,13,1
23,3.287e-14,.3336077,-.0035713,.9287221,4599,.1141873,3.117446,17.61921,.0398934,-.0579776,-131.9544,131.9544,-.8552349,-1.176686,75,1
25,.41813838,.1989647,-.0014408,.9075568,2079,.1606603,.9049613,4.302002,.0554049,-.1764795,-14.50551,14.50552,.8004611,.456016,37,1
31,.26119433,.1146564,-.0014383,.8996488,1811,.1008763,3.030349,15.78721,.0958042,-.1689831,-18.59355,18.59355,-.7569786,-2.230567,24,1
33,5.834e-23,.3169864,-.0027643,.92044,2628,-.0726978,4.107773,18.54305,.0429536,-.041312,-309.8688,309.8688,.0125332,.2163058,47,1
43,0,.2768458,-.0052641,.8806783,2405,-.0427959,.7614471,3.182206,.0705186,-.0911851,-187.3316,187.3316,-1.443196,-1.377659,20,1
56,.07140823,.2993513,-.000537,.9039394,10867,.263503,.9866867,4.62638,.0423304,-.0371106,-74.26249,74.26249,.1536148,-.227086,117,1
58,.44096152,.2239583,.0013392,.9061145,2658,.1840154,2.266024,17.06993,.0398901,.1477551,8.789659,-8.789664,.4448243,-.3688365,54,1
62,1.0206289,.2015672,.0007425,.9097724,540,.226558,.9969481,3.936476,.0369925,.063449,-2.443954,2.443952,.3530664,.0663374,40,1
65,2.87e-130,.3190951,.0004654,.9158301,1782,.0753922,2.28003,16.04873,.0410201,.0395156,-29.18124,29.18124,-.6637493,-1.398625,48,1
69,.49180407,.075615,-.0011364,.9170157,1610,-.1343234,3.203065,15.52211,.0627493,-.1846802,-35.86885,35.86885,-1.891539,-.0665279,18,1
73,.35306706,.1564968,.0015884,.91439,1847,.2255957,.6020883,2.041406,.035222,.1259152,93.00813,-93.00813,.1025371,-.0288641,13,1
77,.21783543,.3217141,.0007258,.9142958,7613,.1827685,3.021243,17.53596,.0446365,.0227693,288.3492,-288.3492,-.1594716,-1.243886,79,1
78,0,.2125898,.0022914,.9231288,1611,.1846646,3.188831,16.34728,.046526,.1066568,82.49047,-82.49048,-.1455002,-1.790906,21,1
79,.04207166,.2886676,-.0008924,.8941879,1551,.0114467,3.05778,17.21739,.0350476,-.1226989,-26.70379,26.70379,-1.149657,-1.380633,77,1
80,.35502725,.2994612,.0024519,.921075,5573,.1267827,4.222044,17.06921,.0254864,.1427657,285.3022,-285.3022,-2.391439,-2.849795,60,1
81,0,.285791,.0018808,.9147529,2470,.2272158,2.607276,18.81569,.0438899,.0635308,12.77391,-12.7739,1.808384,.3610121,56,1
82,.16401537,.2845655,.0004919,.9165264,2244,-.0036568,.9383012,4.219881,.0454825,.0129251,82.32197,-82.32197,.9263021,1.248756,50,1
83,.04481105,.2132214,.0022559,.9304925,1510,.47391,1.17591,4.184316,.0247816,.1676148,44.15197,-44.15197,.9983205,.5032759,16,1
85,0,.2199952,.0013312,.9177596,1749,.1964323,1.194579,4.621611,.040716,.0898711,67.75528,-67.75529,-.9106718,-1.211562,37,1
86,.50974961,.204027,-.0006694,.9321857,2650,.0734013,1.904249,5.594193,.0249032,-.1425726,9.185061,-9.185066,-.054502,-.3728709,23,1
87,0,.2897631,-.0015604,.9237152,1222,.1974448,.9489788,4.138649,.0440577,-.0282559,39.70555,-39.70555,-.0307448,-.4783374,35,1
89,.07053875,.2496508,-.0003536,.9241668,1819,.0018627,3.866453,17.02816,.0310958,-.0302385,-61.18236,61.18235,-1.698164,-.0585839,39,1
91,.86873417,.2836338,.0009182,.908947,1438,.0996788,2.030232,15.28301,.0404147,.0709501,54.63269,-54.63269,.7175959,.7011137,52,1
96,0,.272359,-.0014312,.9207187,2886,.139081,2.97744,18.22539,.0391103,-.09923,-100.866,100.866,-.9336413,-1.016691,63,1
101,2.031e-21,.2181975,.0009926,.917513,944,.3581176,1.199748,5.952998,.0224595,.176346,37.99934,-37.99934,-.9689728,-1.589728,20,1
102,0,.2345586,-.0039093,.9109736,3357,.0827104,.82004,3.564321,.0283326,-.2110355,-371.812,371.812,-1.397127,-1.622487,27,1
104,1.4323723,.0945266,.0003535,.9142335,1947,.0640624,5.12537,15.10406,.0255198,.0649597,-24.74882,24.74883,-1.352153,-2.862263,19,1
105,.75089106,.1262348,-.0004755,.9318404,1460,.2999128,.7934245,2.856748,.0382778,-.122444,11.25395,-11.25396,1.112107,.8370162,15,1
106,5.931e-21,.2648178,-.0093871,.9032273,1638,.2456515,3.143373,17.25077,.0237149,-.3600698,4.108222,-4.108216,.051655,-1.37004,22,1
107,1.589e-14,.1285106,.0008158,.8980451,1073,.1584518,.7584032,2.462554,.0224627,.2297464,40.98643,-40.98643,.6086808,.4072577,,1
109,3.728e-28,.2538296,-.0013138,.9098209,2546,-.0816213,3.249093,17.69162,.0364148,-.0666648,-71.55997,71.55997,-1.680449,-.7661265,75,1
110,0,.3339037,-.0044184,.8975994,5688,.0595999,3.982726,19.70082,.0402162,-.0573235,-730.7941,730.7941,-.9332721,.4069102,80,1
111,.2846329,.2402447,-.0014981,.8974799,7660,.2423354,2.981272,16.45439,.0395282,-.0538941,-189.2574,189.2574,1.121756,-.1124277,106,1
112,0,.5247772,.0024105,.9111323,6775,.0509297,.8027248,4.395267,.043428,.0123703,-196.0248,196.0248,-.5641778,-.6778907,58,1
113,.03062134,.3014582,-.0019377,.9091252,10840,.0561264,.9819505,4.493511,.036687,-.0405002,-671.6139,671.614,-1.646297,-1.577402,93,1
115,.05058827,.1642526,.0004116,.9048863,2441,.0543778,4.321171,16.60773,.0422442,.0215125,101.7244,-101.7244,-.1897715,-2.471102,23,1
116,.08782346,.1558586,-.0005531,.8969115,2710,-.0765481,2.577593,16.99363,.049873,-.0656132,-2.130718,2.130718,-.3608116,.2904161,40,1
118,.15825425,.2394926,-.0026878,.8995376,11205,.0593067,.7961168,3.104859,.0502403,-.0775738,-705.0676,705.0676,-.7192172,-.7138439,45,1
119,.24524273,.2552272,.0006302,.904561,13437,.2260701,.8161742,3.15417,.0522673,.0157804,971.4209,-971.4208,-.2920829,-.3127747,49,1
120,.51497649,.2785555,-.0017738,.8860324,2441,.0155159,2.852063,16.87012,.0468252,-.0607006,-149.1017,149.1017,-1.02546,-1.90679,31,1
122,5.053e-21,.2115771,.0018822,.8863844,2465,-.0901098,2.502514,17.84525,.0429117,.1495672,97.04955,-97.04955,-1.568131,-.8399374,40,1
123,.04670404,.5249742,.0116864,.8925769,9094,.2738811,.8299557,4.196313,.0473088,.0762482,3972.021,-3972.021,-.8416406,-1.416762,35,1
124,0,.1464082,.0000567,.874292,1455,-.1348317,2.529437,15.66929,.0428068,.0084068,-.9534256,.9534231,-.2508283,.0626316,35,1
127,.04492869,.2105723,.0002885,.9076189,1120,-.0943071,2.839536,16.43739,.0466686,.024753,20.90138,-20.90138,-.7843264,-.0561949,30,1
129,.20795599,.2037975,-.0016746,.9068294,4896,.1221153,3.554515,16.88545,.0416858,-.0869626,-219.5744,219.5744,-.5381576,-.5867519,55,1
130,.21105439,.2325674,-.0017204,.8952704,15277,.1079468,1.064141,4.93118,.0399368,-.1268573,-315.4756,315.4756,.3044643,.0030262,118,1
131,.81757318,.1668205,.0010591,.9129099,2855,.2334874,.9383909,4.17541,.0364978,.093475,66.84624,-66.84624,-.3516819,-.8040108,32,1
133,0,.1226461,-.0014449,.8835871,1172,.1555054,.9546518,3.054751,.0329408,-.5020487,-4.604436,4.604435,1.002358,1.091303,,1
134,.27537741,.1885725,.0004449,.8969574,3829,-.0291033,2.536865,14.94169,.0459868,.0503026,16.85899,-16.859,-.8388914,-.5626509,31,1
137,0,.5150781,-.0083735,.9164704,6920,.0010422,1.503178,5.824492,.0194175,-.1312673,-2594.901,2594.901,2.166431,2.246815,40,1
139,.31673745,.1684051,.0013542,.8973602,1522,.1008109,.9189458,3.770849,.0514071,.0863934,-3.57326,3.573259,-.7422963,-.7480013,30,1
140,4.616e-21,.1107002,.0005338,.8978505,1553,.1343251,1.078795,3.532263,.0473387,.0978302,27.16556,-27.16556,-.3245679,-1.104549,14,1
141,.18303889,.328182,-.0003085,.892563,2784,-.1439657,2.226516,16.57662,.0452234,-.0041913,-171.4746,171.4745,.5775691,1.183875,52,1
142,.28788772,.1764521,.0003301,.8848572,288,.1989508,.7706391,2.597825,.0330724,.0809637,2.082657,-2.082656,-.7355129,-.8070192,13,1
144,0,.5262598,-.0045703,.9068987,17007,.3434148,.8227462,5.4506,.0416171,-.0300093,1328.661,-1328.662,-1.639086,-1.999185,78,1
145,.22564508,.2087402,.0028946,.8872365,2871,.5273751,1.013672,3.496806,.0340264,.1161979,-44.50767,44.50768,-.5363079,-1.303985,23,1
146,.67565915,.0352038,.000565,.9020386,1524,-.0251826,.9690868,2.927448,.0297128,.2582778,31.86903,-31.86903,-.9322648,-.2830822,,1
147,1.075e-20,.1148129,.00084,.903442,1822,.0025219,2.602798,16.52339,.0354847,.1693781,24.07117,-24.07117,-.4142263,.1079845,35,1
148,0,.2161382,.0001824,.8783727,1433,.1051267,.8255858,3.346438,.0431839,.0096655,-15.33062,15.33062,.9645596,.6198157,29,1
149,.05797337,.1161709,.0000453,.9188424,3670,.3403793,.9494553,3.331338,.0342945,.0151032,18.31241,-18.3124,-.4581088,-.8559588,22,1
150,.86029809,.1833089,-.0006453,.9306531,766,-.0156367,.5112134,1.480703,.0241018,-.2688012,4.015434,-4.015434,-.9778802,-1.079245,,1
154,0,.253389,.0013073,.9170095,1323,-.1265315,.9673735,3.911677,.0390932,.133318,40.54639,-40.54638,.9575816,1.292162,26,1
155,.04945951,.3325184,.0001716,.8813684,4834,.2016892,.8160728,3.794194,.0414708,.0058848,194.344,-194.344,-.1786159,-.4812402,68,1
156,.01265573,.3386674,-.0011231,.8917096,3599,.1167939,2.712394,19.93433,.040932,-.0613517,-53.48804,53.48804,-1.586052,-1.856141,79,1
158,0,.2602416,-.0002944,.9065181,3872,.1006029,2.357844,18.26806,.0340804,-.0229138,39.73759,-39.73758,-.7397183,-1.488462,52,1
161,0,.442282,.012482,.9082726,7401,.2643649,1.019659,3.892795,.0315617,.1293612,1686.076,-1686.076,-1.600777,-2.248407,49,1
163,0,.2789596,.002999,.9045948,2657,.0847016,2.426169,16.85725,.0355086,.0813823,-91.65119,91.65119,-.459843,-1.168616,44,1
164,.07113787,.2694606,.0003115,.8896322,3315,.373715,3.014404,18.4268,.0415445,.0188044,35.99684,-35.99683,.4454891,-1.077026,64,1
166,.34789146,.3254756,.0028083,.9043322,6121,.3326881,1.043935,5.486454,.0390576,.0697187,-97.52496,97.52493,-1.221328,-1.830871,69,1
170,.21280599,.1619017,.0018054,.9057756,4417,-.0198381,1.345953,6.267787,.037779,.1139643,110.3532,-110.3532,-.8553122,-1.144748,43,1
171,0,.2860087,-.0001147,.902803,4993,.2372992,2.034498,16.59361,.0298294,-.0027785,575.4366,-575.4365,.9846774,.2731418,64,1
172,.06987817,.2213937,-.0026307,.8908123,2801,.051757,2.154063,16.01238,.0357876,-.1445005,-164.989,164.989,-1.041901,-1.79399,55,1
173,.83480948,.3101276,-.0004455,.8902119,1398,.0918843,3.863173,15.88964,.032418,-.0449834,5.714,-5.714001,-1.884314,-1.757873,29,1
175,.17396418,.1558057,.00021,.9078452,1220,.4357459,.917452,3.542068,.03589,.0378159,21.33186,-21.33186,.834756,-.1493554,15,1
179,.26143605,.1059408,-.0000443,.9085758,4474,.027343,1.02962,4.627704,.0282701,-.0141488,-47.34774,47.34774,-.9597799,-.9498515,35,1
180,.3919199,.1714566,-.0001948,.8890042,3706,-.083327,3.883471,16.52312,.0419177,-.011657,-149.0529,149.0529,-3.415654,-1.366357,43,1
181,1.706e-18,.2676999,-.0015201,.898279,2511,.0628134,2.083892,15.90232,.0403133,-.0827002,-126.0626,126.0626,-.6405922,-.5326471,53,1
183,.09376172,.3806172,.0002867,.9051214,13097,.2128196,.7289835,3.582049,.0609001,.0026854,905.0861,-905.0862,.162552,.1817895,80,1
184,.64342563,.3333251,-.0043226,.8997853,1307,.6119897,2.576412,12.90296,.0312412,-.0983464,-212.2557,212.2557,-.7675211,-1.852978,22,1
185,.57290639,.1483051,.0001353,.8919622,1006,.1760087,1.05731,3.971973,.0326706,.1047297,7.765309,-7.765305,.2616055,-.1922621,16,1
186,.4565818,.269308,-.0023333,.893188,1564,.1830307,2.23412,15.57049,.0360704,-.118699,-22.59777,22.59778,-.3560826,-1.229398,45,1
187,.28327827,.2594693,-.002154,.9158672,3999,.4014866,3.519495,16.73864,.0379935,-.0629479,-243.6356,243.6356,1.402707,-1.097881,36,1
188,.32388495,.2909069,-.0019354,.8954854,1017,.4217834,.8849281,3.286792,.0975672,-.0265093,-2.552381,2.552377,-.2243449,-1.029661,25,1
190,.90874252,.317857,-.0070949,.898156,2189,.1593197,.6996487,1.790974,.0236608,-.2438325,-493.4509,493.4509,-1.037318,-1.356254,12,1
191,.1224027,.1928034,.0017166,.9035783,4565,.3973539,1.195888,4.019387,.0306773,.0697091,369.7,-369.7,-.9100119,-1.441853,25,1
192,.30936361,.4997596,-.0091323,.9101219,6403,.0487789,1.00865,3.575219,.0396487,-.0712169,-2642.897,2642.897,-.888716,-1.134053,34,1
193,.06702612,.2536449,-.0014905,.9053754,860,-.3014913,1.129179,3.877146,.0241185,-.1670308,-32.12784,32.12784,.0417015,.8618762,17,1
194,1.20e-101,.1853784,-.0015054,.9098042,2055,.1713297,1.506704,4.486081,.0387726,-.0899827,-124.6405,124.6405,1.148018,.5599514,18,1
195,2.959e-53,.0786973,-.0001565,.9051055,939,.3764383,.5682614,1.752435,.0223866,-.1211653,-12.86413,12.86413,.4921231,.2979117,,1
196,.4431714,.0787259,.0001927,.9056374,1618,.1483651,3.970298,15.0095,.0216751,.1084517,32.66906,-32.66906,.123463,-2.147398,13,1
197,.64635055,.1515754,-.0009562,.8885793,1338,-.2449853,4.243472,15.80708,.0187084,-.2619892,-27.65648,27.65647,-2.609509,-.082014,,1
200,.34842384,.1152105,.0001002,.9095354,3688,.053028,2.873714,16.32996,.044205,.0275179,-.5445958,.5445969,-.9739893,-2.529492,30,1
201,1.049e-19,.30362,5.79e-06,.9133859,7631,.2867118,.9874811,4.358161,.0344957,.0001239,-21.95403,21.954,.3502048,-.1416752,39,1
203,4.945e-17,.2340226,.0012437,.8987314,2166,.5123549,1.200924,4.816468,.0256718,.0734251,-135.2704,135.2704,1.430931,.7158116,17,1
204,.20451608,.1974528,-.0013894,.8866457,2605,.4664665,1.215533,5.576516,.0538617,-.1347042,-50.14466,50.14465,.3749238,-.0578143,49,1
205,0,.5182656,.0064346,.8992753,10402,.3205185,.931968,3.408804,.0429459,.0514007,1415.851,-1415.851,-.4370362,-1.12346,48,1
207,2.055e-59,.2183629,.0012953,.8935699,301,.3753581,6.700317,17.29907,.0186315,.2333699,18.52253,-18.52254,-1.747925,-4.73951,15,1
208,.12507237,.1497181,-.0009497,.8793383,2353,-.0249294,3.083637,17.23309,.0475782,-.0678931,33.1007,-33.1007,-.6561996,.0678395,27,1
209,1.251e-13,.1909572,.0001964,.8962326,1062,.3907105,.782479,2.494824,.0421088,.0136613,29.01393,-29.01392,-.15027,-.7770159,18,1
210,0,.1261096,-.0016183,.8968202,1757,.0871402,3.822073,15.32029,.0416527,-.261657,-14.35449,14.35449,-2.391723,-.8908691,27,1
212,.55045494,.1805774,-.0022275,.8897229,985,-.095505,1.193806,4.688704,.0424853,-.1930169,-47.12392,47.12392,-.2868672,-.3662924,26,1
213,0,.1715284,.0014349,.9124543,3001,.2492864,.7621665,2.564752,.0364233,.0849136,131.6846,-131.6846,-.5390707,-.8647799,25,1
214,3.517e-15,.1295346,.0010828,.9135734,1455,.0232495,3.947385,13.89852,.0509338,.0656805,55.63083,-55.63083,-2.77389,-.9662797,,1
217,.87865524,.0145693,.0001468,.8955635,607,.2098817,1.077643,2.512392,.0337814,.6123047,1.781665,-1.781664,.1632164,1.038568,,1
218,4.674e-77,.2270181,-.0003587,.9111521,263,.0383445,4.40005,15.22489,.0405132,-.0739487,-.1830201,.1830192,-.5022123,-1.875774,16,1
219,0,.1591163,.0013509,.8848945,2544,.4635757,2.881805,16.00161,.0503887,.0929457,101.644,-101.644,-1.743121,-1.819892,29,1
220,0,.1544359,.0001032,.8968787,286,.7074126,1.005172,4.323236,.037082,.0317249,5.338742,-5.338742,1.387381,.619095,19,1
222,.21881648,.2243457,.0003445,.9023496,4284,.079165,3.023741,15.61201,.0269661,.0570064,57.24184,-57.24183,-1.876131,-2.171172,46,1
223,.07873802,.7665839,-.0064651,.9040171,15565,.1007847,.9853415,5.29335,.0344152,-.0358667,-2929.969,2929.969,-.9866993,-1.261728,80,1
225,1.956e-15,.198861,-.0021347,.8984506,4517,.004268,4.215757,16.49749,.0391744,-.1684407,-44.54134,44.54136,-.7257905,-1.94527,35,1
226,.05228956,.2302621,-.0008674,.9028443,2663,.1965435,.9953077,4.041475,.0415476,-.054877,-37.71766,37.71766,-1.505221,-1.750952,60,1
227,8.593e-18,.3086689,-.0007114,.9038106,21688,.2489499,1.112473,5.090755,.0439747,-.0312019,360.6636,-360.6636,1.376528,.7271636,99,1
230,0,.2102805,.000885,.9131854,3286,.2251032,2.717859,18.94144,.0409282,.0522128,25.113,-25.113,1.07241,-.368509,63,1
231,3.132e-32,.2674746,.0024338,.9096581,1086,.0705153,2.951211,18.11518,.036276,.1375052,59.21265,-59.21265,.1731207,-.6081567,61,1
232,.4695931,.3149122,.0003307,.8934634,6105,.1862003,.7941853,4.124439,.0383313,.0106984,-65.08832,65.08834,1.415453,1.227684,90,1
233,4.354e-14,.273919,-.0001798,.891972,2518,.4772778,1.029979,5.3234,.038127,-.0121782,-.4493725,.4493783,1.101752,.1563425,58,1
234,6.301e-35,.274019,-.0006121,.8808282,6123,.1405843,1.929539,16.23616,.0445023,-.042047,-9.357637,9.357635,-1.019629,-1.655811,72,1
235,.27477976,.2901186,-.0007392,.8871226,2963,.1884211,2.542277,16.9564,.0362718,-.0233334,130.7504,-130.7505,-1.432168,-2.412728,72,1
236,.1606273,.2473313,-.0009871,.9025788,2560,.0026879,3.288213,17.58642,.0367388,-.0418674,3.291875,-3.29187,-1.946223,-.7291598,51,1
238,3.553e-09,.2080014,.0022015,.9014219,2768,.0317535,1.963768,16.14464,.0433619,.0513039,3.092333,-3.092352,2.355881,1.595445,69,1
239,.14400623,.2218982,-.0024296,.8979802,3664,.0341933,1.139094,5.044487,.0343894,-.1016506,-160.4046,160.4046,-.9900654,-1.136667,63,1
240,3.3208814,.0238252,.0003924,.856833,528,.4884778,2.2302,6.367162,.0420448,.4912161,1.905287,-1.905289,-4.420906,-4.861858,,1
242,.52194168,.1606661,.0002465,.9201277,1196,-.1058095,4.807928,16.46219,.0339612,.0261414,-19.57962,19.57962,-4.033054,-1.270275,18,1
243,.63934122,.1222308,.0010241,.8927534,802,.7381452,1.212094,3.710304,.0411375,.1704033,22.00475,-22.00475,-.4253092,-2.279973,,1
244,.67896711,.2816497,-.0019617,.9009718,2519,.0083493,1.4541,7.212119,.0425287,-.1169866,-109.2927,109.2927,.8263788,1.029043,65,1
245,.10569443,.2321776,-.0005963,.8929503,3393,.299542,1.211967,5.742264,.0417002,-.0310889,-80.08601,80.08601,.5684469,.0578606,64,1
246,.23028947,.2266422,-.0007102,.8843719,3334,.1245177,3.732854,16.40019,.0346561,-.0683833,-14.76857,14.76856,-.386245,-.6182313,59,1
248,.3452674,.2088449,.0010265,.9217506,804,-.1295348,.9953493,3.694748,.040495,.0524847,39.41916,-39.41916,.2227515,.4735726,27,1
249,.4133793,.2015566,-.0021597,.9187512,1561,.4395267,3.571166,15.92789,.0383921,-.0815488,27.4192,-27.4192,-1.460954,-4.462831,18,1
250,.15257852,.1877997,.001431,.9002451,1224,.0835958,1.082727,3.813617,.0239976,.2116293,56.19688,-56.19688,-.3239213,-.7599925,,1
251,0,.2462159,.0001653,.8973791,5801,.1933941,.7543284,2.875919,.0364479,.011546,27.60207,-27.60207,-1.703423,-1.731052,52,1
253,.42116301,.1931516,-.0009985,.9011847,793,.0732219,3.110268,15.06791,.0223927,-.2315127,-27.33732,27.33732,.8201488,-.5362954,21,1
254,5.613e-17,.2080217,-.0013409,.9069703,352,.3662369,3.926873,14.72117,.0251051,-.1168799,-30.62097,30.62098,.3300776,-1.72871,13,1
256,0,.1848889,-.0010268,.9037386,1892,.2644175,1.189686,4.492764,.0313318,-.1515916,-62.46639,62.46639,.70188,.1482566,18,1
257,.47327533,.1876039,-.002801,.8966038,835,-.0833313,3.611078,16.00506,.0388891,-.1202423,41.04625,-41.04625,-1.743424,-.2300608,16,1
258,.08658427,.1692431,-.0038309,.8852914,1329,.1841787,3.243569,14.00945,.0339178,-.4078466,-86.85365,86.85365,-.5185144,-1.687766,17,1
259,.58704745,.1968444,-.0078018,.897958,2437,.2586513,.7769112,3.163343,.0503174,-.2532612,-171.0608,171.0608,-1.024017,-1.392287,32,1
260,1.482e-56,.1046473,-.0005284,.9095209,412,.6068674,4.218363,15.41627,.0355145,-.0946925,-5.657584,5.657583,.9089024,-2.201444,,1
261,1.0030767,.1535282,.0007422,.8941808,576,-.1371022,3.471936,15.81697,.0366999,.1579172,10.55623,-10.55624,-1.227974,-.0213351,17,1
262,.42239253,.1234527,.0006352,.9023415,1752,.2042917,1.312931,5.11889,.0440787,.1719798,16.38081,-16.38081,-.1950531,-.618333,22,1
263,2.733e-90,.0672555,.0001424,.9047073,732,.2030797,2.198923,7.478742,.0550837,.080916,2.822256,-2.82226,2.693205,2.709659,16,1
264,4.312e-19,.2727425,-.0080901,.8767627,2777,.1476916,3.678011,15.39701,.030988,-.2972134,-295.6205,295.6205,-1.954828,-2.624413,31,1
267,9.320e-21,.108656,-.0009436,.8924175,2500,.0887628,.9855782,3.666282,.037969,-.1304012,-27.2753,27.2753,-.4331717,-.3372154,27,1
268,.0333942,.2789351,-.0042118,.8972219,12506,.3289174,.961962,3.967359,.0471635,-.1927396,-450.4968,450.4968,.3090017,-.3888777,46,1
270,.35750527,.1958586,.0009075,.9062285,3274,.5039495,.8240252,3.847805,.0473316,.0438303,-26.2091,26.2091,.0885773,-.235857,26,1
273,.15295291,.3060459,.0020308,.8927622,12981,.2322143,.9227029,4.431517,.0549424,.0455756,965.3069,-965.3069,.1494953,-.1544742,75,1
276,6.239e-14,.0829035,.0000663,.9081274,1935,.3527505,.8905303,2.900192,.038958,.0182711,39.91755,-39.91755,-.7157884,-1.505615,14,1
277,8.141e-20,.2588132,-.0017148,.9165332,5016,.3325202,1.054913,4.230949,.0339725,-.0367414,-101.8276,101.8276,.5299808,-.0836533,30,1
278,.0486682,.4669696,-.0121963,.9151456,9540,.3205885,1.142253,4.57032,.0386792,-.1345568,-2964.597,2964.597,-1.487894,-2.084116,39,1
279,.22212056,.1582801,.0002046,.8951284,3345,.3509229,.9717498,3.021101,.0278518,.0422815,-13.88971,13.88972,.0190979,-.2163172,15,1
281,.17930326,.138496,.0010022,.9229154,880,.1827568,5.280382,17.43983,.0381433,.10987,-7.819578,7.819579,.6035745,-3.808099,29,1
282,0,.291137,-.000596,.9093176,4403,.0723809,.9181473,3.669887,.0474252,-.0134775,-277.0656,277.0656,-.0218215,-.4602235,62,1
283,0,.6637873,.0033246,.9013048,18800,.1596902,.9191508,4.707111,.0414626,.0121197,2672.042,-2672.042,-2.275743,-2.674702,175,1
284,0,.2868546,-.0006164,.9041471,3556,.0617428,2.581346,18.075,.0395907,-.0298452,-53.61835,53.61836,.0285787,-.381088,124,1
285,.32197396,.2735059,-.0001848,.9086083,3196,.1877037,1.620031,18.84989,.0329589,-.0075654,-49.06692,49.06692,-.1864225,-.8761495,146,1
288,.24274628,.2583541,-.0002641,.9047139,3102,.1919419,1.110309,5.114279,.0337251,-.0138392,-31.18173,31.18173,.1927408,-.0624705,120,1
289,0,.2849229,-.0004487,.9023255,1533,-.0038946,2.435993,17.49635,.037068,-.027606,-8.465301,8.4653,.9724621,1.612474,118,1
291,.45927945,.22996,-.000223,.8955194,1237,-.0085583,2.299411,17.14938,.0383741,-.016623,-20.59554,20.59554,-1.813637,-1.199376,92,1
292,.03939517,.2589665,-.00037,.9092716,1916,.0241141,3.192514,19.04391,.0314193,-.0293426,-43.65207,43.65207,-.193104,-.5215214,99,1
295,.09920198,.3112277,-.0002775,.906497,7705,-.0504052,4.561518,17.64099,.0307958,-.0038913,136.2358,-136.2358,-.4406447,-.1973473,100,1
296,.04339118,.1692366,.0012861,.9034635,1585,.1091208,1.149194,4.358112,.0286342,.2504947,43.89636,-43.89636,-.5517014,-.368007,26,1
297,.67997543,.2881825,-.000168,.9094938,539,.0190618,1.947859,16.16239,.0335476,-.0197868,-4.062691,4.062691,-.5316507,-1.028714,64,1
299,.56651351,.2189245,-.0009243,.9117015,2355,.2994828,.941995,3.698521,.0514484,-.0837717,-10.05926,10.05926,.7983188,.1776166,33,1
300,5.116e-18,.2023452,-.0012703,.9048402,1506,.3355348,.8299078,3.656408,.0308251,-.1435904,-32.64358,32.64358,-.7370557,-1.265248,20,1
301,.07047825,.6220464,.0025186,.908657,14849,.1558776,1.806096,19.04268,.0369528,.0116454,3484.379,-3484.379,-1.241681,-1.591287,133,1
303,0,.2635062,.0000808,.9112645,4674,-.0351991,3.304522,20.07833,.0389415,.0055129,47.66373,-47.66374,-.6061949,.3042623,153,1
304,.39259793,.236912,.0003955,.899503,1325,.2112746,1.008521,4.002356,.0304658,.0420069,2.15604,-2.156042,.116816,.0518459,32,1
307,.40221753,.1040313,-.0002403,.9171701,4244,.1731566,4.105208,17.87387,.0403313,-.013457,-104.7936,104.7936,-2.610304,-3.291709,27,1
308,6.791e-33,.2572521,-.0006095,.9070178,4344,.0830375,1.676395,16.58158,.0315288,-.0722768,28.22543,-28.22542,.5713843,.0556585,109,1
309,4.152e-13,.2031418,-.0010976,.9098125,3501,-.0340728,3.104794,13.98519,.0322839,-.0466387,-179.6814,179.6814,-.6252369,-.9446731,33,1
311,3.642e-09,.7085993,-.0267615,.9064652,10127,.4300569,.9849837,4.135672,.0338832,-.1458415,-4686.581,4686.581,-.6759667,-1.159986,47,1
313,9.711e-27,.2074751,-.0011897,.8990505,1621,.2912732,3.729105,17.38026,.0136307,-.1384599,-155.3162,155.3162,-.4840688,-2.085187,18,1
314,1.097e-24,.2820386,-.0043381,.9010945,4791,.3512883,2.268471,15.34499,.0332009,-.1307358,-554.0013,554.0013,-.6557676,-1.229807,40,1
315,.08740724,.1710653,.0012511,.9003487,710,.3145545,1.2564,3.318075,.0254058,.2756891,13.96473,-13.96474,1.563504,.8783589,14,1
318,.10225271,.1910428,-.0013783,.8969942,4539,.2772772,1.267788,5.125653,.0405248,-.1973749,-83.40019,83.40018,.0664077,-.9421229,40,1
319,.01276233,.1191041,.0003286,.8978171,2556,-.1776639,3.28372,15.44224,.0340541,.038557,119.2127,-119.2127,-2.434071,-.5165641,19,1
320,.09231962,.2215366,.0013758,.9106417,2495,-.0423919,3.409896,18.08231,.0367503,.110263,114.8236,-114.8236,-1.766638,-1.651375,38,1
322,2.898e-27,.1084849,.0001113,.9041516,1706,.5594888,3.43776,16.0025,.0555946,.0217275,15.9608,-15.9608,-.609898,-1.722527,19,1
323,1.0360507,.0881408,.0044621,.8999105,492,-.2586346,5.499703,16.02394,.0611854,.7994234,13.06531,-13.0653,-3.126115,1.272027,,1
326,8.67e-244,.1758559,-.0001577,.8972664,2429,.050017,2.967457,18.88062,.0359125,-.0174365,38.42179,-38.42179,.7378827,-.4299062,34,1
327,.14139944,.6921812,.0026578,.894462,8160,.1673897,.8746431,3.279709,.0334462,.0222478,3456.411,-3456.411,-1.191973,-1.40465,43,1
328,.00215616,.3014198,-.0010269,.89529,6832,.0540902,1.014873,5.245227,.0396887,-.0873861,-78.27998,78.27998,-.6176252,-.8898136,55,1
329,.3014373,.5341681,-.0089837,.8996554,11078,.0644415,.9110436,4.072564,.0443652,-.0413487,-4019.723,4019.723,-1.927046,-2.169134,90,1
330,.12632737,.2893263,.0031958,.9018956,5200,.0518707,1.01121,4.099319,.0379971,.1372727,75.84079,-75.84079,.3210417,.0273572,46,1
331,1.089e-28,.1283297,-.0007972,.8848111,1013,.0680425,3.473637,15.83188,.0368975,-.2072701,-19.36539,19.36539,-.8868785,-2.175639,18,1
332,9.612e-21,.210816,.0003763,.9079758,2186,.2094382,2.752065,15.83398,.0340743,.053005,4.160092,-4.160087,.650595,-.7934642,31,1
334,0,.2625446,.0010979,.8966821,5718,.2756952,1.094526,5.458415,.0440543,.0272788,18.04412,-18.04412,.1230186,-.4707208,76,1
335,0,.3029874,.0010403,.9087211,3230,.1826711,.9251532,3.820662,.0373008,.0248324,23.74369,-23.74369,1.483645,.9329463,51,1
336,5.319e-45,.2023776,.0000952,.8944047,1060,.431783,1.06888,3.847414,.0376396,.0119829,-.7373839,.737389,.6277431,-.1836679,23,1
339,.15842672,.4854606,.000439,.8968103,10177,.100324,.9305247,4.491839,.0469442,.0027769,362.1701,-362.17,-1.039557,-1.635334,77,1
340,.05125909,.3432861,-.0005476,.9015386,8140,.3137668,.9737781,4.111736,.0391494,-.0090539,-325.3137,325.3137,-.7327446,-1.10168,48,1
341,3.632e-14,.0006495,.0000177,.9328403,1594,,1.702789,2.408108,.0212516,,.9411759,-.9411761,-.5587139,-2.966821,,1
342,.42133987,.1558124,-.0000992,.9167572,2121,.1896453,2.988005,12.31383,.0220416,-.0205505,9.164959,-9.164961,-3.198666,-2.520239,15,1
343,.02530014,.1162799,-.0001867,.9186697,2122,.1791645,.8551821,2.708696,.0225862,-.0461155,27.0685,-27.06851,-1.145476,-1.458564,13,1
344,.22786355,.2416665,.0003056,.9174009,2609,-.0783594,2.555931,14.57205,.0540641,.0372087,21.67314,-21.67314,-2.425489,-1.613485,54,1
345,1.763e-67,.2062053,-.0005723,.9269758,504,-.1702051,4.237729,15.42256,.0250682,-.0448865,-46.19987,46.19988,-3.322017,.0233998,12,1
346,.16483888,.4686119,.007428,.8982256,8123,.0683884,2.872146,17.04301,.0382018,.0550302,1099.961,-1099.961,.4306522,.5397877,93,1
347,.07568331,.1646646,-.0009868,.8803976,1067,-.3124428,1.205843,4.29085,.0213421,-.2084225,-32.60037,32.60037,-2.379186,-1.749968,21,1
350,1.124e-23,.1413905,.0034853,.9217005,2382,.2057112,.8803598,2.840325,.0273227,.3374934,83.38435,-83.38435,-.2069961,-.5401377,26,1
351,0,.1932213,-.0004924,.9092888,2808,.0428747,2.292585,16.20174,.0402192,-.0384557,-11.10452,11.10452,-.8405442,-.7733995,56,1
352,.22390751,.3085312,-.0022571,.8989593,5125,.0025258,.8256859,3.899733,.0246963,-.1028444,18.75812,-18.75813,-1.287132,-1.347817,62,1
354,1.3662904,.1783901,-.0007652,.8892305,263,-.3195319,5.968074,17.54791,.0336621,-.1545873,1.98728,-1.987281,-3.691673,-2.09337,21,1
355,0,.2427462,.001411,.8961576,4052,.1658852,1.280693,4.670492,.0325033,.0523823,247.285,-247.2851,.8815689,.876989,48,1
356,.00856813,.4739636,-.007762,.9012717,14931,.3016127,3.085275,18.62218,.040203,-.0501357,-3463.047,3463.047,.1357118,-.8087877,127,1
357,2.02e-167,.2591588,.0003303,.8931217,4980,.3218398,.973161,4.026343,.0348073,.0482024,-10.9628,10.96279,-.4997731,-1.063704,62,1
358,.79740836,.2467118,-.0039708,.9134681,3887,.2378767,1.091057,5.059868,.0358616,-.0779526,-99.35461,99.35459,-.5080112,-1.122784,55,1
359,1.1600627,.2130911,-.0024281,.8937906,984,.0184336,1.508439,5.23755,.0238192,-.1795812,-45.56905,45.56905,.3230769,.2551771,19,1
360,1.853e-18,.213444,.0037107,.8896334,2103,.0076098,3.537985,14.99472,.0275052,.1726003,203.1883,-203.1883,.8078144,.141374,31,1
362,.73906563,.1757286,.00042,.9016645,1098,.236987,3.280698,14.99216,.0273369,.1114016,22.70293,-22.70293,1.803743,.2090029,17,1
363,.03374691,.186246,.0016463,.908782,2591,.0151124,.8918166,3.97149,.0285657,.0796167,198.8376,-198.8376,.0292814,-.3867189,39,1
364,3.288e-18,.2819512,.0028264,.9148878,4761,.0610942,3.562836,16.9191,.0406393,.0479361,16.73891,-16.73888,-1.034039,-.9759185,75,1
365,0,.2387306,-.0002066,.9168872,4007,-.0938827,.8060057,2.671248,.0351648,-.0244758,24.07169,-24.07169,-.0586234,.1243312,30,1
366,0,.1896154,.0009348,.9120108,5723,.4230889,1.094154,4.3278,.0294878,.0563959,331.8252,-331.8252,-.3302447,-1.079307,41,1
367,.91661842,.168489,-.0011698,.8960324,1313,-.0822825,2.618093,15.1976,.036984,-.134792,-16.42795,16.42796,-1.797491,-1.022423,30,1
368,2.922e-24,.1376263,.0039264,.9185923,5704,.3949257,.8398591,3.520152,.0308982,.2759624,330.2306,-330.2306,-1.084887,-1.560366,18,1
369,.14703085,.1772707,.0015316,.8994087,1517,.3588043,.8875415,3.213607,.0222783,.3302312,18.65661,-18.65661,-.2015925,-.5815765,22,1
370,0,.0440707,.0008086,.8825408,1259,,.7988558,1.492349,.0724083,,0,2.86e-06,-.0863928,-.9585804,,1
371,.48194504,.1706654,-.0005309,.9006759,5055,-.3240457,1.031691,3.673751,.0365019,-.064593,168.8862,-168.8863,-1.898262,-1.434248,26,1
373,0,.5519861,-.0081826,.9070255,3726,.234535,3.601266,15.06355,.035792,-.0652782,-211.3725,211.3726,-.5990417,-.724244,28,1
374,7.953e-24,.1958108,-.0005377,.8574437,1369,.5085475,.9873543,3.442482,.0502158,-.0339873,-41.10386,41.10386,-.3651407,-1.683399,21,1
375,3.668e-34,.1635087,.0012032,.8874811,839,.6758908,1.489119,4.957473,.0589552,.1397172,17.964,-17.964,1.309308,-.1309066,15,1
376,.77739766,.2081066,.0005749,.8700421,1365,.3745976,1.401564,5.654813,.0364833,.0561877,-17.8245,17.8245,.0139193,-1.172507,18,1
377,0,.2013927,-.0060744,.9079941,6588,.200747,.782007,2.84461,.0613208,-.1146806,-819.0187,819.0186,-1.464402,-1.590366,31,1
380,.21209581,.58353,.0072782,.8997866,12421,.1849051,1.022473,5.155898,.0398749,.0419073,404.9586,-404.9584,-1.813653,-2.091263,73,1
382,4.232e-27,.1558865,-.0003882,.8848034,1140,-.06802,3.400732,14.358,.0381594,-.0426722,19.22375,-19.22375,-2.401499,-.5606477,16,1
383,.31949641,.1163681,.0017828,.8719387,2064,-.107878,.6582499,1.963356,.1211647,.1142318,40.42308,-40.42308,-.1559356,-.11088,16,1
385,.09150124,.2523733,.0013455,.9103124,4406,.2354838,.7831678,3.193773,.0408641,.059883,-40.45305,40.45306,.4732708,.2375249,43,1
386,.74426924,.201823,.0046184,.9053148,1102,-.0578503,3.077941,13.16902,.0291858,.2002498,113.5483,-113.5483,-1.622965,.0615571,16,1
388,.74143394,.2334032,-.0023248,.8813825,900,-.0801825,4.40502,15.35891,.0496798,-.0953974,-48.93641,48.9364,-1.1197,-.8876184,20,1
390,.64182908,.095112,.0010194,.9138735,1323,.6717557,.9997908,3.405164,.0267203,.4582412,32.33866,-32.33865,-.127046,-.3452019,,1
391,.1011052,.3241915,-.0041951,.8956578,14461,.230527,.7864821,3.626429,.0798614,-.0536424,-714.9313,714.9313,.7794508,.4662241,99,1
393,.40967461,.1771193,.0008886,.9030306,1423,.2947442,.7984367,2.329002,.0667814,.0914528,32.38048,-32.38049,.278124,.1959317,15,1
394,.277748,.3050067,-.0018591,.8972868,6326,.2013558,.7515125,3.983451,.0807874,-.0242509,-310.5906,310.5906,.2028773,-.0537977,63,1
396,.19975862,.1264991,.0014948,.9039134,702,.3912496,1.0243,2.880645,.0754056,.1232416,16.19199,-16.19199,-.2160293,-.5534548,,1
397,0,.3628674,-.0014855,.894244,10066,.0498635,.7403096,3.009858,.0390388,-.021041,194.4308,-194.4306,-.0726414,-.2699878,76,1
399,0,.1803543,-.0037641,.899203,1210,.2901227,.7366006,2.30792,.0367877,-.2001028,-108.1474,108.1474,-.3312664,-.3366249,15,1
400,.09981643,.1416246,.0015024,.898345,1869,.4275454,6.459702,16.35329,.0614393,.1405973,31.82074,-31.82074,-2.483085,-5.570347,18,1
402,.19693448,.1812527,-.0055349,.8939311,867,.3988083,.8083498,2.686081,.075692,-.5607942,-37.7079,37.7079,.2828768,-.2890856,,1
406,0,.111241,.001092,.9179607,570,.3734124,1.275213,3.093443,.032164,.1433846,-32.60658,32.60658,-.1937375,-1.183693,,1
411,.76312196,.1576186,-.0001326,.8991789,566,-.4305038,5.657231,14.94474,.0299392,-.0162454,-22.18638,22.18639,-5.005849,-.868084,,1
413,0,.2604423,-.0000503,.9035031,855,.0051803,.7625766,3.082185,.0289173,-.0033164,50.8065,-50.8065,-.1574312,.2515992,21,1
416,.68590803,.2510165,-.0050243,.9014078,3239,.0282609,2.559968,17.69691,.0707917,-.1084013,-107.1149,107.1149,-.2344271,-1.01505,43,1
417,3.727e-72,.1834387,-.0076505,.8746697,688,-.0534764,6.573997,17.77931,.0385292,-.3023764,-74.57281,74.57281,-5.42204,-1.762847,18,1
418,2.683e-18,.1964303,.0050764,.8971841,895,.4306324,2.807291,15.98661,.0435355,.1204305,98.94576,-98.94576,-.8111776,-.1496802,28,1
420,2.195e-15,.1109298,-.0022733,.9032915,987,-.0895918,4.352751,15.96939,.0411327,-.2617295,-32.71349,32.71348,-2.122365,.5865181,21,1
421,.00151615,.2189117,-.0008567,.9068071,1530,-.1235214,1.094597,4.625027,.0213685,-.1503863,-103.2104,103.2104,.716122,.6269197,17,1
422,2.588e-19,.2024408,.000358,.8985133,1595,.4692411,.7335203,2.118727,.0331655,.0532864,52.34,-52.34,-.2455313,-.7157416,15,1
424,.02054787,.1600256,.0005527,.9240567,1733,.4664694,1.438673,5.580128,.0477646,.0862662,-11.89551,11.89551,-.0184178,-.8783106,19,1
426,.10272009,.2996944,-.0023583,.9026588,8032,-.0799669,3.777603,18.49736,.0306119,-.0678054,-484.4618,484.4619,-1.411637,-1.452805,56,1
427,.22999235,.1676077,-.0007872,.9051857,3475,.378769,1.093666,4.212013,.0246724,-.1594675,-47.27098,47.27097,.2489254,-.6118929,35,1
429,.1643861,.3232192,-.0051165,.9043642,4762,-.0613131,.7758512,2.524305,.0345805,-.1365488,-778.7454,778.7455,.1855179,.2430355,20,1
430,1.64e-122,.7438569,-.0018341,.9120346,7769,-.0340026,.9248812,3.78798,.0301392,-.0136454,401.2915,-401.2915,-.6898787,-.6270335,29,1
431,0,.7184477,.0115573,.9090975,9742,-.0739237,4.099637,16.71585,.0240001,.0754806,577.1297,-577.1299,-1.923734,-1.886767,53,1
432,.04389205,.3915716,.0001654,.9116088,4255,.282555,1.198521,4.174387,.0511164,.0014951,-178.9633,178.9633,-.1176889,-.6815911,33,1
437,6.129e-26,.2794942,-.0018249,.9130494,1524,.1776449,.7649478,2.776346,.0272367,-.1417366,-94.52719,94.52718,-.235474,-.2899332,20,1
438,5.205e-36,.0959134,-.0013615,.9076693,1608,.5092413,1.112243,3.285829,.0439474,-.4508438,-11.86019,11.86019,1.283575,.2563567,16,1
439,.01823489,.3223726,.0007695,.9133321,8892,.729976,3.005522,17.22863,.037876,.0242975,192.2713,-192.2713,-1.23162,-2.201784,30,1
440,.02382309,.2554998,-.0022215,.9134471,6511,.0623474,1.018121,4.024858,.0379581,-.0696383,-636.3948,636.3948,.4510272,.2271342,43,1
441,2.716e-20,.2737037,-.0045641,.9112171,2641,.1087895,.8774899,3.053788,.0480164,-.1233421,-387.721,387.721,-1.447536,-1.467548,14,1
442,.58548113,.0236778,-.0001184,.9051237,874,-.4536169,4.508843,16.76082,.0172627,-.256896,-2.491808,2.49181,-1.296555,1.210193,12,1
443,.24330804,.1675642,-.0006104,.8981498,2965,.3688184,.9099307,3.546332,.0443037,-.08127,-38.68365,38.68366,-.3228905,-.7375349,35,1
445,2.086e-18,.1502927,.0003974,.9066572,1319,.1136684,3.207669,15.47066,.0261678,.0707406,8.877105,-8.877107,.6961785,-.471529,19,1
446,3.768e-25,.314327,.0002242,.9130889,555,.2347643,.6423374,2.036024,.029712,.0476597,-4.337148,4.337147,-.6487546,-.977805,19,1
447,.12072132,.2392746,-.0010184,.9073813,1642,.2715249,8.31834,41.27197,.0242352,-.222533,9.743224,-9.74323,3.354083,-1.270806,20,1
448,1.1076119,.3664239,-.0046556,.9109692,1160,-.0215708,4.195156,15.57208,.0220996,-.1328651,-317.4081,317.4081,-3.101619,-.6383114,21,1
449,0,.2678186,.0008506,.9074009,4330,.2360688,1.971078,15.43733,.029678,.0718288,136.8294,-136.8294,-2.329065,-1.692349,58,1
450,8.920e-14,.2361674,.0002681,.9117943,1193,.1678283,.8783634,3.099695,.0191402,.0665317,-6.453655,6.453655,.6485585,.1478025,26,1
451,0,.4240077,-.001784,.8950465,13904,.0597245,.7555959,4.215451,.0349218,-.0264909,921.7528,-921.7528,-1.315181,-1.349397,81,1
452,.50262848,.2744347,.0004455,.9154769,659,.2549568,.7562666,2.844991,.0313684,.0431061,-5.619209,5.619207,.9747443,.4401077,28,1
456,1.625e-25,.1156228,-.0007388,.9088273,696,-.4828392,.6458583,1.520852,.0105795,-.5485748,-15.67946,15.67945,-.3237448,.1952501,,1
