hrr,coef_m,pij_diff_cf,health_cf,health_base,n_cases,corr_fe_qual,fe_sd,fe_range,qual_sd,corr_realloc_qual,realloc_to_highq,realloc_to_lowq,fe_mean_highqual,fe_mean_lowqual,n_specs,alpha_used,eta
1,23.331025,.4386612,.015133,.8789104,7066,,0,0,.0670815,.173959,1426.461,-1426.461,0,0,69,23.33102,1
2,34.296618,.3230978,.0123856,.8841733,1914,,0,0,.0299713,.6491431,236.9595,-236.9595,0,0,16,34.29662,1
5,47.627129,.6068895,.0247063,.8967402,2905,,0,0,.0428577,.1901073,76.10932,-76.10937,0,0,34,47.62713,1
6,29.011989,.5375743,.0113121,.8917866,3409,,0,0,.0532759,.1215582,22.38522,-22.38516,0,0,23,29.01199,1
7,23.748235,.3412881,.0059738,.8960252,1505,,0,0,.0430613,.1012027,-5.697053,5.697047,0,0,25,23.74824,1
9,70.522674,.5333473,.0109574,.9078974,127,,0,0,.0430338,.172009,21.25977,-21.25977,0,0,17,70.52267,1
11,13.993111,.554092,.0050856,.905207,3533,,0,0,.0426222,.056237,29.63197,-29.63195,0,0,31,13.99311,1
12,25.048017,.4663111,.0114607,.9131726,9836,,0,0,.0414622,.1375156,892.2676,-892.2678,0,0,65,25.04802,1
14,21.555316,.5772725,.0243222,.902174,3008,,0,0,.0457579,.2384816,970.5084,-970.5084,0,0,29,21.55532,1
15,71.855302,.4162716,.0018616,.9124214,2900,,0,0,.011122,.1646177,24.85448,-24.85446,0,0,12,71.8553,1
16,30.355182,.2999834,.0109137,.9012736,1729,,0,0,.0352489,.4659199,174.3763,-174.3763,0,0,25,30.35518,1
18,23.734374,.2089408,-.0008879,.8966047,1225,,0,0,.0539374,-.0255712,-19.09752,19.09752,0,0,14,23.73438,1
19,34.405281,.5709924,.0350966,.8932981,8553,,0,0,.0377714,.3057865,2563.724,-2563.724,0,0,45,34.40528,1
21,51.578314,.3907188,.0145419,.9133189,1512,,0,0,.0300452,.3898575,427.5748,-427.5748,0,0,21,51.57832,1
22,29.437275,.2480023,.007021,.8839856,824,,0,0,.034199,.4949434,24.38917,-24.38916,0,0,13,29.43727,1
23,47.0669,.6136181,.0297162,.9287221,4599,,0,0,.0398934,.2413481,689.8533,-689.8534,0,0,75,47.0669,1
25,16.99607,.4996726,.0045618,.9075568,2079,,0,0,.0554049,.0459749,-246.7084,246.7083,0,0,37,16.99607,1
31,10.214973,.4725075,.0097906,.8996488,1811,,0,0,.0958042,.061071,29.95453,-29.95454,0,0,24,10.21497,1
33,31.23332,.6463421,.0236366,.92044,2628,,0,0,.0429536,.1735168,237.9267,-237.9267,0,0,47,31.23332,1
43,13.901361,.4661997,.0295241,.8806783,2405,,0,0,.0705186,.3402879,722.4865,-722.4865,0,0,20,13.90136,1
56,53.419937,.8071288,.0626936,.9039394,10867,,0,0,.0423304,.3362603,3839.26,-3839.26,0,0,117,53.41994,1
58,33.049374,.5399053,.0172057,.9061145,2658,,0,0,.0398901,.2381409,645.9038,-645.9038,0,0,54,33.04937,1
62,21.886,.3978906,.0056087,.9097724,540,,0,0,.0369925,.1526175,54.7131,-54.7131,0,0,40,21.886,1
65,18.146812,.5610472,.0180797,.9158301,1782,,0,0,.0410201,.2866108,217.4558,-217.4558,0,0,48,18.14681,1
69,21.641388,.2851872,.0004788,.9170157,1610,,0,0,.0627493,.0057983,-11.29555,11.29556,0,0,18,21.64139,1
73,31.217553,.4768358,.027515,.91439,1847,,0,0,.035222,.5492082,460.8116,-460.8116,0,0,13,31.21755,1
77,24.151419,.5154898,.0147829,.9142958,7613,,0,0,.0446365,.1845209,1961.887,-1961.887,0,0,79,24.15142,1
78,31.348889,.3792395,.006017,.9231288,1611,,0,0,.046526,.1240494,33.59988,-33.5999,0,0,21,31.34889,1
79,27.646366,.601619,.0297442,.8941879,1551,,0,0,.0350476,.4026968,678.3467,-678.3467,0,0,77,27.64637,1
80,57.221406,.4516617,.0079364,.921075,5573,,0,0,.0254864,.360669,1017.93,-1017.93,0,0,60,57.22141,1
81,52.012691,.7862358,.056059,.9147529,2470,,0,0,.0438899,.2281948,771.1335,-771.1336,0,0,56,52.01269,1
82,32.144454,.5665479,.0268301,.9165264,2244,,0,0,.0454825,.2937536,444.0032,-444.0032,0,0,50,32.14445,1
83,47.612259,.3570348,.0079115,.9304925,1510,,0,0,.0247816,.2389589,152.4384,-152.4384,0,0,16,47.61226,1
85,20.86158,.5852565,.0218215,.9177596,1749,,0,0,.040716,.2071109,145.2997,-145.2996,0,0,37,20.86158,1
86,62.171672,.4920078,.0102696,.9321857,2650,,0,0,.0249032,.2660347,717.8596,-717.8596,0,0,23,62.17167,1
87,9.5855142,.5651934,.0041687,.9237152,1222,,0,0,.0440577,.0470713,-167.3651,167.3651,0,0,35,9.585514,1
89,50.960487,.4758946,.0152824,.9241668,1819,,0,0,.0310958,.2928369,654.8046,-654.8046,0,0,39,50.96049,1
91,15.220828,.5957854,.0092573,.908947,1438,,0,0,.0404147,.1093663,512.6036,-512.6035,0,0,52,15.22083,1
96,19.729411,.4455015,.0047406,.9207187,2886,,0,0,.0391103,.0589536,43.97458,-43.97453,0,0,63,19.72941,1
101,50.81886,.3684865,.0073574,.917513,944,,0,0,.0224595,.2960685,209.0279,-209.0279,0,0,20,50.81886,1
102,33.268715,.5019802,.016967,.9109736,3357,,0,0,.0283326,.322142,636.0311,-636.031,0,0,27,33.26871,1
104,26.74109,.5710266,.0048057,.9142335,1947,,0,0,.0255198,.0720756,-370.5169,370.5169,0,0,19,26.74109,1
105,39.691539,.2781332,.0081278,.9318404,1460,,0,0,.0382778,.3159544,50.25901,-50.259,0,0,15,39.69154,1
106,38.705533,.7167731,.0221485,.9032273,1638,,0,0,.0237149,.3426608,959.7902,-959.7902,0,0,22,38.70553,1
107,18.887927,.2473785,.0066422,.8980451,1073,,0,0,.0224627,.5543013,129.2932,-129.2932,0,0,,18.88793,1
109,31.852978,.5631462,.0149329,.9098209,2546,,0,0,.0364148,.2029933,585.9644,-585.9644,0,0,75,31.85298,1
110,54.010395,.8456436,.054347,.8975994,5688,,0,0,.0402162,.1786196,2130.711,-2130.711,0,0,80,54.0104,1
111,57.164446,.6281598,.0303202,.8974799,7660,,0,0,.0395282,.1962845,2557.142,-2557.142,0,0,106,57.16444,1
112,24.064728,.4689983,.0024675,.9111323,6775,,0,0,.043428,.0231391,-133.1478,133.1479,0,0,58,24.06473,1
113,32.198611,.567454,.0147781,.9091252,10840,,0,0,.036687,.1868716,-62.00937,62.0094,0,0,93,32.19861,1
115,21.510972,.62609,.0046327,.9048863,2441,,0,0,.0422442,.0405096,851.5451,-851.545,0,0,23,21.51097,1
116,20.327432,.7128841,.0144578,.8969115,2710,,0,0,.049873,.0819386,202.562,-202.5621,0,0,40,20.32743,1
118,31.870538,.5012251,.0170498,.8995376,11205,,0,0,.0502403,.222974,1651.135,-1651.135,0,0,45,31.87054,1
119,43.065327,.8026302,.0378485,.904561,13437,,0,0,.0522673,.1785065,6613.633,-6613.633,0,0,49,43.06533,1
120,21.52666,.4559987,.0202919,.8860324,2441,,0,0,.0468252,.3050774,511.1445,-511.1445,0,0,31,21.52666,1
122,38.420689,.5229973,.0244914,.8863844,2465,,0,0,.0429117,.3365536,945.4223,-945.4224,0,0,40,38.42069,1
123,25.796647,.515401,.015803,.8925769,9094,,0,0,.0473088,.1172143,3216.199,-3216.199,0,0,35,25.79665,1
124,25.439275,.6625863,.0256547,.874292,1455,,0,0,.0428068,.158938,763.5132,-763.5132,0,0,35,25.43928,1
127,34.192276,.4926289,.0154582,.9076189,1120,,0,0,.0466686,.1888667,129.6658,-129.6657,0,0,30,34.19228,1
129,37.046536,.5846233,.0208011,.9068294,4896,,0,0,.0416858,.149711,761.5953,-761.5954,0,0,55,37.04654,1
130,39.210847,.4987541,.0194024,.8952704,15277,,0,0,.0399368,.3117655,3047.078,-3047.078,0,0,118,39.21085,1
131,37.962299,.3361,.0073433,.9129099,2855,,0,0,.0364978,.2179944,87.33511,-87.33508,0,0,32,37.9623,1
133,45.580482,.3650548,.0180053,.8835871,1172,,0,0,.0329408,.6242108,376.1379,-376.1379,0,0,,45.58048,1
134,33.679013,.522533,.0222813,.8969574,3829,,0,0,.0459868,.242759,1014.434,-1014.434,0,0,31,33.67901,1
137,125.25473,0,-.9164704,.9164704,6920,,0,0,.0194175,-.295712,-5769.708,-1150.292,0,0,40,125.2547,1
139,12.197086,.5266,.0086736,.8973602,1522,,0,0,.0514071,.0679824,607.6356,-607.6356,0,0,30,12.19709,1
140,45.610259,.4663418,.0283359,.8978505,1553,,0,0,.0473387,.4189439,135.6535,-135.6534,0,0,14,45.61026,1
141,33.685176,.6535564,.0209665,.892563,2784,,0,0,.0452234,.1350064,52.36498,-52.36494,0,0,52,33.68518,1
142,8.9296838,.396918,-.0005881,.8848572,288,,0,0,.0330724,-.0228006,19.41557,-19.41557,0,0,13,8.929684,1
144,35.907505,.5547117,.0174601,.9068987,17007,,0,0,.0416171,.2167533,1788.936,-1788.936,0,0,78,35.90751,1
145,47.008801,.3527899,.0214961,.8872365,2871,,0,0,.0340264,.5346593,284.4426,-284.4426,0,0,23,47.0088,1
146,53.268123,.1651424,.0037817,.9020386,1524,,0,0,.0297128,.2848429,219.8893,-219.8893,0,0,,53.26812,1
147,33.871393,.3341521,.0084193,.903442,1822,,0,0,.0354847,.1776454,92.98412,-92.98409,0,0,35,33.8714,1
148,35.347546,.4813483,.0149652,.8783727,1433,,0,0,.0431839,.2228804,497.55,-497.55,0,0,29,35.34755,1
149,23.115684,.3697115,.0006827,.9188424,3670,,0,0,.0342945,.0162534,580.485,-580.4849,0,0,22,23.11568,1
150,10.04676,.3241871,.0058368,.9306531,766,,0,0,.0241018,.4369934,74.31966,-74.31966,0,0,,10.04676,1
154,38.725011,.5067329,.0188539,.9170095,1323,,0,0,.0390932,.3607041,468.7523,-468.7523,0,0,26,38.72501,1
155,17.6037,.5341227,.0179009,.8813684,4834,,0,0,.0414708,.2638044,1209.164,-1209.164,0,0,68,17.6037,1
156,26.842615,.5939672,.0110574,.8917096,3599,,0,0,.040932,.1423518,605.6594,-605.6594,0,0,79,26.84262,1
158,45.838645,.5092785,.0129614,.9065181,3872,,0,0,.0340804,.2709712,537.4545,-537.4545,0,0,52,45.83865,1
161,26.115474,.5210401,-.0003633,.9082726,7401,,0,0,.0315617,-.0055986,-152.2009,152.2008,0,0,49,26.11547,1
163,16.460511,.5994384,.0054056,.9045948,2657,,0,0,.0355086,.0602894,-439.9809,439.9809,0,0,44,16.46051,1
164,20.177622,.6412895,.0156498,.8896322,3315,,0,0,.0415445,.1581593,705.6316,-705.6316,0,0,64,20.17762,1
166,35.896371,.5850046,.020954,.9043322,6121,,0,0,.0390576,.2390581,624.1217,-624.1218,0,0,69,35.89637,1
170,41.964637,.544776,.0202671,.9057756,4417,,0,0,.037779,.2161529,375.7088,-375.7088,0,0,43,41.96464,1
171,46.653626,.6388846,.0268207,.902803,4993,,0,0,.0298294,.317489,2159.106,-2159.106,0,0,64,46.65363,1
172,41.375247,.6207203,.0378563,.8908123,2801,,0,0,.0357876,.3204927,1136.255,-1136.255,0,0,55,41.37525,1
173,19.130335,.5332259,.0126789,.8902119,1398,,0,0,.032418,.3130393,434.3719,-434.3719,0,0,29,19.13033,1
175,36.779486,.7733708,.0423475,.9078452,1220,,0,0,.03589,.3421032,165.9275,-165.9275,0,0,15,36.77949,1
179,41.43216,.5546664,.0144451,.9085758,4474,,0,0,.0282701,.161307,227.9602,-227.9601,0,0,35,41.43216,1
180,28.367012,.5081386,.0118273,.8890042,3706,,0,0,.0419177,.1105816,1148.803,-1148.803,0,0,43,28.36701,1
181,27.317423,.5457161,.0133484,.898279,2511,,0,0,.0403133,.1345791,147.7169,-147.7169,0,0,53,27.31742,1
183,17.764986,.566478,.0141296,.9051214,13097,,0,0,.0609001,.1211591,3678.729,-3678.729,0,0,80,17.76499,1
184,22.234048,.3931996,.0091945,.8997853,1307,,0,0,.0312412,.23098,420.8141,-420.8141,0,0,22,22.23405,1
185,45.270713,.5494555,.0192934,.8919622,1006,,0,0,.0326706,.2906462,509.0151,-509.0151,0,0,16,45.27071,1
186,15.393801,.4531882,.0063527,.893188,1564,,0,0,.0360704,.1421093,62.22919,-62.22918,0,0,45,15.3938,1
187,62.072254,.5627015,.0157342,.9158672,3999,,0,0,.0379935,.1756857,567.8829,-567.8829,0,0,36,62.07225,1
188,7.2983524,.4357212,-.0050154,.8954854,1017,,0,0,.0975672,-.0433855,-239.3662,239.3662,0,0,25,7.298352,1
190,69.059416,.5785606,.0198123,.898156,2189,,0,0,.0236608,.3567634,1203.195,-1203.195,0,0,12,69.05942,1
191,45.726151,.3064031,.0094052,.9035783,4565,,0,0,.0306773,.4016345,626.218,-626.2181,0,0,25,45.72615,1
192,30.181676,.3781679,.0033607,.9101219,6403,,0,0,.0396487,.0804071,172.4463,-172.4463,0,0,34,30.18167,1
193,53.513358,.6106084,.0297859,.9053754,860,,0,0,.0241185,.5933755,430.98,-430.98,0,0,17,53.51336,1
194,47.568337,.4750527,.0180117,.9098042,2055,,0,0,.0387726,.351829,264.7354,-264.7354,0,0,18,47.56834,1
195,57.49255,.2610166,.0054581,.9051055,939,,0,0,.0223866,.2867491,-11.96518,11.96516,0,0,,57.49255,1
196,63.201857,.2754858,.0049224,.9056374,1618,,0,0,.0216751,.2484148,366.8245,-366.8245,0,0,13,63.20186,1
197,71.148332,.6508631,.0261326,.8885793,1338,,0,0,.0187084,.6903971,737.6904,-737.6904,0,0,,71.14833,1
200,27.914509,.3651816,.0100935,.9095354,3688,,0,0,.044205,.1700091,194.5702,-194.5702,0,0,30,27.91451,1
201,24.772228,.3298648,.0040578,.9133859,7631,,0,0,.0344957,.1294217,439.8214,-439.8214,0,0,39,24.77223,1
203,31.743936,.5114167,.0076611,.8987314,2166,,0,0,.0256718,.1450769,-150.5703,150.5703,0,0,17,31.74394,1
204,31.848982,.4310212,.0219458,.8866457,2605,,0,0,.0538617,.2813482,787.1031,-787.1031,0,0,49,31.84898,1
205,52.283046,.5441,.0146001,.8992753,10402,,0,0,.0429459,.1106055,3251.454,-3251.454,0,0,48,52.28305,1
207,64.896655,.5837501,.0143764,.8935699,301,,0,0,.0186315,.3622997,156.4435,-156.4435,0,0,15,64.89665,1
208,14.379326,.6404458,.0113969,.8793383,2353,,0,0,.0475782,.0911076,781.4301,-781.4301,0,0,27,14.37933,1
209,21.526768,.1711521,.0028073,.8962326,1062,,0,0,.0421088,.2510551,46.08192,-46.08192,0,0,18,21.52677,1
210,32.323849,.5980636,.0273577,.8968202,1757,,0,0,.0416527,.2243012,767.0523,-767.0523,0,0,27,32.32385,1
212,27.173235,.4606927,.0220882,.8897229,985,,0,0,.0424853,.367956,310.121,-310.121,0,0,26,27.17323,1
213,46.963669,.6100811,.028076,.9124543,3001,,0,0,.0364233,.3055022,632.4021,-632.4021,0,0,25,46.96367,1
214,36.547728,.2695506,.0072743,.9135734,1455,,0,0,.0509338,.1739059,109.0293,-109.0292,0,0,,36.54773,1
217,6.911694,.2755058,.0065476,.8955635,607,,0,0,.0337814,.2809349,133.8778,-133.8778,0,0,,6.911694,1
218,45.606838,.437389,.0138453,.9111521,263,,0,0,.0405132,.286353,21.02738,-21.02738,0,0,16,45.60684,1
219,43.621761,.3854068,.0181949,.8848945,2544,,0,0,.0503887,.2401311,643.7294,-643.7294,0,0,29,43.62176,1
220,32.560431,.4739514,.018749,.8968787,286,,0,0,.037082,.3748708,105.6726,-105.6726,0,0,19,32.56043,1
222,54.288087,.5825197,.0260377,.9023496,4284,,0,0,.0269661,.5813665,1579.002,-1579.002,0,0,46,54.28809,1
223,52.234253,.8559132,.0449476,.9040171,15565,,0,0,.0344152,.2469468,4522.658,-4522.657,0,0,80,52.23425,1
225,38.907816,.4568962,.0191487,.8984506,4517,,0,0,.0391744,.3624555,994.931,-994.931,0,0,35,38.90781,1
226,25.260402,.512512,.015345,.9028443,2663,,0,0,.0415476,.1761251,111.6563,-111.6563,0,0,60,25.2604,1
227,44.469366,.6649271,.0403969,.9038106,21688,,0,0,.0439747,.3994378,7550.277,-7550.277,0,0,99,44.46937,1
230,52.848618,.5298251,.020059,.9131854,3286,,0,0,.0409282,.2597828,912.5413,-912.5413,0,0,63,52.84862,1
231,33.449202,.551326,.016466,.9096581,1086,,0,0,.036276,.21857,245.3837,-245.3837,0,0,61,33.4492,1
232,38.961384,.5933223,.0191212,.8934634,6105,,0,0,.0383313,.2734974,1244.755,-1244.755,0,0,90,38.96138,1
233,29.454628,.4510608,.0159462,.891972,2518,,0,0,.038127,.2667426,255.0351,-255.0351,0,0,58,29.45463,1
234,26.913331,.546858,.0272828,.8808282,6123,,0,0,.0445023,.3630978,2233.073,-2233.073,0,0,72,26.91333,1
235,27.477375,.6424738,.0210853,.8871226,2963,,0,0,.0362718,.1785477,1111.434,-1111.434,0,0,72,27.47738,1
236,46.260019,.7118817,.0482011,.9025788,2560,,0,0,.0367388,.4538056,1289.922,-1289.922,0,0,51,46.26002,1
238,42.24308,.5657039,.0323075,.9014219,2768,,0,0,.0433619,.3678673,743.5921,-743.5921,0,0,69,42.24308,1
239,53.175929,.5338951,.0299082,.8979802,3664,,0,0,.0343894,.4059971,843.371,-843.371,0,0,63,53.17593,1
240,62.124297,.3921923,.0177854,.856833,528,,0,0,.0420448,.3459373,192.2751,-192.2751,0,0,,62.1243,1
242,36.366263,.4915072,.0330848,.9201277,1196,,0,0,.0339612,.6827451,398.0016,-398.0016,0,0,18,36.36626,1
243,26.567301,.3543106,.0066805,.8927534,802,,0,0,.0411375,.150474,-4.599983,4.599994,0,0,,26.5673,1
244,41.937965,.5772944,.0289814,.9009718,2519,,0,0,.0425287,.3502189,632.1945,-632.1945,0,0,65,41.93797,1
245,28.202146,.6306281,.0220955,.8929503,3393,,0,0,.0417002,.2099909,597.0699,-597.0699,0,0,64,28.20215,1
246,47.344189,.6027719,.0359857,.8843719,3334,,0,0,.0346561,.428041,1583.09,-1583.09,0,0,59,47.34419,1
248,28.450954,.5292413,.0153731,.9217506,804,,0,0,.040495,.1893341,66.77673,-66.77671,0,0,27,28.45095,1
249,55.879079,.3497279,.0129239,.9187512,1561,,0,0,.0383921,.2893129,77.56583,-77.56582,0,0,18,55.87908,1
250,23.761948,.3062112,.0027552,.9002451,1224,,0,0,.0239976,.1557135,81.18725,-81.18725,0,0,,23.76195,1
251,31.412092,.4850501,.0177235,.8973791,5801,,0,0,.0364479,.3066697,1278.64,-1278.64,0,0,52,31.41209,1
253,57.177318,.5061364,.0092947,.9011847,793,,0,0,.0223927,.4171645,161.2678,-161.2678,0,0,21,57.17732,1
254,43.498864,.3379793,.0087703,.9069703,352,,0,0,.0251051,.6315999,74.23796,-74.23796,0,0,13,43.49886,1
256,38.909817,.5495297,.0121254,.9037386,1892,,0,0,.0313318,.2149985,-114.9513,114.9513,0,0,18,38.90982,1
257,12.362604,.3529513,.0027517,.8966038,835,,0,0,.0388891,.0664611,122.5822,-122.5822,0,0,16,12.3626,1
258,14.666971,.4785793,.0028445,.8852914,1329,,0,0,.0339178,.0477902,-136.8255,136.8255,0,0,17,14.66697,1
259,16.69967,.3352096,.0016507,.897958,2437,,0,0,.0503174,.0246153,-67.70026,67.70027,0,0,32,16.69967,1
260,36.786498,.3256561,.0078067,.9095209,412,,0,0,.0355145,.2296172,43.17586,-43.17586,0,0,,36.7865,1
261,24.737867,.3604278,.0042936,.8941808,576,,0,0,.0366999,.1104594,111.8012,-111.8012,0,0,17,24.73787,1
262,25.172526,.4197989,.0056914,.9023415,1752,,0,0,.0440787,.0914792,63.9524,-63.9524,0,0,22,25.17253,1
263,35.030596,.1657925,.0057678,.9047073,732,,0,0,.0550837,.175295,81.75742,-81.75742,0,0,16,35.0306,1
264,27.185005,.3592133,.0122638,.8767627,2777,,0,0,.030988,.3891064,407.0771,-407.0771,0,0,31,27.18501,1
267,26.266053,.4975204,.0154648,.8924175,2500,,0,0,.037969,.1660523,959.7657,-959.7657,0,0,27,26.26605,1
268,36.490552,.586091,.0321735,.8972219,12506,,0,0,.0471635,.4218447,3565.144,-3565.144,0,0,46,36.49055,1
270,32.117965,.4855604,.0077439,.9062285,3274,,0,0,.0473316,.0875927,22.92967,-22.92963,0,0,26,32.11797,1
273,24.05762,.5131983,.0175305,.8927622,12981,,0,0,.0549424,.2149149,3443.266,-3443.266,0,0,75,24.05762,1
276,25.278374,.2289902,.0047404,.9081274,1935,,0,0,.038958,.2334301,-90.02704,90.02704,0,0,14,25.27837,1
277,22.941468,.4674989,.0195139,.9165332,5016,,0,0,.0339725,.3103468,-75.37293,75.37287,0,0,30,22.94147,1
278,19.324985,.4234402,.0076101,.9151456,9540,,0,0,.0386792,.2233591,925.9664,-925.9664,0,0,39,19.32499,1
279,57.887168,.5207123,.0154212,.8951284,3345,,0,0,.0278518,.3680423,973.6932,-973.6932,0,0,15,57.88717,1
281,34.882803,.5015916,.0197338,.9229154,880,,0,0,.0381433,.272241,246.3207,-246.3207,0,0,29,34.8828,1
282,22.372591,.5595818,.0112006,.9093176,4403,,0,0,.0474252,.116776,556.9765,-556.9765,0,0,62,22.37259,1
283,23.879489,.53791,.0115317,.9013048,18800,,0,0,.0414626,.1222209,1688.105,-1688.105,0,0,175,23.87949,1
284,20.984633,.5389535,.0129877,.9041471,3556,,0,0,.0395907,.1660045,460.4057,-460.4057,0,0,124,20.98463,1
285,33.071769,.5513427,.0151944,.9086083,3196,,0,0,.0329589,.1800372,159.888,-159.888,0,0,146,33.07177,1
288,41.377426,.6100596,.0300571,.9047139,3102,,0,0,.0337251,.1939284,867.7077,-867.7076,0,0,120,41.37743,1
289,26.021313,.5594265,.0237995,.9023255,1533,,0,0,.037068,.307101,429.7031,-429.7031,0,0,118,26.02131,1
291,16.276532,.488262,.0160165,.8955194,1237,,0,0,.0383741,.2381509,300.1599,-300.1599,0,0,92,16.27653,1
292,40.031038,.5086775,.0135434,.9092716,1916,,0,0,.0314193,.2455258,368.5775,-368.5775,0,0,99,40.03104,1
295,51.012968,.5081457,.0143913,.906497,7705,,0,0,.0307958,.2020363,2299.969,-2299.969,0,0,100,51.01297,1
296,43.066952,.3999305,.0159791,.9034635,1585,,0,0,.0286342,.6178431,441.9571,-441.9571,0,0,26,43.06695,1
297,8.543612,.4363537,.0059449,.9094938,539,,0,0,.0335476,.112748,83.48157,-83.48157,0,0,64,8.543612,1
299,34.529654,.5346778,.0324604,.9117015,2355,,0,0,.0514484,.2718499,880.7947,-880.7946,0,0,33,34.52966,1
300,42.623943,.3944344,.0134148,.9048402,1506,,0,0,.0308251,.4423597,363.1147,-363.1147,0,0,20,42.62394,1
301,23.215773,.5045434,.0144952,.908657,14849,,0,0,.0369528,.2394676,3524.499,-3524.499,0,0,133,23.21577,1
303,55.425052,.6480113,.035681,.9112645,4674,,0,0,.0389415,.3214191,1647.359,-1647.359,0,0,153,55.42505,1
304,48.077406,.4977364,.0197856,.899503,1325,,0,0,.0304658,.5179217,511.4836,-511.4836,0,0,32,48.07741,1
307,44.324173,.298756,.0065736,.9171701,4244,,0,0,.0403313,.122347,64.17826,-64.17829,0,0,27,44.32417,1
308,38.857326,.5581312,.0186824,.9070178,4344,,0,0,.0315288,.3151336,1530.602,-1530.602,0,0,109,38.85733,1
309,48.12066,.5147172,.0167763,.9098125,3501,,0,0,.0322839,.2635272,532.9732,-532.9732,0,0,33,48.12066,1
311,51.790714,.5204361,.0080347,.9064652,10127,,0,0,.0338832,.0718582,693.6362,-693.6361,0,0,47,51.79071,1
313,112.4411,0,-.8990505,.8990505,1621,,0,0,.0136307,.2146816,-441.3427,-1179.657,0,0,18,112.4411,1
314,26.475507,.466453,.0103324,.9010945,4791,,0,0,.0332009,.2182461,927.3173,-927.3173,0,0,40,26.47551,1
315,48.345137,.695441,.004228,.9003487,710,,0,0,.0254058,.0659771,-95.31663,95.3166,0,0,14,48.34514,1
318,38.236646,.6160914,.0357382,.8969942,4539,,0,0,.0405248,.4577396,1041.162,-1041.162,0,0,40,38.23664,1
319,42.779372,.5932533,.0193597,.8978171,2556,,0,0,.0340541,.2457907,1360.464,-1360.464,0,0,19,42.77937,1
320,45.140838,.651239,.0186187,.9106417,2495,,0,0,.0367503,.2080697,471.6747,-471.6747,0,0,38,45.14084,1
322,27.009703,.3841987,.0102135,.9041516,1706,,0,0,.0555946,.1414573,429.3646,-429.3645,0,0,19,27.0097,1
323,22.662163,.1530549,.0103614,.8999105,492,,0,0,.0611854,.4982331,56.29878,-56.29878,0,0,,22.66216,1
326,54.267025,.450275,.0147979,.8972664,2429,,0,0,.0359125,.2473275,482.9201,-482.9201,0,0,34,54.26702,1
327,34.024207,.5027101,.0123019,.894462,8160,,0,0,.0334462,.2049204,2334.058,-2334.058,0,0,43,34.02421,1
328,21.15692,.5255233,.0102767,.89529,6832,,0,0,.0396887,.181455,139.6091,-139.6091,0,0,55,21.15692,1
329,36.501232,.5316215,.0196021,.8996554,11078,,0,0,.0443652,.2009813,2100.398,-2100.398,0,0,90,36.50123,1
330,34.175538,.4468614,.0170692,.9018956,5200,,0,0,.0379971,.3620356,1217.707,-1217.707,0,0,46,34.17554,1
331,24.906076,.6471115,.0297346,.8848111,1013,,0,0,.0368975,.352696,321.3622,-321.3622,0,0,18,24.90608,1
332,42.198192,.426655,.011962,.9079758,2186,,0,0,.0340743,.2428306,266.3682,-266.3682,0,0,31,42.19819,1
334,39.884748,.4844777,.0234992,.8966821,5718,,0,0,.0440543,.3449343,1007.25,-1007.25,0,0,76,39.88475,1
335,40.03929,.5270367,.0183861,.9087211,3230,,0,0,.0373008,.1971086,368.2931,-368.2931,0,0,51,40.03929,1
336,25.320111,.3936004,.0192137,.8944047,1060,,0,0,.0376396,.3701074,227.2108,-227.2108,0,0,23,25.32011,1
339,24.696216,.4582221,.0079951,.8968103,10177,,0,0,.0469442,.0940302,779.6179,-779.6179,0,0,77,24.69622,1
340,29.165669,.4240289,.0093329,.9015386,8140,,0,0,.0391494,.1512526,247.1297,-247.1297,0,0,48,29.16567,1
341,26.135203,.0122528,-.0003682,.9328403,1594,,0,0,.0212516,,-19.531,19.531,0,0,,26.1352,1
342,82.19927,.772097,.0339456,.9167572,2121,,0,0,.0220416,.672525,1263.646,-1263.646,0,0,15,82.19927,1
343,58.266323,.3291054,.0071782,.9186697,2122,,0,0,.0225862,.3624479,28.96917,-28.96917,0,0,13,58.26632,1
344,41.157825,.5256298,.0127702,.9174009,2609,,0,0,.0540641,.1284979,844.3205,-844.3205,0,0,54,41.15783,1
345,43.297243,.543767,.0160682,.9269758,504,,0,0,.0250682,.3795815,240.897,-240.897,0,0,12,43.29724,1
346,44.492831,.5199757,.0205955,.8982256,8123,,0,0,.0382018,.2103021,2554.681,-2554.681,0,0,93,44.49283,1
347,44.692296,.5256989,.0210736,.8803976,1067,,0,0,.0213421,.7107063,387.6307,-387.6307,0,0,21,44.6923,1
350,51.310661,.2297195,.0078478,.9217005,2382,,0,0,.0273227,.380532,277.544,-277.544,0,0,26,51.31066,1
351,36.58991,.3867569,.0070481,.9092888,2808,,0,0,.0402192,.206929,328.0305,-328.0305,0,0,56,36.58991,1
352,46.773352,.5922503,.0187759,.8989593,5125,,0,0,.0246963,.3671834,1556.824,-1556.824,0,0,62,46.77335,1
354,41.977678,.4931067,.0194185,.8892305,263,,0,0,.0336621,.4962399,88.5592,-88.5592,0,0,21,41.97768,1
355,68.830117,.6984824,.0287137,.8961576,4052,,0,0,.0325033,.2793444,1955.799,-1955.799,0,0,48,68.83012,1
356,47.185181,.8698262,.0366343,.9012717,14931,,0,0,.040203,.1266951,5782.998,-5782.998,0,0,127,47.18518,1
357,53.645431,.615569,.029762,.8931217,4980,,0,0,.0348073,.371094,1731.069,-1731.069,0,0,62,53.64543,1
358,46.447971,.3689585,.011842,.9134681,3887,,0,0,.0358616,.3318155,190.6321,-190.6321,0,0,55,46.44797,1
359,69.944553,.6292646,.0251835,.8937906,984,,0,0,.0238192,.5117987,538.2426,-538.2426,0,0,19,69.94455,1
360,65.110753,.5445484,.0249361,.8896334,2103,,0,0,.0275052,.3220156,945.7062,-945.7062,0,0,31,65.11076,1
362,45.840487,.4162475,.0093437,.9016645,1098,,0,0,.0273369,.2873635,392.3773,-392.3772,0,0,17,45.84049,1
363,34.940268,.5653424,.0124561,.908782,2591,,0,0,.0285657,.1752209,547.4939,-547.4939,0,0,39,34.94027,1
364,27.799974,.5610112,.0072845,.9148878,4761,,0,0,.0406393,.0809847,148.6477,-148.6477,0,0,75,27.79997,1
365,34.14388,.4501492,.0078835,.9168872,4007,,0,0,.0351648,.1993181,596.0123,-596.0123,0,0,30,34.14388,1
366,39.917084,.534374,.0096267,.9120108,5723,,0,0,.0294878,.1353168,450.5578,-450.5577,0,0,41,39.91708,1
367,20.009285,.4964782,.0133653,.8960324,1313,,0,0,.036984,.1811666,386.0133,-386.0133,0,0,30,20.00928,1
368,35.289646,.2572709,.0086278,.9185923,5704,,0,0,.0308982,.5240009,798.0481,-798.0481,0,0,18,35.28965,1
369,65.117413,.5794255,.0327147,.8994087,1517,,0,0,.0222783,.5751806,814.2704,-814.2704,0,0,22,65.11742,1
370,13.147554,.0533362,.0048506,.8825408,1259,,0,0,.0724083,,0,-7.63e-06,0,0,,13.14755,1
371,18.546252,.4332774,.0067769,.9006759,5055,,0,0,.0365019,.1303966,-38.83902,38.83897,0,0,26,18.54625,1
373,39.586516,.6241788,.0131791,.9070255,3726,,0,0,.035792,.1073728,150.1318,-150.1317,0,0,28,39.58652,1
374,14.168811,.4091657,.0138735,.8574437,1369,,0,0,.0502158,.2785117,159.2062,-159.2062,0,0,21,14.16881,1
375,26.92874,.261049,.0008864,.8874811,839,,0,0,.0589552,.0201087,66.35184,-66.35184,0,0,15,26.92874,1
376,42.020923,.3923644,.0168018,.8700421,1365,,0,0,.0364833,.5343159,204.0908,-204.0908,0,0,18,42.02092,1
377,18.608049,.2557023,-.0006095,.9079941,6588,,0,0,.0613208,-.0090018,-330.8134,330.8133,0,0,31,18.60805,1
380,31.363842,.6784127,.0188758,.8997866,12421,,0,0,.0398749,.119706,1461,-1461,0,0,73,31.36384,1
382,22.434054,.3543932,.0096912,.8848034,1140,,0,0,.0381594,.2284195,24.25499,-24.25498,0,0,16,22.43405,1
383,11.267298,.3343687,.0364254,.8719387,2064,,0,0,.1211647,.2624112,518.4424,-518.4424,0,0,16,11.2673,1
385,31.34025,.3976916,.0122348,.9103124,4406,,0,0,.0408641,.260826,434.6747,-434.6747,0,0,43,31.34025,1
386,35.611894,.2914748,.0095334,.9053148,1102,,0,0,.0291858,.4367357,195.2576,-195.2576,0,0,16,35.61189,1
388,14.08488,.4482997,.0125254,.8813825,900,,0,0,.0496798,.241459,183.1976,-183.1976,0,0,20,14.08488,1
390,47.224009,.1596181,.0017177,.9138735,1323,,0,0,.0267203,.2027651,11.14026,-11.14025,0,0,,47.22401,1
391,16.247443,.4861633,.0151873,.8956578,14461,,0,0,.0798614,.1317595,704.1837,-704.1837,0,0,99,16.24744,1
393,14.488858,.3981587,.0113644,.9030306,1423,,0,0,.0667814,.1813163,138.0703,-138.0703,0,0,15,14.48886,1
394,17.973457,.5878387,.0099237,.8972868,6326,,0,0,.0807874,.0474931,642.3885,-642.3886,0,0,63,17.97346,1
396,13.111151,.3288925,.0061447,.9039134,702,,0,0,.0754056,.1144882,-28.20299,28.20298,0,0,,13.11115,1
397,26.208082,.504159,.0127239,.894244,10066,,0,0,.0390388,.1812438,2144.495,-2144.495,0,0,76,26.20808,1
399,26.026176,.4517958,.0151511,.899203,1210,,0,0,.0367877,.2684202,425.1255,-425.1255,0,0,15,26.02618,1
400,3.9998008,.2311006,-.0054103,.898345,1869,,0,0,.0614393,-.1101214,-75.71844,75.71842,0,0,18,3.999801,1
402,8.0743872,.3176317,.0018528,.8939311,867,,0,0,.075692,.0407241,-68.707,68.70699,0,0,,8.074388,1
406,16.034876,.3108802,-.0013543,.9179607,570,,0,0,.032164,-.0682162,21.2987,-21.29869,0,0,,16.03488,1
411,14.882752,.270617,.0012422,.8991789,566,,0,0,.0299392,.0790765,45.07877,-45.07876,0,0,,14.88275,1
413,12.289597,.6536247,.0039744,.9035031,855,,0,0,.0289173,.0645861,326.7295,-326.7295,0,0,21,12.2896,1
416,6.7935,.4403153,.0013145,.9014078,3239,,0,0,.0707917,.0112065,-376.1828,376.1828,0,0,43,6.7935,1
417,9.4003487,.1787828,.0053296,.8746697,688,,0,0,.0385292,.3312022,29.16546,-29.16546,0,0,18,9.400349,1
418,27.062529,.2225056,.0042223,.8971841,895,,0,0,.0435355,.1913734,47.59995,-47.59995,0,0,28,27.06253,1
420,39.540166,.2428967,.0150916,.9032915,987,,0,0,.0411327,.3919726,202.6212,-202.6212,0,0,21,39.54016,1
421,56.109942,.4065367,.0078161,.9068071,1530,,0,0,.0213685,.45059,107.8165,-107.8166,0,0,17,56.10994,1
422,17.464211,.5545173,.0181172,.8985133,1595,,0,0,.0331655,.2827813,476.3118,-476.3117,0,0,15,17.46421,1
424,25.390176,.410051,.0087589,.9240567,1733,,0,0,.0477646,.1414208,253.1824,-253.1824,0,0,19,25.39018,1
426,50.972596,.5540235,.0093525,.9026588,8032,,0,0,.0306119,.140932,1171.29,-1171.29,0,0,56,50.9726,1
427,50.457219,.486914,.0100394,.9051857,3475,,0,0,.0246724,.2077672,664.0342,-664.0342,0,0,35,50.45722,1
429,26.157945,.4533121,.0050452,.9043642,4762,,0,0,.0345805,.1355498,295.4441,-295.4441,0,0,20,26.15794,1
430,33.572779,.3326102,.0065349,.9120346,7769,,0,0,.0301392,.1964035,361.8417,-361.8417,0,0,29,33.57278,1
431,51.601789,.699601,.0127354,.9090975,9742,,0,0,.0240001,.0936347,839.183,-839.1827,0,0,53,51.60179,1
432,23.754848,.4448557,.0046428,.9116088,4255,,0,0,.0511164,.0512815,-141.2088,141.2088,0,0,33,23.75485,1
437,30.275953,.4954051,.0091332,.9130494,1524,,0,0,.0272367,.2058937,24.14263,-24.14263,0,0,20,30.27595,1
438,28.656188,.3673917,.0004445,.9076693,1608,,0,0,.0439474,.0078087,124.043,-124.043,0,0,16,28.65619,1
439,27.718913,.5677675,.0168897,.9133321,8892,,0,0,.037876,.2457374,1040.109,-1040.109,0,0,30,27.71891,1
440,29.688229,.4585337,.0151992,.9134471,6511,,0,0,.0379581,.3642369,1117.917,-1117.917,0,0,43,29.68823,1
441,7.0843632,.5972088,-.0039535,.9112171,2641,,0,0,.0480164,-.0547421,-588.9873,588.9872,0,0,14,7.084363,1
442,96.199998,.2751959,-.0997951,.9051237,874,,0,0,.0172627,.4542668,172.8497,-275.8497,0,0,12,96.2,1
443,37.416032,.3195882,.0177682,.8981498,2965,,0,0,.0443037,.5374094,512.0685,-512.0685,0,0,35,37.41603,1
445,49.12707,.5087363,.0185372,.9066572,1319,,0,0,.0261678,.3946998,143.5823,-143.5823,0,0,19,49.12707,1
446,22.367175,.4542597,.0078643,.9130889,555,,0,0,.029712,.4202298,30.4219,-30.4219,0,0,19,22.36717,1
447,28.932156,.5305014,.0089428,.9073813,1642,,0,0,.0242352,.314044,74.78754,-74.78754,0,0,20,28.93216,1
448,27.931713,.4539842,.007638,.9109692,1160,,0,0,.0220996,.264001,222.157,-222.157,0,0,21,27.93171,1
449,39.753392,.6794935,.0408932,.9074009,4330,,0,0,.029678,.4572004,1967.035,-1967.035,0,0,58,39.75339,1
450,39.15891,.5177217,.0088333,.9117943,1193,,0,0,.0191402,.3770518,229.9346,-229.9346,0,0,26,39.15891,1
451,39.611215,.8492652,.0371803,.8950465,13904,,0,0,.0349218,.1434842,6090.938,-6090.938,0,0,81,39.61121,1
452,17.062469,.5317959,.0018345,.9154769,659,,0,0,.0313684,.0503618,-68.9337,68.9337,0,0,28,17.06247,1
456,71.23875,.2726572,.0054026,.9088273,696,,0,0,.0105795,.8523233,166.3829,-166.3829,0,0,,71.23875,1
