hrr,cf_type,eta,tot_patients,qual_change,spend_change,wt_qual_base_mean,wt_qual_base_p10,wt_qual_base_p25,wt_qual_base_p75,wt_qual_base_p90,wt_qual_cf_mean,wt_qual_cf_p10,wt_qual_cf_p25,wt_qual_cf_p75,wt_qual_cf_p90,wt_spend_base_mean,wt_spend_base_p10,wt_spend_base_p25,wt_spend_base_p75,wt_spend_base_p90,wt_spend_cf_mean,wt_spend_cf_p10,wt_spend_cf_p25,wt_spend_cf_p75,wt_spend_cf_p90
1,"full",1,7066,-.0002714,,.8789104,.8465704,.8513514,.9005525,.9283582,.878639,.8230384,.8513514,.9032609,.9283582,,,,,,,,,,
2,"full",1,1914,-.0050678,,.8841733,.8448276,.8556701,.8980178,.9173177,.8791056,.8448276,.8556701,.8915834,.9173177,,,,,,,,,,
5,"full",1,2905,.0008137,,.8967403,.8939148,.8939148,.90455,.90455,.897554,.8939148,.8939148,.90455,.90455,,,,,,,,,,
6,"full",1,3409,.0004316,,.8917866,.8864661,.8904463,.890852,.8967742,.8922182,.8864661,.8904463,.890852,.9032258,,,,,,,,,,
7,"full",1,1505,.0001011,,.8960252,.8795054,.8990228,.8990228,.8990228,.8961263,.8888889,.8990228,.8990228,.8990228,,,,,,,,,,
9,"full",1,127,-.0001712,,.9078974,.8741093,.9012346,.9316832,.9316832,.9077262,.8741093,.9032609,.9316832,.9316832,,,,,,,,,,
11,"full",1,3533,-.0041991,,.905207,.8728324,.9001794,.9212514,.9245283,.9010078,.852,.8892128,.9238946,.9367946,,,,,,,,,,
12,"full",1,9836,-.0042204,,.9131726,.8811189,.9026627,.9238946,.9392523,.9089522,.8680203,.9001794,.9238946,.9353448,,,,,,,,,,
14,"full",1,3008,-.0041305,,.9021741,.8853576,.8853576,.9212514,.9212514,.8980435,.8853576,.8853576,.9212514,.9212514,,,,,,,,,,
15,"full",1,2900,-.0011157,,.9124215,.8912281,.9118217,.916221,.919708,.9113058,.8912281,.9118217,.916221,.919708,,,,,,,,,,
16,"full",1,1729,.0013463,,.9012736,.875,.8943396,.900102,.9421487,.90262,.875,.8985765,.900102,.974359,,,,,,,,,,
18,"full",1,1225,.0021551,,.8966047,.8691207,.9024745,.9024745,.9024745,.8987597,.8909091,.9024745,.9024745,.9024745,,,,,,,,,,
19,"full",1,8553,.0051545,,.8932981,.8477443,.8701261,.9175659,.9448052,.8984526,.8477443,.8701261,.9448052,.9448052,,,,,,,,,,
21,"full",1,1512,.0036792,,.9133189,.8934911,.8985765,.9359756,.9359756,.916998,.8934911,.8985765,.9359756,.9359756,,,,,,,,,,
22,"full",1,824,.0012303,,.8839856,.8491336,.8648897,.9065934,.9065934,.8852159,.8491336,.8648897,.9065934,.9065934,,,,,,,,,,
23,"full",1,4599,-.0019338,,.9287221,.8775773,.9104683,.9517652,.9517652,.9267883,.8773292,.9108281,.943662,.943662,,,,,,,,,,
25,"full",1,2079,-.0045321,,.9075568,.8730159,.9059829,.9314999,.9314999,.9030247,.8730159,.9059829,.9097254,.9314999,,,,,,,,,,
31,"full",1,1811,.0009184,,.8996488,.8305085,.9173061,.9173061,.9214876,.9005673,.84,.9173061,.9173061,.9173061,,,,,,,,,,
33,"full",1,2628,-.0035391,,.92044,.8984771,.9245158,.9245158,.9410484,.9169008,.893617,.90201,.9344512,.9410484,,,,,,,,,,
43,"full",1,2405,-.0091598,,.8806783,.8461539,.8648649,.9082569,.94,.8715185,.8044693,.8648649,.9014373,.9305556,,,,,,,,,,
56,"full",1,10867,-.0022629,,.9039394,.8527132,.8899587,.9179398,.9429448,.9016765,.8527132,.8888889,.9179398,.942029,,,,,,,,,,
58,"full",1,2658,-.0003001,,.9061145,.8693182,.8987916,.9314999,.9396378,.9058143,.8693182,.8987916,.9314999,.9396378,,,,,,,,,,
62,"full",1,540,.0003403,,.9097724,.8933333,.9012346,.9294118,.9344512,.9101127,.8933333,.90201,.9344512,.9388889,,,,,,,,,,
65,"full",1,1782,-.0020336,,.9158301,.8673537,.8980582,.9410484,.9549356,.9137965,.8673537,.8980582,.9410484,.95,,,,,,,,,,
69,"full",1,1610,-.0014629,,.9170157,.9191919,.9232097,.9232097,.9232097,.9155529,.9191919,.9232097,.9232097,.9232097,,,,,,,,,,
73,"full",1,1847,.0024935,,.91439,.874351,.874351,.9347826,.9540541,.9168835,.874351,.9215891,.925,.9540541,,,,,,,,,,
77,"full",1,7613,.000115,,.9142958,.888806,.9025974,.9295775,.9506173,.9144108,.888806,.8976778,.9344512,.9518072,,,,,,,,,,
78,"full",1,1611,.0025874,,.9231288,.8965517,.9086294,.9349397,.9410484,.9257162,.8965517,.9121622,.9349397,.9410484,,,,,,,,,,
79,"full",1,1551,-.0007458,,.8941879,.8714436,.8762887,.9190751,.9307692,.8934422,.8714436,.8714436,.9190751,.9344262,,,,,,,,,,
80,"full",1,5573,.0063513,,.921075,.8902276,.9106858,.9313113,.939951,.9274263,.9022222,.9222904,.939951,.939951,,,,,,,,,,
81,"full",1,2470,.0080768,,.914753,.8783784,.910101,.9243119,.9410484,.9228297,.8783784,.910101,.9410484,.982906,,,,,,,,,,
82,"full",1,2244,-.0007608,,.9165264,.8673537,.9068323,.9345238,.9410484,.9157656,.8673537,.9163974,.9329242,.9435484,,,,,,,,,,
83,"full",1,1510,.0035459,,.9304925,.9026549,.9363636,.9411765,.9449036,.9340385,.9026549,.9363636,.9449036,.9449036,,,,,,,,,,
85,"full",1,1749,.0007414,,.9177596,.8673537,.9106383,.9329242,.9329242,.918501,.8673537,.9163974,.9329242,.9329242,,,,,,,,,,
86,"full",1,2650,-.0008067,,.9321856,.9256945,.9256945,.9452297,.9521739,.931379,.8899804,.9256945,.9466292,.9466292,,,,,,,,,,
87,"full",1,1222,-.004188,,.9237152,.8776596,.9169776,.9329242,.9410484,.9195272,.9163974,.9169776,.9329242,.9410484,,,,,,,,,,
89,"full",1,1819,.000304,,.9241668,.9147287,.9168591,.9329242,.9416342,.9244708,.9147287,.9168591,.9294118,.9416342,,,,,,,,,,
91,"full",1,1438,.0028587,,.908947,.8980582,.8987916,.9078531,.9410484,.9118057,.888806,.8987916,.9329242,.9410484,,,,,,,,,,
96,"full",1,2886,-.0022629,,.9207187,.8952497,.9074334,.9274691,.9521739,.9184558,.8899804,.9052925,.9274691,.967033,,,,,,,,,,
101,"full",1,944,.0025715,,.9175131,.8942308,.9082177,.9388186,.9388186,.9200845,.8942308,.9082177,.9388186,.9388186,,,,,,,,,,
102,"full",1,3357,-.0086684,,.9109736,.882939,.8904538,.9192293,.93,.9023052,.882939,.882939,.9192293,.93,,,,,,,,,,
104,"full",1,1947,.0011008,,.9142334,.912978,.9147975,.9147975,.9147975,.9153343,.9113924,.9147975,.9147975,.93,,,,,,,,,,
105,"full",1,1460,-.0004379,,.9318404,.9009662,.9346405,.944212,.944212,.9314024,.9009662,.9346405,.936527,.944212,,,,,,,,,,
106,"full",1,1638,-.0243344,,.9032273,.8594203,.9082177,.9147975,.9158768,.8788928,.8594203,.8594203,.9147975,.9158768,,,,,,,,,,
107,"full",1,1073,.0010474,,.8980451,.882939,.8881037,.9192293,.9224138,.8990926,.882939,.8881037,.9192293,.9224138,,,,,,,,,,
109,"full",1,2546,-.0025588,,.9098209,.8834783,.8897932,.9294425,.9375,.9072621,.8834783,.8897932,.9294425,.9382522,,,,,,,,,,
110,"full",1,5688,-.0054601,,.8975994,.8638498,.8845628,.9129896,.9171917,.8921393,.8592592,.879227,.9171917,.9171917,,,,,,,,,,
111,"full",1,7660,-.0020316,,.8974799,.8779987,.8897932,.9109549,.9122341,.8954483,.8779987,.8897932,.9109549,.9126939,,,,,,,,,,
112,"full",1,6775,.0022826,,.9111323,.8943519,.9131386,.9235018,.9235018,.9134149,.887468,.9131386,.9235018,.9235018,,,,,,,,,,
113,"full",1,10840,-.0037614,,.9091251,.8900204,.9047195,.9231475,.9238705,.9053638,.8804892,.8971193,.9207792,.9239072,,,,,,,,,,
115,"full",1,2441,.0011829,,.9048863,.9022657,.9022657,.9022657,.9250321,.9060692,.8921695,.9022657,.9250321,.9250321,,,,,,,,,,
116,"full",1,2710,-.0003699,,.8969115,.8843683,.8861567,.9045237,.9045237,.8965416,.8843683,.8905745,.9045237,.9066874,,,,,,,,,,
118,"full",1,11205,.0090477,,.8995376,.856338,.8922244,.9163148,.9181601,.9085853,.8677867,.8984771,.9303456,.9303456,,,,,,,,,,
119,"full",1,13437,.0003414,,.904561,.877551,.8927875,.9117391,.9316239,.9049023,.877551,.8843789,.9184653,.9316239,,,,,,,,,,
120,"full",1,2441,-.002485,,.8860324,.8604651,.875,.9010752,.9125067,.8835474,.8596491,.8604651,.8981418,.9083251,,,,,,,,,,
122,"full",1,2465,.0039929,,.8863844,.8225166,.8832442,.9085923,.9148515,.8903773,.8303571,.8832442,.9085923,.9148515,,,,,,,,,,
123,"full",1,9094,.0150383,,.8925769,.8880911,.8880911,.9046025,.9125067,.9076151,.9046025,.9125067,.9125067,.9125067,,,,,,,,,,
124,"full",1,1455,.0007142,,.874292,.868553,.868553,.8713235,.8905745,.8750062,.868553,.868553,.8835227,.8905745,,,,,,,,,,
127,"full",1,1120,-.0011792,,.9076189,.863354,.9107981,.9183047,.9325153,.9064397,.8571429,.9012346,.9183047,.9303456,,,,,,,,,,
129,"full",1,4896,-.0040395,,.9068294,.8743061,.8905745,.9175513,.9449415,.9027899,.8672566,.8813559,.9175513,.9449415,,,,,,,,,,
130,"full",1,15277,-.0045527,,.8952703,.8677867,.8835227,.9132492,.9296255,.8907177,.8303571,.8804878,.91201,.9296255,,,,,,,,,,
131,"full",1,2855,.0022304,,.9129099,.8976744,.91201,.9274448,.9274448,.9151403,.8981418,.912228,.9274448,.9274448,,,,,,,,,,
133,"full",1,1172,-.0066549,,.8835871,.8251231,.8908252,.8908252,.8908252,.8769323,.8251231,.8795054,.8908252,.8908252,,,,,,,,,,
134,"full",1,3829,-.0007343,,.8969575,.8711234,.8732674,.9190548,.9190548,.8962232,.8711234,.8732674,.9190548,.9190548,,,,,,,,,,
137,"full",1,6920,-.0113733,,.9164705,.9022657,.9067722,.9250321,.9392601,.9050972,.9043825,.9043825,.9043825,.912676,,,,,,,,,,
139,"full",1,1522,.0010816,,.8973601,.8429752,.8905745,.9045237,.9169812,.8984418,.8429752,.9045237,.9045237,.9230769,,,,,,,,,,
140,"full",1,1553,.0017833,,.8978505,.8686869,.8916324,.8986742,.9397163,.8996338,.8916324,.8916324,.9,.9397163,,,,,,,,,,
141,"full",1,2784,.0030094,,.892563,.8611111,.8905745,.9045237,.9166667,.8955724,.8611111,.8905745,.9045237,.9166667,,,,,,,,,,
142,"full",1,288,.000856,,.8848572,.8369906,.8451817,.904943,.904943,.8857133,.8369906,.8451817,.904943,.904943,,,,,,,,,,
144,"full",1,17007,-.0062801,,.9068987,.8850502,.8979167,.914641,.9350074,.9006186,.9003181,.9003181,.9003181,.9003181,,,,,,,,,,
145,"full",1,2871,.010185,,.8872365,.802935,.9020234,.9090909,.9090909,.8974215,.8415841,.9020234,.9090909,.9090909,,,,,,,,,,
146,"full",1,1524,.0005706,,.9020386,.8700516,.896914,.9184653,.9184653,.9026092,.8700516,.896914,.9184653,.9184653,,,,,,,,,,
147,"full",1,1822,.0012441,,.903442,.8821218,.8980178,.9064362,.9339339,.9046861,.8821218,.8980178,.9064362,.9339339,,,,,,,,,,
148,"full",1,1433,.0009282,,.8783727,.8677589,.8677589,.8813559,.8981481,.8793009,.8677589,.8677589,.8813559,.9003181,,,,,,,,,,
149,"full",1,3670,-.0017597,,.9188424,.9010897,.9010897,.9405631,.9405631,.9170827,.8763636,.9010897,.9405631,.9405631,,,,,,,,,,
150,"full",1,766,-.0040521,,.9306531,.9027982,.9027982,.9667519,.9667519,.926601,.9027982,.9027982,.936,.9667519,,,,,,,,,,
154,"full",1,1323,.000343,,.9170095,.8650928,.8934817,.9526627,.9793282,.9173526,.8857023,.8937446,.9526627,.9793282,,,,,,,,,,
155,"full",1,4834,.0020984,,.8813684,.84,.8666667,.9065355,.9174757,.8834668,.84,.8697017,.9040819,.9156737,,,,,,,,,,
156,"full",1,3599,-.0015206,,.8917096,.8441247,.8849765,.9113475,.925988,.8901889,.8404256,.8825032,.925988,.925988,,,,,,,,,,
158,"full",1,3872,-.0013724,,.9065181,.8867586,.9009726,.9168288,.9193549,.9051457,.8867586,.9016393,.9168288,.925988,,,,,,,,,,
161,"full",1,7401,.014743,,.9082726,.8849765,.8975265,.925988,.925988,.9230157,.925988,.925988,.925988,.925988,,,,,,,,,,
163,"full",1,2657,.0107257,,.9045948,.8926829,.8993937,.9065355,.93907,.9153205,.8857023,.8993937,.93907,.93907,,,,,,,,,,
164,"full",1,3315,.0004625,,.8896322,.8728392,.8817204,.9040819,.9065355,.8900947,.8465116,.8817204,.9040819,.9156737,,,,,,,,,,
166,"full",1,6121,.0168957,,.9043322,.8740741,.8993937,.9142539,.93907,.9212279,.8849765,.9040819,.93907,.93907,,,,,,,,,,
170,"full",1,4417,.0021718,,.9057756,.869213,.9033399,.925,.925,.9079474,.869213,.9033399,.925,.925,,,,,,,,,,
171,"full",1,4993,.0025415,,.902803,.8867586,.9020619,.910004,.9239303,.9053445,.8918919,.9020619,.910004,.9239303,,,,,,,,,,
172,"full",1,2801,-.001722,,.8908123,.8588235,.864564,.9122807,.9264892,.8890903,.8588235,.864564,.9122807,.94375,,,,,,,,,,
173,"full",1,1398,.0026234,,.8902119,.8736142,.8789238,.8994083,.9054404,.8928353,.8736142,.8789238,.9042553,.9071186,,,,,,,,,,
175,"full",1,1220,.0026107,,.9078453,.8983051,.9054404,.9054404,.925,.9104559,.8983051,.9054404,.9054404,.9620253,,,,,,,,,,
179,"full",1,4474,-.0004539,,.9085758,.9074177,.9074177,.9121757,.9290429,.9081219,.8887414,.9074177,.9121757,.9290429,,,,,,,,,,
180,"full",1,3706,.0007616,,.8890042,.8863109,.8888524,.8925165,.9080459,.8897657,.8863109,.8888524,.8925165,.9080459,,,,,,,,,,
181,"full",1,2511,-.0060846,,.898279,.8729508,.8995078,.9116466,.925,.8921944,.857362,.8729508,.9131535,.925988,,,,,,,,,,
183,"full",1,13097,-.0158028,,.9051214,.8837885,.8885468,.9236499,.9336283,.8893186,.8885468,.8885468,.8885468,.8885468,,,,,,,,,,
184,"full",1,1307,-.0042863,,.8997853,.8919861,.8919861,.907357,.9236499,.8954991,.8919861,.8919861,.8919861,.9082893,,,,,,,,,,
185,"full",1,1006,.0017605,,.8919622,.8837885,.8837885,.8982313,.915628,.8937228,.8837885,.8837885,.9082893,.9163719,,,,,,,,,,
186,"full",1,1564,-.0040772,,.893188,.84,.857362,.9131535,.925,.8891108,.84,.857362,.9112426,.925,,,,,,,,,,
187,"full",1,3999,-.0039161,,.9158672,.8995078,.9079254,.9213995,.9298725,.9119511,.8888524,.9015151,.9298725,.9298725,,,,,,,,,,
188,"full",1,1017,-.0029695,,.8954854,.8618421,.8907285,.9131535,.9290429,.8925159,.8618421,.8736142,.9131535,.9279279,,,,,,,,,,
190,"full",1,2189,-.0077412,,.898156,.8875078,.8875078,.9191951,.9191951,.8904148,.8875078,.8875078,.8875078,.8902743,,,,,,,,,,
191,"full",1,4565,.002036,,.9035783,.875,.910004,.910004,.9191951,.9056143,.8875078,.910004,.910004,.910004,,,,,,,,,,
192,"full",1,6403,-.0103926,,.9101219,.9011581,.9011581,.9197552,.9197552,.8997293,.881692,.9011581,.9011581,.9068455,,,,,,,,,,
193,"full",1,860,-.0012547,,.9053754,.8902743,.8902743,.9077615,.9192805,.9041207,.881692,.8902743,.9077615,.9192805,,,,,,,,,,
194,"full",1,2055,-.0069553,,.9098042,.8875078,.9011581,.9191951,.9191951,.9028489,.8875078,.8875078,.9191951,.9191951,,,,,,,,,,
195,"full",1,939,.0000389,,.9051055,.904741,.904741,.904741,.904741,.9051444,.904741,.904741,.904741,.9059234,,,,,,,,,,
196,"full",1,1618,.0002041,,.9056374,.9045515,.9045515,.9045515,.9124134,.9058416,.9045515,.9045515,.9045515,.9124134,,,,,,,,,,
197,"full",1,1338,-.0006405,,.8885793,.881692,.881692,.8875078,.9192805,.8879388,.881692,.881692,.8875078,.9192805,,,,,,,,,,
200,"full",1,3688,.000724,,.9095354,.8989152,.8989152,.9146023,.9146023,.9102594,.8989152,.8989152,.9146023,.9247538,,,,,,,,,,
201,"full",1,7631,.0042749,,.9133859,.8842912,.8890728,.9292753,.9391924,.9176608,.8842912,.9178618,.9337607,.9337607,,,,,,,,,,
203,"full",1,2166,.0043969,,.8987314,.894896,.8950716,.8950716,.9223495,.9031283,.8916519,.894896,.9223495,.9223495,,,,,,,,,,
204,"full",1,2605,-.0033547,,.8866457,.8552279,.8649025,.9105126,.9186906,.8832909,.8552279,.8649025,.9105126,.9186906,,,,,,,,,,
205,"full",1,10402,.0146095,,.8992753,.8657649,.8887414,.9115044,.9178404,.9138848,.9115044,.9178404,.9178404,.9178404,,,,,,,,,,
207,"full",1,301,.0023259,,.8935699,.8709257,.8709257,.9074177,.9096045,.8958958,.8709257,.8709257,.9096045,.9096045,,,,,,,,,,
208,"full",1,2353,-.000418,,.8793383,.8727142,.8727142,.8923077,.9074177,.8789203,.8693694,.8727142,.8923077,.9056604,,,,,,,,,,
209,"full",1,1062,.0006797,,.8962326,.8791209,.8837209,.9080882,.9080882,.8969123,.8791209,.8837209,.9080882,.9080882,,,,,,,,,,
210,"full",1,1757,-.0019217,,.8968202,.8736162,.9021299,.9021299,.9021299,.8948985,.8736162,.9021299,.9021299,.9021299,,,,,,,,,,
212,"full",1,985,-.0032229,,.8897229,.8622754,.8864169,.9021299,.90875,.8865,.8622754,.8736162,.9021299,.907173,,,,,,,,,,
213,"full",1,3001,.0019279,,.9124542,.8709677,.8992043,.9239611,.9465346,.9143822,.8928571,.9056604,.9239611,.9239611,,,,,,,,,,
214,"full",1,1455,-.0002565,,.9135734,.8769231,.9223856,.9223856,.9273012,.9133168,.8769231,.9223856,.9223856,.9223856,,,,,,,,,,
217,"full",1,607,.000139,,.8955635,.8948692,.8948692,.8948692,.8948692,.8957025,.8948692,.8948692,.8948692,.8948692,,,,,,,,,,
218,"full",1,263,-.0005608,,.9111521,.8818898,.904321,.9264706,.9305556,.9105913,.8818898,.904321,.9264706,.9264706,,,,,,,,,,
219,"full",1,2544,-.0000495,,.8848945,.8541872,.8541872,.9065934,.9065934,.8848451,.8541872,.8541872,.9065934,.9065934,,,,,,,,,,
220,"full",1,286,.0000398,,.8968787,.8645833,.890852,.9055555,.9309211,.8969185,.8614131,.890852,.9055555,.9309211,,,,,,,,,,
222,"full",1,4284,.0027782,,.9023496,.8694915,.8862745,.919708,.9285714,.9051278,.8786566,.8947368,.919708,.9285714,,,,,,,,,,
223,"full",1,15565,.029193,,.9040171,.8753623,.8900678,.9334787,.9343389,.9332101,.9343389,.9343389,.9343389,.9343389,,,,,,,,,,
225,"full",1,4517,-.0037419,,.8984506,.8629944,.8971894,.9097453,.9131386,.8947087,.8601036,.8836364,.9097453,.9131386,,,,,,,,,,
226,"full",1,2663,-.0015525,,.9028443,.8809091,.8957816,.9207792,.9238705,.9012918,.8804892,.8912134,.9101838,.9238705,,,,,,,,,,
227,"full",1,21688,.0019709,,.9038106,.8633218,.8900881,.9230769,.940625,.9057816,.875,.9063291,.9097664,.9245283,,,,,,,,,,
230,"full",1,3286,.0005356,,.9131854,.8745387,.890411,.936,.9360731,.913721,.8745387,.890411,.936,.9360731,,,,,,,,,,
231,"full",1,1086,.0058152,,.9096581,.8795181,.8875878,.9342544,.9373738,.9154733,.880226,.9004174,.9342544,.940625,,,,,,,,,,
232,"full",1,6105,.0029214,,.8934634,.8565815,.8755365,.9169295,.9311005,.8963848,.8508065,.8786031,.9311005,.9311005,,,,,,,,,,
233,"full",1,2518,-.0017719,,.891972,.8565815,.8857143,.9129493,.9230769,.8902001,.8508065,.8809524,.9065421,.9230769,,,,,,,,,,
234,"full",1,6123,-.0001608,,.8808283,.8526786,.8573596,.8910614,.9076034,.8806674,.8526786,.8571429,.8910614,.9162304,,,,,,,,,,
235,"full",1,2963,.0004281,,.8871226,.880016,.882243,.8913782,.903183,.8875507,.8635395,.882243,.8913782,.9074074,,,,,,,,,,
236,"full",1,2560,-.0022941,,.9025788,.8815104,.8926654,.9102564,.9330944,.9002846,.8815104,.8815104,.9048991,.9444444,,,,,,,,,,
238,"full",1,2768,.0073329,,.9014219,.862426,.8902439,.9230769,.9330944,.9087548,.862426,.8965517,.9230769,.9330944,,,,,,,,,,
239,"full",1,3664,-.0040807,,.8979802,.8695652,.8924112,.9178862,.9178862,.8938996,.8695652,.8924112,.8965517,.9178862,,,,,,,,,,
240,"full",1,528,.0003228,,.856833,.8511904,.8511904,.8511904,.8712871,.8571558,.8511904,.8511904,.8511904,.8712871,,,,,,,,,,
242,"full",1,1196,.0001014,,.9201276,.8815104,.8946624,.9552239,.9805195,.920229,.8815104,.8946624,.9361702,.9773756,,,,,,,,,,
243,"full",1,802,.0011711,,.8927534,.8485714,.9013241,.9105263,.9105263,.8939245,.8485714,.9013241,.9105263,.9105263,,,,,,,,,,
244,"full",1,2519,-.004661,,.9009718,.8573596,.882243,.9274611,.9397835,.8963108,.854714,.8755365,.9274611,.9397835,,,,,,,,,,
245,"full",1,3393,-.0010832,,.8929503,.8573596,.8803921,.9129493,.9162304,.8918671,.854714,.8755365,.9129493,.9191375,,,,,,,,,,
246,"full",1,3334,-.0025428,,.8843719,.849711,.8635395,.9076034,.93,.8818291,.849711,.8635395,.9074074,.9239131,,,,,,,,,,
248,"full",1,804,.0007467,,.9217506,.897474,.9213995,.9330944,.9545454,.9224973,.897474,.9213995,.9298725,.9545454,,,,,,,,,,
249,"full",1,1561,-.002522,,.9187512,.8983051,.9113924,.9285714,.9339623,.9162292,.9105263,.9113924,.9285714,.9339623,,,,,,,,,,
250,"full",1,1224,-.0036479,,.9002451,.8765432,.8765432,.9104331,.9104331,.8965971,.8765432,.8765432,.9104331,.9104331,,,,,,,,,,
251,"full",1,5801,.0033886,,.8973791,.8765586,.8780488,.9050847,.9222479,.9007677,.8765586,.8834842,.9050847,.9306723,,,,,,,,,,
253,"full",1,793,-.0032721,,.9011847,.8784404,.8979938,.904741,.9179487,.8979126,.8784404,.8784404,.904741,.9063308,,,,,,,,,,
254,"full",1,352,-.0011318,,.9069703,.894081,.8984771,.9130435,.9306723,.9058385,.8984771,.8984771,.9063308,.9306723,,,,,,,,,,
256,"full",1,1892,-.0013154,,.9037386,.9037711,.9037711,.9063308,.9122292,.9024232,.8784404,.9037711,.9063308,.9122292,,,,,,,,,,
257,"full",1,835,-.0022048,,.8966038,.8614131,.890852,.9309211,.9309211,.894399,.8267717,.890852,.9309211,.9309211,,,,,,,,,,
258,"full",1,1329,-.0106468,,.8852914,.8311688,.8671328,.8977424,.8977424,.8746446,.8311688,.8658009,.8977424,.8977424,,,,,,,,,,
259,"full",1,2437,-.0224528,,.897958,.8438818,.9105883,.9133649,.9133649,.8755052,.7987805,.7987805,.9133649,.9133649,,,,,,,,,,
260,"full",1,412,-.0009311,,.9095209,.8965517,.8965517,.9282297,.9282297,.9085897,.8965517,.8965517,.9282297,.9282297,,,,,,,,,,
261,"full",1,576,.0009336,,.8941808,.8656716,.8900463,.9169139,.9186345,.8951144,.8656716,.8900463,.9169139,.9186345,,,,,,,,,,
262,"full",1,1752,.0005847,,.9023415,.8438818,.890625,.9184588,.9184588,.9029263,.8438818,.890625,.9184588,.9184588,,,,,,,,,,
263,"full",1,732,-.0000198,,.9047073,.8727142,.9085873,.9085873,.9085873,.9046875,.8727142,.9085873,.9085873,.9085873,,,,,,,,,,
264,"full",1,2777,-.0116194,,.8767627,.8358209,.8531073,.8927125,.9096045,.8651433,.8358209,.8358209,.891,.8971962,,,,,,,,,,
267,"full",1,2500,-.0050492,,.8924175,.8947135,.8947135,.8947135,.8947135,.8873683,.8783415,.8947135,.8947135,.8947135,,,,,,,,,,
268,"full",1,12506,.0053722,,.8972219,.8504099,.8783415,.9098026,.9264271,.9025941,.9046575,.9046575,.9046575,.9046575,,,,,,,,,,
270,"full",1,3274,.0065268,,.9062285,.9008985,.9008985,.9150943,.9232895,.9127553,.9008985,.909465,.9232895,.9232895,,,,,,,,,,
273,"full",1,12981,.0212542,,.8927622,.8754871,.8763285,.9176334,.9231398,.9140165,.9176334,.9176334,.9176334,.9176334,,,,,,,,,,
276,"full",1,1935,.0000207,,.9081274,.8461539,.9038461,.924185,.9306358,.9081481,.8868778,.9038461,.924185,.9306358,,,,,,,,,,
277,"full",1,5016,-.0019633,,.9165332,.8933649,.9158908,.923951,.9287926,.9145699,.8933649,.9158908,.9158908,.9336016,,,,,,,,,,
278,"full",1,9540,-.0150378,,.9151456,.8819048,.8933649,.9275189,.9347826,.9001078,.8933649,.8933649,.8933649,.9336016,,,,,,,,,,
279,"full",1,3345,.0007076,,.8951284,.8829982,.8829982,.902834,.9193549,.8958359,.8829982,.8829982,.902834,.9193549,,,,,,,,,,
281,"full",1,880,.0006293,,.9229154,.9037207,.9037207,.9453125,.9553571,.9235447,.9037207,.9037207,.9453125,.9553571,,,,,,,,,,
282,"full",1,4403,-.0007586,,.9093176,.8894899,.8894899,.9186653,.9301701,.908559,.8894899,.9027237,.9186653,.9301701,,,,,,,,,,
283,"full",1,18800,.0011597,,.9013048,.8609626,.8904482,.9181185,.9275053,.9024646,.8563758,.8955007,.9153486,.9181185,,,,,,,,,,
284,"full",1,3556,-.0010724,,.9041471,.8663968,.8880597,.9188312,.9382522,.9030747,.8626866,.8831169,.9205397,.9386503,,,,,,,,,,
285,"full",1,3196,-.0002788,,.9086083,.8774663,.906556,.920904,.9319481,.9083295,.8763251,.9052632,.9188312,.9382522,,,,,,,,,,
288,"full",1,3102,.0001032,,.9047139,.8761062,.8936664,.9142281,.9247136,.9048171,.872915,.8936664,.9179331,.9319481,,,,,,,,,,
289,"full",1,1533,.000016,,.9023255,.8584071,.8872458,.920354,.9376258,.9023415,.8584071,.8872458,.920904,.9382522,,,,,,,,,,
291,"full",1,1237,.0003157,,.8955194,.8394161,.8701299,.9188312,.9377778,.895835,.8394161,.8701299,.9188312,.9377778,,,,,,,,,,
292,"full",1,1916,-.0015035,,.9092717,.8761905,.90625,.9188312,.9376258,.9077681,.8728814,.8936743,.9188312,.9382522,,,,,,,,,,
295,"full",1,7705,.0004197,,.906497,.9018075,.9065279,.9085783,.9124861,.9069167,.892598,.9043152,.9085783,.9124861,,,,,,,,,,
296,"full",1,1585,.001001,,.9034635,.879257,.8849638,.9116608,.9164706,.9044645,.879257,.8849638,.9116608,.9353083,,,,,,,,,,
297,"full",1,539,.0001556,,.9094938,.8628049,.906556,.9349471,.9386503,.9096494,.8588499,.8958333,.9349471,.9408397,,,,,,,,,,
299,"full",1,2355,-.0009436,,.9117014,.8967254,.8967254,.9237393,.9422522,.9107578,.8967254,.8967254,.9237393,.9422522,,,,,,,,,,
300,"full",1,1506,-.0054154,,.9048402,.8844086,.8863869,.9353083,.9353083,.8994248,.8666667,.8863869,.9159292,.9353083,,,,,,,,,,
301,"full",1,14849,.0034846,,.908657,.8710217,.8908272,.9253247,.9400545,.9121416,.8869681,.9120603,.9191729,.9368687,,,,,,,,,,
303,"full",1,4674,.0000662,,.9112645,.8683948,.906556,.9375,.9408397,.9113307,.8683948,.902439,.9375,.943038,,,,,,,,,,
304,"full",1,1325,-.0009572,,.899503,.8863869,.8888889,.9191919,.9191919,.8985458,.8863869,.8888889,.9164706,.9191919,,,,,,,,,,
307,"full",1,4244,-.0003567,,.9171701,.9105691,.9164706,.9164706,.9353083,.9168134,.9105691,.9164706,.9164706,.9353083,,,,,,,,,,
308,"full",1,4344,-.0017716,,.9070178,.8711832,.9018075,.9294425,.9379906,.9052461,.8628049,.9018075,.9294425,.9379906,,,,,,,,,,
309,"full",1,3501,-.0021409,,.9098125,.8799127,.9107101,.9276637,.9276637,.9076715,.8683761,.8799127,.9276637,.9276637,,,,,,,,,,
311,"full",1,10127,-.0410457,,.9064652,.8904429,.9091328,.9091328,.9170533,.8654195,.845946,.845946,.8918985,.9246032,,,,,,,,,,
313,"full",1,1621,-.0011387,,.8990505,.8953745,.8953745,.9047619,.9047619,.8979118,.8953745,.8953745,.8986667,.9047619,,,,,,,,,,
314,"full",1,4791,-.0068414,,.9010945,.8561644,.8921776,.9204621,.9204621,.8942531,.8561644,.8921776,.913473,.9228296,,,,,,,,,,
315,"full",1,710,.002553,,.9003487,.866426,.8988186,.9091328,.9091328,.9029016,.875,.9091328,.9091328,.9091328,,,,,,,,,,
318,"full",1,4539,-.0013751,,.8969942,.8691233,.8830996,.9200714,.925,.895619,.8595194,.8710407,.9200714,.925,,,,,,,,,,
319,"full",1,2556,.000766,,.8978171,.8931034,.8967583,.9009084,.9009084,.8985831,.8931034,.8967583,.9009084,.9030612,,,,,,,,,,
320,"full",1,2495,.0010474,,.9106417,.8898451,.8988186,.9181287,.9351032,.9116891,.8986667,.9053255,.9181287,.9350181,,,,,,,,,,
322,"full",1,1706,-.0003973,,.9041516,.8888889,.9000529,.9035088,.9254341,.9037542,.8888889,.9000529,.9035088,.9254341,,,,,,,,,,
323,"full",1,492,.0042512,,.8999105,.9000529,.9112554,.9112554,.9112554,.9041617,.9000529,.9112554,.9112554,.9112554,,,,,,,,,,
326,"full",1,2429,4.41e-06,,.8972664,.891636,.891636,.8987671,.919692,.8972709,.891636,.891636,.8987671,.919692,,,,,,,,,,
327,"full",1,8160,.0029023,,.894462,.8741093,.8916519,.90125,.9175957,.8973643,.8956079,.8956079,.90125,.90125,,,,,,,,,,
328,"full",1,6832,-.0032125,,.89529,.8571429,.8785835,.907483,.9313027,.8920774,.8410175,.8782435,.907483,.9313027,,,,,,,,,,
329,"full",1,11078,-.00984,,.8996555,.8665879,.890625,.9193111,.9193111,.8898154,.89095,.89095,.89095,.89095,,,,,,,,,,
330,"full",1,5200,.0028359,,.9018956,.8595041,.8864437,.9294118,.9356568,.9047315,.8647799,.8864437,.9317647,.9356568,,,,,,,,,,
331,"full",1,1013,-.0005795,,.8848111,.8662421,.8662421,.9019953,.9019953,.8842316,.8662421,.8662421,.9019953,.9019953,,,,,,,,,,
332,"full",1,2186,.0016168,,.9079759,.8536155,.917209,.9223495,.9317647,.9095927,.8741093,.917209,.9175957,.9317647,,,,,,,,,,
334,"full",1,5718,.0041887,,.8966821,.8711656,.885516,.9177305,.9356568,.9008707,.8711656,.8924731,.9177305,.9311005,,,,,,,,,,
335,"full",1,3230,.0043321,,.9087211,.8743455,.8953824,.9170105,.9407666,.9130532,.8909091,.9019953,.9188361,.9407666,,,,,,,,,,
336,"full",1,1060,-.0011119,,.8944047,.8322148,.8574109,.9368864,.9368864,.8932928,.8322148,.8574109,.9368864,.9368864,,,,,,,,,,
339,"full",1,10177,.0003949,,.8968103,.8571429,.8793566,.9167556,.9209265,.8972052,.8569024,.8793566,.9157224,.9178618,,,,,,,,,,
340,"full",1,8140,.004765,,.9015386,.8866995,.8971559,.9074177,.9209265,.9063036,.8943396,.9044731,.9044731,.9478458,,,,,,,,,,
341,"full",1,1594,,,,,,,,,,,,,,,,,,,,,,
342,"full",1,2121,.0011651,,.9167572,.902834,.902834,.9344934,.9453682,.9179223,.902834,.902834,.9307049,.9477612,,,,,,,,,,
343,"full",1,2122,-.0002705,,.9186697,.9145299,.9147287,.9176136,.9402174,.9183992,.9147287,.9147287,.9176136,.9402174,,,,,,,,,,
344,"full",1,2609,.0004132,,.9174008,.9026063,.9104478,.9296875,.9393939,.917814,.9026063,.9068826,.9296875,.9409283,,,,,,,,,,
345,"full",1,504,-.0005916,,.9269758,.9196891,.9239766,.9301205,.9453682,.9263842,.9239766,.9239766,.9239766,.9415205,,,,,,,,,,
346,"full",1,8123,.0090851,,.8982257,.8318518,.8970891,.9138028,.9285274,.9073107,.8669623,.8941352,.9285274,.9285274,,,,,,,,,,
347,"full",1,1067,-.0010799,,.8803976,.8451957,.861678,.8935331,.9117148,.8793177,.8451957,.8571429,.8931826,.9117148,,,,,,,,,,
350,"full",1,2382,.0042322,,.9217005,.8865248,.8946287,.9408014,.9408014,.9259326,.8913242,.9105431,.9408014,.9408014,,,,,,,,,,
351,"full",1,2808,-.0019485,,.9092888,.8743455,.8953824,.9206008,.9324759,.9073403,.8688524,.8953824,.9206008,.9324759,,,,,,,,,,
352,"full",1,5125,-.0016948,,.8989593,.8799005,.8903108,.9071429,.9234973,.8972645,.8799005,.8903108,.8977795,.9117148,,,,,,,,,,
354,"full",1,263,-.0012143,,.8892305,.861678,.8744076,.9021739,.9021739,.8880162,.8598071,.8744076,.9021739,.9021739,,,,,,,,,,
355,"full",1,4052,.0050485,,.8961576,.8726115,.8862391,.9015933,.9234973,.9012061,.8712643,.8862391,.9234973,.9234973,,,,,,,,,,
356,"full",1,14931,-.0186738,,.9012717,.8665105,.8943519,.9153486,.9179331,.8825979,.8491903,.8491903,.9369689,.9369689,,,,,,,,,,
357,"full",1,4980,.0009143,,.8931217,.8451957,.8918269,.904878,.9188361,.894036,.8451957,.8947368,.904878,.9260486,,,,,,,,,,
358,"full",1,3887,-.0047078,,.9134681,.8941352,.9085271,.9272614,.9272614,.9087603,.8862391,.9031339,.9272614,.9272614,,,,,,,,,,
359,"full",1,984,-.0026695,,.8937906,.8717119,.8863869,.9071323,.9137529,.8911211,.8863869,.8863869,.8928571,.9096672,,,,,,,,,,
360,"full",1,2103,.0086919,,.8896334,.8717119,.8717119,.9137529,.9137529,.8983253,.8717119,.8717119,.9137529,.9137529,,,,,,,,,,
362,"full",1,1098,.0005472,,.9016644,.8970891,.8970891,.9105431,.9105431,.9022117,.8970891,.8970891,.9105431,.9105431,,,,,,,,,,
363,"full",1,2591,.0050399,,.9087819,.8977795,.8977795,.919403,.919403,.9138219,.8977795,.919403,.919403,.919403,,,,,,,,,,
364,"full",1,4761,.0037423,,.9148878,.87046,.9032258,.9452672,.9452672,.9186301,.87046,.9032258,.9452672,.9452672,,,,,,,,,,
365,"full",1,4007,-.0035164,,.9168872,.8937844,.9180036,.9265659,.9270833,.9133707,.8937844,.8967583,.9265659,.9313725,,,,,,,,,,
366,"full",1,5723,-.0001602,,.9120108,.8940043,.9064857,.9211218,.9311273,.9118506,.8940043,.907489,.9211218,.9211218,,,,,,,,,,
367,"full",1,1313,-.002022,,.8960324,.8804213,.8804213,.9151344,.9265659,.8940104,.8804213,.8804213,.9130435,.9265659,,,,,,,,,,
368,"full",1,5704,.004723,,.9185923,.8980963,.9192547,.9311273,.9311273,.9233153,.8980963,.9311273,.9311273,.9311273,,,,,,,,,,
369,"full",1,1517,.003746,,.8994087,.8733153,.8733153,.9311273,.9423816,.9031547,.8733153,.8739496,.9311273,.9423816,,,,,,,,,,
370,"full",1,1259,,,,,,,,,,,,,,,,,,,,,,
371,"full",1,5055,-.0010558,,.9006758,.8700565,.9083041,.9124134,.9237288,.8996201,.8618785,.9083041,.9124134,.9237288,,,,,,,,,,
373,"full",1,3726,-.0092144,,.9070255,.9040334,.9040334,.912255,.912999,.8978111,.8639456,.9040334,.9040334,.912999,,,,,,,,,,
374,"full",1,1369,.0002691,,.8574437,.7893462,.8344156,.8778626,.9056604,.8577127,.79,.8465704,.8778626,.9056604,,,,,,,,,,
375,"full",1,839,.0020074,,.8874811,.8807811,.8807811,.8837965,.9276637,.8894885,.8807811,.8807811,.8837965,.9276637,,,,,,,,,,
376,"full",1,1365,-.0007001,,.8700421,.8333333,.8603066,.8837965,.8837965,.869342,.8333333,.8603066,.8837965,.8837965,,,,,,,,,,
377,"full",1,6588,-.0237495,,.9079941,.8879493,.9158092,.9158092,.9158092,.8842446,.8837965,.8879493,.8879493,.8904899,,,,,,,,,,
380,"full",1,12421,.0041057,,.8997866,.8764616,.8903226,.9110898,.9218662,.9038923,.8860182,.8860182,.9218662,.9218662,,,,,,,,,,
382,"full",1,1140,-.0003244,,.8848034,.8768844,.880597,.8944392,.8944392,.8844789,.8768844,.8768844,.8944392,.8944392,,,,,,,,,,
383,"full",1,2064,.0015447,,.8719387,.8074867,.8506494,.9138514,.9585062,.8734834,.8074867,.8506494,.9138514,.9585062,,,,,,,,,,
385,"full",1,4406,.0022148,,.9103124,.8836502,.8903803,.9220779,.9584121,.9125272,.8836502,.8878788,.9349046,.9584121,,,,,,,,,,
386,"full",1,1102,.0050839,,.9053149,.8701162,.9000689,.9153226,.9153226,.9103988,.9000689,.9153226,.9153226,.9153226,,,,,,,,,,
388,"full",1,900,-.0023659,,.8813825,.8550336,.8731809,.9015102,.9015102,.8790165,.8550336,.8731809,.9015102,.9015102,,,,,,,,,,
390,"full",1,1323,-.0000232,,.9138735,.8821428,.9185668,.9185668,.9185668,.9138502,.8821428,.9185668,.9185668,.9185668,,,,,,,,,,
391,"full",1,14461,.0124145,,.8956578,.8648897,.8931451,.9160262,.9213147,.9080724,.9101819,.9101819,.9101819,.9101819,,,,,,,,,,
393,"full",1,1423,.002653,,.9030306,.8728434,.8728434,.9145183,.9375,.9056836,.8728434,.9071038,.9145183,.9375,,,,,,,,,,
394,"full",1,6326,.0010746,,.8972868,.8726655,.8931451,.907419,.9112628,.8983614,.8593272,.8931451,.9076923,.9351852,,,,,,,,,,
396,"full",1,702,.0021098,,.9039134,.8888889,.8980668,.9119497,.94712,.9060231,.8980668,.8980668,.9119497,.94712,,,,,,,,,,
397,"full",1,10066,-.0018651,,.894244,.8657718,.8838832,.9035533,.9198988,.8923789,.8659218,.8838832,.9015352,.9074074,,,,,,,,,,
399,"full",1,1210,-.0038174,,.899203,.8748435,.8748435,.9190751,.92063,.8953856,.8748435,.8748435,.9157733,.9275362,,,,,,,,,,
400,"full",1,1869,.0034491,,.8983948,.8567543,.8819444,.9130905,.9130905,.9018439,.8567543,.9130905,.9130905,.9130905,,,,,,,,,,
402,"full",1,867,-.0071056,,.8939312,.8389513,.9012346,.94712,.94712,.8868256,.7469879,.8552632,.94712,.94712,,,,,,,,,,
406,"full",1,570,.0016827,,.9179606,.8601398,.9209877,.9209877,.9425287,.9196433,.9209877,.9209877,.9209877,.9425287,,,,,,,,,,
411,"full",1,566,-.000709,,.8991789,.8939394,.8939394,.9079365,.9079365,.8984699,.8939394,.8939394,.9079365,.9079365,,,,,,,,,,
413,"full",1,855,.005304,,.9035031,.8549223,.9015102,.9220779,.9349046,.9088072,.8529412,.8836502,.9349046,.9349046,,,,,,,,,,
416,"full",1,3239,-.0178914,,.9014078,.8574359,.8989386,.92063,.92063,.8835164,.8574359,.8574359,.9190751,.92063,,,,,,,,,,
417,"full",1,688,-.0084113,,.8746697,.8550336,.8550336,.9017959,.9133791,.8662584,.8550336,.8550336,.8701162,.9131206,,,,,,,,,,
418,"full",1,895,.0055701,,.8971841,.8552632,.9015102,.906383,.906383,.9027542,.9015102,.906383,.906383,.906383,,,,,,,,,,
420,"full",1,987,-.0081999,,.9032915,.8513514,.9,.9211765,.9211765,.8950916,.8513514,.8513514,.9211765,.9211765,,,,,,,,,,
421,"full",1,1530,-.0016952,,.9068071,.8787879,.9043478,.9193038,.9258621,.9051119,.8787879,.9043478,.9193038,.9258621,,,,,,,,,,
422,"full",1,1595,.0055782,,.8985133,.8881972,.8881972,.9076133,.9260949,.9040915,.8881972,.8881972,.9098242,.9260949,,,,,,,,,,
424,"full",1,1733,.0028983,,.9240567,.8988096,.9087744,.9458647,.9490909,.926955,.9069069,.9087744,.9458647,.9490909,,,,,,,,,,
426,"full",1,8032,-.0033776,,.9026588,.8809091,.8952467,.9126733,.9126733,.8992811,.8809091,.8952467,.9116173,.9177592,,,,,,,,,,
427,"full",1,3475,.0038063,,.9051857,.8391813,.8853933,.9341229,.9341229,.908992,.8391813,.8853933,.9341229,.9341229,,,,,,,,,,
429,"full",1,4762,-.0104418,,.9043642,.880597,.8947368,.913473,.914787,.8939224,.880597,.880597,.913253,.914787,,,,,,,,,,
430,"full",1,7769,-.0006214,,.9120346,.8871745,.8982344,.92905,.92905,.9114132,.913473,.913473,.913473,.913473,,,,,,,,,,
431,"full",1,9742,.013798,,.9090974,.8947368,.9126733,.9126733,.9248846,.9228954,.9248846,.9248846,.9248846,.9248846,,,,,,,,,,
432,"full",1,4255,.0064047,,.9116088,.8907104,.9117162,.9171375,.9238378,.9180135,.8981553,.9238378,.9238378,.9238378,,,,,,,,,,
437,"full",1,1524,-.0031831,,.9130494,.8779661,.9059406,.9212367,.9218856,.9098663,.8779661,.9002268,.9212367,.9218856,,,,,,,,,,
438,"full",1,1608,-.0015642,,.9076693,.9082623,.9082623,.9082623,.9140272,.9061051,.9082623,.9082623,.9082623,.9091432,,,,,,,,,,
439,"full",1,8892,.0053786,,.9133321,.8928571,.9067796,.9218856,.9514349,.9187107,.9082623,.9218856,.9218856,.9218856,,,,,,,,,,
440,"full",1,6511,-.0041192,,.9134471,.8867925,.900463,.924221,.9354839,.9093279,.8826815,.8939394,.9249564,.93361,,,,,,,,,,
441,"full",1,2641,-.017318,,.9112171,.8916256,.9091432,.9212367,.9212367,.8938991,.8916256,.8916256,.8916256,.9067796,,,,,,,,,,
442,"full",1,874,-.0001354,,.9051237,.9019608,.9019608,.9039464,.9039464,.9049883,.9019608,.9019608,.9039464,.9039464,,,,,,,,,,
443,"full",1,2965,-.0043356,,.8981497,.8498169,.8714285,.9208689,.9230769,.8938141,.8377193,.8647469,.9208689,.9212538,,,,,,,,,,
445,"full",1,1319,.0008555,,.9066572,.8877551,.9048932,.9104683,.9279279,.9075127,.8953824,.9048932,.9104683,.9279279,,,,,,,,,,
446,"full",1,555,-.0025389,,.9130889,.8739496,.8999009,.933635,.933635,.9105501,.8739496,.8999009,.92898,.933635,,,,,,,,,,
447,"full",1,1642,-.0033768,,.9073813,.8880455,.8999009,.92898,.92898,.9040045,.8880455,.8999009,.9009009,.92898,,,,,,,,,,
448,"full",1,1160,-.0068443,,.9109691,.9032787,.9032787,.9178177,.9178177,.9041249,.9032787,.9032787,.9032787,.9032787,,,,,,,,,,
449,"full",1,4330,.0103226,,.9074008,.8790323,.8790323,.9254571,.9553072,.9177235,.8790323,.8928571,.9395466,.955414,,,,,,,,,,
450,"full",1,1193,.0037984,,.9117943,.8979938,.8979938,.9210811,.9222479,.9155927,.8979938,.8995816,.9210811,.9222479,,,,,,,,,,
451,"full",1,13904,.0112694,,.8950465,.8637951,.8929592,.9067296,.9096546,.9063159,.9067296,.9067296,.9067296,.9067296,,,,,,,,,,
452,"full",1,659,-.0046585,,.9154769,.8777778,.9096546,.937365,.937365,.9108185,.8777778,.9096546,.9161392,.937365,,,,,,,,,,
456,"full",1,696,-.0008138,,.9088274,.893401,.8979938,.9189743,.9189743,.9080136,.893401,.893401,.9189743,.9189743,,,,,,,,,,
