hrr,mfx_10,pfx_10,pfx_fam_10,pfx_m0_10,mfx_25,pfx_25,pfx_fam_25,pfx_m0_25,mfx_50,pfx_50,pfx_fam_50,pfx_m0_50,mfx_75,pfx_75,pfx_fam_75,pfx_m0_75,mfx_90,pfx_90,pfx_fam_90,pfx_m0_90,mfx_mean,pfx_mean,pr_mean,pr_obs,pfx_fam_mean,pfx_m0_mean,mfx_sd,pfx_sd,pfx_fam_sd,pfx_m0_sd,mfx_count,pfx_count,hrr_group,eta
456,5.90e-28,0,-.1644375,0,1.66e-27,0,-.0579918,0,3.82e-27,0,.0598911,0,7.64e-27,0,.2424607,0,1.34e-26,0,.3480151,0,5.60e-27,0,.582046,.4649298,.0822237,0,5.67e-27,0,.1911728,0,998,998,305,1
452,.0013175,-.0259812,-.0478656,-.0099007,.0055865,-.0165454,-.0082548,-.0006452,.0137435,-.0083439,.053469,.0005867,.0280389,-.0030695,.276459,.0034822,.0418332,-.00085,.6040865,.0069559,.0190473,-.0110683,.2655938,.2671928,.1612624,-.0003997,.0182785,.0099503,.2532499,.0099124,1774,1774,304,1
451,0,0,-.0307163,0,0,0,-.0065211,0,0,0,.0563834,0,0,0,.2830446,0,0,0,.5501515,0,0,0,.2474844,.2346758,.1603794,0,0,0,.2248683,0,41095,41095,303,1
450,4.48e-16,0,-.089907,0,1.13e-15,0,-.0328203,0,2.39e-15,0,.2058996,0,4.44e-15,0,.4551909,0,7.55e-15,0,.5783951,0,3.30e-15,0,.4578031,.461183,.2159976,0,2.98e-15,0,.2599299,0,2164,2164,302,1
449,0,0,-.0461152,0,0,0,-.0132447,0,0,0,.0939803,0,0,0,.4810903,0,0,0,.6593051,0,0,0,.3493869,.3374692,.220819,0,0,0,.2799233,0,8946,8946,301,1
448,.0101868,-.0805839,-.0648539,-.0289139,.024696,-.0580492,.0475106,-.0044375,.0508363,-.0320717,.2480285,.0033033,.0918781,-.0169157,.4171726,.0125018,.1355552,-.00801,.5893561,.0195956,.0644201,-.037855,.527307,.3961977,.2499768,-.0005514,.0514748,.0255615,.2596745,.0281664,1315,1315,300,1
447,.0009961,-.006382,-.1246756,-.0034054,.0022339,-.0042372,-.0330226,-.0003861,.0039118,-.0026509,.1180276,.000175,.0067003,-.0015696,.332809,.0011282,.0099444,-.0007499,.5161958,.0026468,.0049151,-.0031588,.388699,.3952615,.1560232,-.0000115,.0038738,.0022054,.2389813,.0029571,3461,3461,299,1
446,4.74e-27,0,-.0314125,0,9.00e-27,0,.0101443,0,1.71e-26,0,.1025721,0,2.77e-26,0,.3185094,0,4.07e-26,0,.534821,0,2.00e-26,0,.306316,.25,.180957,0,1.50e-26,0,.2160548,0,1188,1188,298,1
445,1.19e-20,0,-.0624507,0,3.07e-20,0,-.0251328,0,6.15e-20,0,.0429703,0,1.15e-19,0,.2471128,0,1.83e-19,0,.3694614,0,8.42e-20,0,.3858352,.3579627,.1078315,0,7.73e-20,0,.1692179,0,2788,2788,297,1
443,.0032313,-.0135795,-.0379325,-.0071311,.0057073,-.0094379,-.0053668,-.0003182,.0097421,-.005866,.0401639,.0006472,.015445,-.0036153,.153177,.0025165,.0229982,-.0020377,.287359,.004789,.0116754,-.0068736,.2920979,.2484798,.0818,.0000284,.0083331,.0044064,.1297098,.0058496,7236,7236,295,1
442,0,-.0091406,-.0329407,-.0040675,.0008702,-.0055492,0,-.0004694,.00347,-.0024675,.0198361,.0000246,.008389,-.0005777,.0473436,.0011696,.0150644,0,.0895146,.0038725,.0066325,-.0041523,.7306756,.6864813,.0296145,-.0000846,.0108261,.0057312,.067802,.0064733,1043,1043,294,1
441,2.51e-22,0,-.1367644,0,5.38e-22,0,-.0463468,0,9.45e-22,0,.0515346,0,1.45e-21,0,.2627532,0,2.25e-21,0,.4194996,0,1.13e-21,0,.3664656,.3495519,.1049498,0,8.75e-22,0,.2064128,0,6248,6248,293,1
440,.000249,-.0011524,-.0659083,-.0006421,.0004531,-.0008025,-.0251675,-.000057,.0007631,-.0005122,.0406272,.0000448,.0012414,-.0003023,.2050666,.0002166,.0019061,-.0001649,.3817615,.0004816,.0009537,-.0005965,.3075153,.3094688,.1015357,-2.65e-07,.0007397,.0003966,.1781715,.0005372,16887,16887,292,1
439,.0001322,-.0012421,-.0583778,-.0004156,.0002778,-.0007759,.000838,-.0000276,.0006229,-.0004017,.2144072,.0000498,.0012711,-.0001941,.509555,.0001725,.0021158,-.0000954,.6606021,.0002703,.0008685,-.0005283,.4290157,.2960107,.2554671,3.63e-06,.0007744,.000413,.2755689,.0004421,12709,12709,291,1
438,1.09e-38,0,-.0667135,0,2.14e-38,0,-.0264338,0,5.03e-38,0,.1839052,0,1.20e-37,0,.2675024,0,2.35e-37,0,.3490088,0,9.67e-38,0,.5222647,.4809102,.1378823,0,1.26e-37,0,.1696365,0,2593,2593,290,1
437,5.09e-28,0,-.0559201,0,9.50e-28,0,-.0171913,0,1.84e-27,0,.1338453,0,3.50e-27,0,.351487,0,5.82e-27,0,.5291513,0,2.54e-27,0,.3623149,.3535256,.1810013,0,2.22e-27,0,.2240756,0,3120,3120,289,1
432,.0004095,-.0022963,-.0815168,-.001323,.0008533,-.001548,-.0164049,-.0001711,.0015015,-.0009844,.077495,.0000968,.0025219,-.0005992,.2657924,.0004375,.0037138,-.0003066,.4536119,.0010475,.0018782,-.0011605,.3465998,.3197425,.1321526,-7.23e-06,.0014963,.0007799,.1962504,.0011217,10252,10252,287,1
431,0,0,-.0905131,0,0,0,-.0334194,0,0,0,.0298274,0,0,0,.2415051,0,0,0,.3773129,0,0,0,.3244017,.3127086,.0998295,0,0,0,.179232,0,25471,25471,286,1
430,0,0,-.0400518,0,0,0,-.0102806,0,0,0,.0416675,0,0,0,.1558857,0,0,0,.2801894,0,0,0,.2377253,.2228506,.0834045,0,0,0,.1268085,0,26345,26345,285,1
429,.0013027,-.0071888,-.0462498,-.0036553,.0025786,-.0050811,-.0161424,-.0002663,.0047421,-.0031205,.02494,.0002809,.0078778,-.0017022,.1390812,.0012471,.0117958,-.0007706,.2440412,.0028804,.005851,-.0036426,.1999707,.1987272,.0681383,1.43e-06,.0045935,.0025262,.119528,.0031722,19328,19328,284,1
427,.0016928,-.0128295,-.0358267,-.0063404,.0034667,-.0079112,-.0031302,-.0005253,.0069547,-.0044779,.0886188,.0004735,.0131745,-.0022669,.2748125,.0018149,.0223162,-.0011355,.3972159,.0039738,.0096646,-.005705,.3875261,.2827117,.1408792,-.0001783,.008707,.0044891,.1706109,.0052962,6756,6756,282,1
426,.0006845,-.0047497,-.0252776,-.0020172,.0015067,-.0030882,-.0077733,-.0000622,.0028465,-.0017771,.0198349,.0001647,.004938,-.0009183,.1520128,.0007629,.0079492,-.0003865,.3302945,.0015866,.0036724,-.0022169,.2068353,.1865532,.0909436,8.02e-06,.0031271,.0017474,.148395,.0019163,27724,27724,281,1
424,.0001653,-.0012369,-.0339342,-.0006442,.000434,-.0008794,.0066223,-.000031,.0007925,-.0005499,.130156,.0000392,.0013779,-.0003175,.2524592,.0001479,.0021061,-.0001155,.3422993,.0003971,.0009895,-.0006219,.4657156,.4197928,.1405111,-.0000183,.0007738,.0004132,.1519754,.0005331,2799,2799,280,1
422,1.84e-21,0,-.0741898,0,3.41e-21,0,-.033485,0,6.40e-21,0,.0001108,0,1.07e-20,0,.3336905,0,1.74e-20,0,.492812,0,8.45e-21,0,.3110044,.2983974,.1247401,0,7.83e-21,0,.2212114,0,3931,3931,278,1
421,.0000168,-.0000764,-.0315315,-.0000382,.0000326,-.0000551,-.0075341,-5.53e-07,.0000566,-.0000355,.0289487,3.79e-06,.0000908,-.000021,.1209218,.0000141,.0001263,-.0000101,.2499837,.0000281,.0000669,-.0000402,.2084031,.2010433,.0720063,3.79e-07,.0000474,.0000258,.1181893,.0000318,4984,4984,277,1
420,8.84e-18,0,-.1352194,0,2.89e-17,0,-.0066192,0,7.81e-17,0,.0859604,0,1.66e-16,0,.1982658,0,2.50e-16,0,.2837645,0,1.11e-16,0,.5757704,.3335766,.0850027,0,1.09e-16,0,.1583543,0,1370,1370,276,1
418,1.40e-20,0,-.0063087,0,7.01e-20,0,.0273145,0,1.49e-19,0,.0888864,0,2.46e-19,0,.2601397,0,3.15e-19,0,.3382599,0,1.66e-19,0,.5734023,.2760314,.140187,0,1.25e-19,0,.144297,0,1018,1018,275,1
417,0,0,-.1720866,0,0,0,0,0,0,0,.1676209,0,0,0,.2819242,0,0,0,.3699887,0,0,0,.6195697,.2144772,.1277052,0,0,0,.2144101,0,373,373,274,1
416,.0082733,-.0353411,-.0768907,-.0193415,.0139998,-.0233321,-.0189591,-.0044246,.0228118,-.0144236,.0655105,.0016205,.0385984,-.0088933,.2446403,.0073772,.0571477,-.0050751,.3895206,.0157184,.0291288,-.0175011,.2905049,.2499717,.1175772,.0000254,.021929,.0118946,.1820438,.01584,8845,8845,273,1
413,0,0,-.0426725,0,0,0,-.010128,0,0,0,.0917955,0,0,0,.4225952,0,0,0,.599187,0,0,0,.3614598,.3617499,.1976211,0,0,0,.2553511,0,1783,1783,272,1
411,.0185367,-.0528199,-.0731022,-.0382089,.03128,-.0444217,-.0161563,-.0027893,.0462395,-.0287476,.0537974,.0016058,.0670097,-.0194221,.1594186,.0085202,.0920243,-.0108443,.3026435,.0329239,.0519328,-.0304296,.4870448,.2957111,.0835363,.0000442,.0318909,.0155306,.142154,.026257,886,886,270,1
406,0,0,-.0345393,0,0,0,0,0,0,0,.0387432,0,0,0,.1353281,0,0,0,.2148399,0,0,0,.6253033,.400703,.0654653,0,0,0,.1117592,0,569,569,269,1
402,.0026755,-.009409,-.0529967,-.0045307,.0038496,-.0060231,-.030718,-.0011898,.0058276,-.0035703,.0030664,.0005248,.009378,-.0022171,.0837865,.0020341,.0153655,-.0014403,.2072927,.0037436,.0075265,-.0045357,.1989526,.1914622,.0417885,.0000455,.0055267,.0031937,.1123791,.003907,3139,3139,268,1
400,0,-.005517,-.1820285,-.0031549,.0011376,-.0033343,-.0892596,-.0004275,.0031976,-.0018949,.0368352,.0000884,.0056308,-.0008201,.2734439,.0011573,.0083039,0,.4129097,.0025509,.0039652,-.0023314,.5199153,.4364919,.0876236,.0000155,.0038198,.0019979,.2185557,.0025452,2976,2976,267,1
399,0,0,-.0398631,0,0,0,-.0162657,0,0,0,.0278853,0,0,0,.1689179,0,0,0,.2983252,0,0,0,.2990138,.1887719,.0833054,0,0,0,.1334611,0,2850,2850,266,1
397,0,0,-.0106458,0,0,0,.0028096,0,0,0,.0372031,0,0,0,.128208,0,0,0,.2644675,0,0,0,.1790771,.1771719,.084972,0,0,0,.1234761,0,35982,35982,265,1
396,.0012029,-.0098409,-.069142,-.0049233,.0028702,-.0070767,-.0183898,-.0006293,.0061355,-.0042593,.0256892,.0002358,.0108679,-.0018071,.1249892,.0018454,.0165094,-.0007132,.2321513,.0046077,.0078372,-.0048661,.3506754,.2818482,.0546368,.0000601,.0067749,.0037154,.1168067,.0047734,1515,1515,264,1
394,.0013193,-.0126776,-.0168898,-.0052411,.0030531,-.0082635,-.0026819,-.0001206,.0069026,-.0042434,.0320216,.0003148,.0132798,-.001727,.1830818,.0019528,.0209442,-.0006943,.3926722,.0046822,.0093678,-.0055992,.202029,.2060169,.1124238,.0000441,.008634,.0048104,.1674129,.0052801,21639,21639,263,1
393,.0045461,-.0232277,-.0333278,-.0128753,.0084909,-.0164732,.0158383,-.0020773,.0164683,-.0105556,.0873882,.001118,.0256036,-.0058759,.2519738,.0046483,.037153,-.0033497,.3680537,.0103488,.0191653,-.0119699,.3872388,.3410443,.1350189,.0001287,.013953,.007563,.1566262,.0109541,3026,3026,262,1
391,.000768,-.0037705,-.0048247,-.0018684,.0015483,-.002736,.0070225,-8.33e-06,.0028317,-.0017181,.0408471,.0002071,.0044959,-.000913,.1120358,.0006752,.0063403,-.0004133,.2314507,.0013669,.0033187,-.001941,.1374087,.1392472,.080437,4.59e-06,.0024555,.001325,.1112598,.0016511,66206,66206,261,1
390,.0033863,-.0273988,-.1273896,-.016353,.0073225,-.0176077,-.0306702,-.0020459,.0156353,-.0104754,.1091278,.0014529,.0317847,-.0052661,.200331,.003553,.0449266,-.0027463,.2538353,.0142209,.0214394,-.012755,.5991406,.3982777,.0866127,.0001531,.018996,.0097048,.1477523,.0151166,1858,1858,260,1
388,.0118406,-.0411462,-.1174952,-.0281881,.0181175,-.0267471,-.035603,-.0080537,.0295804,-.0170737,.0815342,.0028157,.0473492,-.010938,.2743993,.0095887,.0742985,-.0075627,.4288714,.019529,.037159,-.0205213,.3448052,.3061114,.1229603,-.0006745,.0272844,.0129225,.2055768,.0211255,1849,1849,259,1
386,.006493,-.0562663,.0043635,-.0119526,.0200976,-.0441631,.0586221,.000055,.0485243,-.0277033,.1485118,.0044557,.0801665,-.012819,.209169,.0091172,.0921308,-.0039048,.2654809,.0105281,.0523439,-.0289445,.6097771,.2027027,.1425183,.001017,.0384084,.0183995,.1075248,.0197077,518,518,258,1
385,.0011679,-.0040969,-.0190571,-.0019113,.001812,-.0028728,-.0009117,-.0000238,.0029077,-.0018374,.0316949,.000214,.0045733,-.001138,.0973876,.0006587,.0066607,-.0006951,.1820616,.0013655,.0035109,-.0021507,.160625,.1590897,.06017,.0000193,.0024239,.0013577,.090256,.0015834,18851,18851,257,1
383,.0035148,-.013463,-.0395926,-.0083121,.0055718,-.0093081,-.0184345,-.001958,.0096452,-.0055267,.0054283,.0009723,.0159144,-.0032294,.0492162,.0035515,.0240111,-.0018675,.1024778,.007061,.0118814,-.0067748,.1794003,.1685568,.020464,.0001171,.0085887,.0046973,.0619046,.0068056,8994,8994,256,1
382,6.62e-29,0,-.1143328,0,1.11e-28,0,-.0536764,0,1.83e-28,0,.035816,0,2.90e-28,0,.1902732,0,4.08e-28,0,.2851204,0,2.13e-28,0,.397403,.3132313,.0699365,0,1.38e-28,0,.1595925,0,2222,2222,255,1
380,.0016609,-.0114807,-.057396,-.0059465,.0036576,-.0076621,-.0153841,-.0005653,.0072192,-.0045788,.0520976,.0004342,.0127152,-.0023824,.2484732,.0021667,.0187177,-.0010336,.4152532,.0043604,.0091113,-.0054514,.3058947,.2899555,.1231563,-5.53e-06,.0074175,.0039515,.1868792,.0051029,31022,31022,254,1
377,0,0,-.0280956,0,0,0,.0258007,0,0,0,.1922522,0,0,0,.2729558,0,0,0,.3514291,0,0,0,.5863946,.4153762,.1699768,0,0,0,.1496184,0,9170,9170,252,1
376,.0101178,-.0442915,-.0784085,-.0219141,.017956,-.030648,-.030617,-.0016436,.0309476,-.0194025,.0519048,.0024486,.0512382,-.0107378,.2298214,.0099233,.078204,-.0054466,.378076,.0169869,.0380939,-.0222944,.3505729,.3008596,.1029251,.0007777,.0279444,.0146603,.1726446,.0189799,2792,2792,251,1
375,6.13e-36,0,-.0422342,0,1.00e-35,0,.0036842,0,1.52e-35,0,.0918381,0,2.64e-35,0,.1870967,0,3.95e-35,0,.2778381,0,1.94e-35,0,.3970885,.3783784,.1060219,0,1.33e-35,0,.1242951,0,1702,1702,250,1
374,9.95e-26,0,-.0469201,0,1.96e-25,0,-.0042676,0,3.80e-25,0,.0904087,0,6.31e-25,0,.2192506,0,9.34e-25,0,.3456364,0,4.52e-25,0,.3583499,.1945312,.1177559,0,3.43e-25,0,.1489643,0,2560,2560,249,1
373,0,0,-.076177,0,0,0,-.0324902,0,0,0,.0034427,0,0,0,.1938175,0,0,0,.31675,0,0,0,.3034286,.3011404,.0731191,0,0,0,.1542865,0,9909,9909,248,1
371,.0015938,-.0237582,-.1224973,-.011294,.0052356,-.0143957,-.0219335,-.002085,.0110027,-.007241,.1539896,.0006737,.0225576,-.0032629,.2849645,.0037216,.0393794,-.0011218,.4069099,.0096912,.0165738,-.0101813,.5059501,.4030239,.1428562,.0000378,.0166738,.0091425,.2041099,.0106079,8069,8069,247,1
370,0,0,-2.98e-08,0,0,0,0,0,0,0,0,0,0,0,.0991378,0,0,0,.1715834,0,0,0,.7880634,.2867299,.0458624,0,0,0,.0731097,0,844,844,246,1
369,.0020551,-.0077014,-.0360747,-.0041246,.0036757,-.0054847,-.0122027,-.000183,.0059809,-.003765,.0280421,.0004196,.0090834,-.0023523,.1212283,.0015398,.0125596,-.0012861,.2315191,.0028505,.0068725,-.0041338,.2335488,.2201775,.0645136,.0000131,.0046135,.0024379,.1068829,.0032786,4619,4619,245,1
368,1.08e-26,0,-.0527766,0,2.58e-26,0,-.0020391,0,6.45e-26,0,.1777117,0,1.35e-25,0,.2725574,0,2.22e-25,0,.3547532,0,9.35e-26,0,.5538894,.3100785,.1516138,0,9.06e-26,0,.1669444,0,7898,7898,244,1
367,.002183,-.0533658,-.0391868,-.0187173,.0103083,-.0336505,-.0050159,-.001943,.0292371,-.0177463,.1172578,.0022587,.0556449,-.0063782,.2801425,.0073721,.0890634,-.0013679,.3528116,.0136048,.0379171,-.0222409,.4164144,.3002208,.1389073,.0004046,.0347192,.01921,.1620049,.0176178,2265,2265,243,1
366,0,0,-.0682753,0,0,0,-.0264752,0,0,0,.0199357,0,0,0,.2407777,0,0,0,.4087422,0,0,0,.3027851,.2531752,.1060534,0,0,0,.1854029,0,14330,14330,242,1
365,0,0,-.0869454,0,0,0,-.0243033,0,0,0,.0752115,0,0,0,.2734082,0,0,0,.4792985,0,0,0,.3544692,.2896504,.1340192,0,0,0,.2123129,0,8638,8638,241,1
364,2.29e-20,0,-.0042781,0,5.46e-20,0,.008084,0,1.02e-19,0,.0559855,0,1.64e-19,0,.192305,0,2.60e-19,0,.3601873,0,1.25e-19,0,.2317888,.2216699,.1185902,0,1.00e-19,0,.1472332,0,14887,14887,240,1
363,.0001642,-.002035,-.0307633,-.0009206,.0004476,-.0014364,-.0020229,-.0000746,.0012023,-.0007974,.059401,.0000427,.0022747,-.0002786,.2295292,.0002662,.0036991,-.0001046,.383257,.0006319,.0015937,-.0009458,.349293,.3484609,.1201948,-8.53e-06,.0014817,.0007411,.1749684,.0009899,5685,5685,239,1
362,.0136218,-.0441423,-.0289401,-.0264348,.0223581,-.0326862,-.003834,-.001721,.0366956,-.0218607,.0355378,.0023181,.0571683,-.0132563,.112157,.0085353,.0802678,-.0078157,.2056692,.0193051,.0418014,-.024022,.2650689,.2580227,.0631357,-.0001207,.0258101,.013725,.0945807,.0198356,3085,3085,238,1
360,1.84e-20,0,-.0459166,0,3.42e-20,0,-.0095135,0,5.83e-20,0,.1049134,0,1.03e-19,0,.237219,0,1.54e-19,0,.3313249,0,7.85e-20,0,.3909971,.3860302,.1246721,0,6.62e-20,0,.1558063,0,4567,4567,237,1
359,.0086184,-.0672892,-.0453617,-.0476302,.0262501,-.0429315,.0158885,-.0065662,.0476229,-.0279851,.143534,.0026045,.0857722,-.0139444,.2401937,.0112398,.1334901,-.0051993,.3614536,.0324951,.0599882,-.0322336,.4994348,.254022,.1430316,-.0019468,.0487087,.0233548,.1542274,.0362192,1181,1181,236,1
358,.0045542,-.038578,-.0225205,-.0175673,.0106973,-.0256084,-.0035028,-.0010278,.0223927,-.0143128,.0327604,.0008388,.0412525,-.0063519,.1985132,.0061618,.0653059,-.0024291,.3073325,.0135196,.0299079,-.0178251,.2726523,.2650164,.0956661,-.0000836,.026379,.014424,.1325416,.0166014,10988,10988,235,1
357,0,0,-.0190811,0,0,0,.004739,0,0,0,.0619443,0,0,0,.200748,0,0,0,.3736145,0,0,0,.245305,.2300816,.120736,0,0,0,.1557785,0,12752,12752,234,1
356,.0000599,-.0004254,-.0066107,-.0002055,.0001472,-.0002935,.0050686,-6.38e-06,.0002782,-.000178,.058931,.000014,.0004709,-.0000921,.208268,.0000727,.0007067,-.0000353,.3824195,.00015,.0003456,-.0002092,.2253119,.222038,.1268718,2.43e-07,.0002822,.0001535,.1599699,.0001833,48253,48253,233,1
355,0,0,-.0316249,0,0,0,-.0013371,0,0,0,.0528118,0,0,0,.1564679,0,0,0,.2578605,0,0,0,.2445956,.2462161,.0866869,0,0,0,.1232646,0,12355,12355,232,1
354,.0257375,-.0849497,-.0088633,-.0530375,.0461408,-.0620711,.0098784,-.0019142,.0724546,-.0423669,.1002736,.0055037,.1092802,-.0270618,.211565,.018135,.1653275,-.0143205,.31112,.0313598,.0832822,-.0462885,.3389803,.3221757,.1229728,-.0008527,.0567042,.0264827,.1213084,.0413271,478,478,231,1
352,.0018926,-.0133609,-.0207812,-.004629,.0034533,-.0081409,-.0018253,-.0002344,.0068586,-.0042514,.0763627,.0005324,.0135884,-.0020313,.3092459,.0022765,.0237667,-.001089,.5021982,.0037649,.0097971,-.0057625,.2884926,.2136588,.1651808,.0001122,.008729,.0046808,.2037205,.0048747,9913,9913,230,1
351,0,0,-.0264195,0,0,0,.0086338,0,0,0,.1054223,0,0,0,.2812065,0,0,0,.4239124,0,0,0,.3579818,.3059908,.1536458,0,0,0,.1774453,0,5425,5425,229,1
350,4.93e-26,0,-.0158967,0,1.35e-25,0,.0308291,0,3.39e-25,0,.1553695,0,6.83e-25,0,.2526682,0,1.05e-24,0,.3650318,0,4.62e-25,0,.5488265,.4238389,.1571391,0,4.22e-25,0,.1510238,0,3079,3079,228,1
347,.0019732,-.0055688,.0061374,-.0033147,.0031092,-.0044515,.0462474,-.0003659,.0051327,-.0029372,.132733,.000425,.0077082,-.001911,.2655295,.0010544,.0092999,-.0012023,.3288919,.0020943,.0054971,-.0031654,.4522626,.1916253,.155545,-.0000219,.0031111,.0015631,.1266247,.0024603,1409,1409,227,1
346,.0014999,-.0082645,-.019862,-.0046399,.0032548,-.0056808,-.0001419,-.0003455,.005702,-.0036049,.0542816,.0003599,.0093131,-.0020847,.1604596,.0016901,.0137013,-.0008269,.2749794,.0036577,.0069321,-.0041629,.2261213,.2245618,.0925535,.0000265,.0053009,.0028742,.1222413,.0037492,27498,27498,226,1
345,0,0,.0040906,0,0,0,.0534858,0,0,0,.2045577,0,0,0,.2778782,0,0,0,.3466967,0,0,0,.4662098,.130734,.1868933,0,0,0,.1320833,0,436,436,225,1
344,.0020236,-.0123666,-.0318395,-.0040575,.0040074,-.0081411,-.0030922,-.0001438,.0074307,-.0047223,.0577304,.0003975,.0131191,-.0025724,.2563346,.0017651,.0189702,-.0013222,.4581135,.0030562,.0094131,-.0058051,.2741949,.2631167,.1392454,-2.28e-06,.0075094,.0042059,.1909152,.0043018,6385,6385,224,1
343,.0003158,-.001711,-.0379658,-.0006388,.0005815,-.0012304,.0002365,-.0000343,.0010677,-.0007066,.0646704,.0000784,.0019559,-.0004179,.1628661,.0002431,.0028076,-.0002108,.2360021,.0004505,.0013178,-.0008409,.442627,.2640789,.0818658,.0000256,.0009165,.0005408,.1071746,.0005412,3143,3143,223,1
342,.0027847,-.0247219,-.1248923,-.0097602,.0071572,-.0169709,-.0300185,-.001147,.0150342,-.0101299,.1346132,.0009363,.0260203,-.0049934,.2457358,.0032642,.0389896,-.0020278,.3550998,.0067001,.0184761,-.0118713,.5051629,.3885618,.1193968,-.0000883,.0148421,.0085669,.1841124,.0084086,2378,2378,222,1
341,0,0,0,0,0,0,0,0,0,0,0,0,0,0,0,0,0,0,0,0,1.22e-17,0,.9981421,.726967,.0017578,0,8.97e-17,0,.0100886,0,1487,1487,221,1
340,.0006185,-.0026581,-.0537425,-.0013918,.0011374,-.0018742,-.008941,-.0000805,.0019226,-.0012195,.0457945,.0001519,.003073,-.0007412,.1553289,.0005301,.004434,-.0004026,.321514,.0010219,.0023047,-.0013902,.2436353,.2219409,.090646,6.54e-06,.0016667,.0008731,.1486926,.0011246,24885,24885,220,1
339,.0015452,-.0075155,-.0247763,-.0040301,.0029286,-.0051619,-.0043899,-.0001614,.0051518,-.0031759,.0375744,.0003196,.0083947,-.0017097,.1542927,.001399,.0124955,-.0008864,.3010226,.0029227,.0062577,-.0037197,.2217219,.2150618,.0898808,.0000193,.0047028,.0025757,.1346965,.0032615,33595,33595,219,1
336,0,0,-.045128,0,0,0,-.0145979,0,0,0,.0386417,0,0,0,.1807278,0,0,0,.3491606,0,0,0,.2699572,.2494788,.0952028,0,0,0,.1522459,0,2878,2878,218,1
335,0,0,-.0055022,0,0,0,.0082646,0,0,0,.0665172,0,0,0,.1939501,0,0,0,.3473684,0,0,0,.2138258,.2104745,.1202181,0,0,0,.1442123,0,10158,10158,217,1
334,0,0,-.0365815,0,0,0,-.0048793,0,0,0,.0452777,0,0,0,.2002265,0,0,0,.3673606,0,0,0,.2440837,.2286977,.1097082,0,0,0,.16341,0,16970,16970,216,1
332,4.30e-23,0,-.0607545,0,1.29e-22,0,-.0106593,0,3.33e-22,0,.0529902,0,5.72e-22,0,.2359947,0,7.99e-22,0,.4920261,0,3.94e-22,0,.2989604,.287493,.138437,0,3.32e-22,0,.2256447,0,5381,5381,215,1
331,5.32e-31,0,-.0628126,0,1.12e-30,0,-.0131449,0,2.34e-30,0,.1210921,0,5.27e-30,0,.2484522,0,9.18e-30,0,.3707064,0,3.83e-30,0,.4764551,.4701905,.1301418,0,4.02e-30,0,.1695049,0,1627,1627,214,1
330,.001164,-.0069704,-.0199563,-.003487,.0032184,-.0051352,.003213,-.0000351,.0055989,-.0034342,.071406,.0003639,.0083386,-.0019598,.1914611,.0012343,.0117216,-.0006694,.3485101,.0022753,.0061759,-.0036813,.2435009,.2101703,.1229099,.0000496,.0041703,.0022983,.1639724,.0027513,12566,12566,213,1
329,.0023869,-.0166657,-.0436537,-.0078563,.0054185,-.0109787,-.0069782,-.0005156,.0105319,-.0064196,.0576338,.0006113,.0184379,-.0032979,.2707404,.0029372,.0279626,-.0013809,.4439411,.0053511,.0133105,-.0077986,.3109509,.2792309,.1367436,3.45e-06,.0108671,.0057998,.1909192,.0069179,25692,25692,212,1
328,.0000281,-.0001116,-.0162303,-.0000603,.0000485,-.000081,.0093222,-2.39e-06,.000084,-.0000516,.0878145,6.12e-06,.0001327,-.0000303,.2533569,.0000218,.0001871,-.000016,.4527988,.0000404,.0000994,-.0000586,.2477438,.2363616,.152857,1.02e-07,.0000711,.0000368,.1832073,.0000502,18129,18129,211,1
327,.0022827,-.0079247,-.0197157,-.0041994,.0039205,-.0058759,.003063,-.0001316,.0063776,-.0039136,.0494606,.0004548,.0098304,-.0023507,.134862,.0014535,.0136627,-.0012809,.2506779,.0028539,.0073134,-.0042833,.2185669,.1914021,.0854283,-4.37e-06,.0047871,.0024981,.1181284,.0033763,25355,25355,210,1
326,0,0,-.0391974,0,0,0,-.0076485,0,0,0,.0618422,0,0,0,.1974675,0,0,0,.3023904,0,0,0,.3411235,.317245,.1000322,0,0,0,.1331837,0,5677,5677,209,1
323,.0035894,-.0461903,-.1074357,-.024753,.0111144,-.0279844,-.0370312,-.0045795,.025894,-.0158913,.0579641,.0005023,.0498175,-.0073158,.1754413,.0087261,.0850962,-.0025047,.2379375,.0158417,.0361303,-.020865,.5778052,.4311111,.0683326,-.0010714,.0349973,.0183747,.1296563,.0233427,675,675,206,1
322,2.01e-30,0,-.1159388,0,2.12e-29,0,-.0324711,0,6.50e-29,0,.0346068,0,1.23e-28,0,.2670234,0,2.17e-28,0,.3771284,0,9.06e-29,0,.532487,.5221566,.1016323,0,9.87e-29,0,.1917544,0,2708,2708,205,1
320,.000609,-.0054837,-.0311142,-.0022282,.0013563,-.0035206,-.002222,-.000147,.0028873,-.0018651,.0852984,.0001498,.0058068,-.0008823,.3400646,.0007902,.0091563,-.0003916,.489139,.0014864,.0040191,-.0024248,.3708109,.322781,.1695478,.0000195,.0034949,.0019191,.2101636,.002092,4991,4991,203,1
319,.0001304,-.0006317,-.0842491,-.000343,.0002086,-.0004182,-.0268532,-.0000886,.0003568,-.0002454,.047616,.0000229,.0006426,-.000151,.1624573,.000128,.001036,-.0000966,.2291229,.0003031,.0004903,-.000311,.4396299,.3981104,.0656734,4.09e-06,.0004127,.0002207,.1189274,.0003208,4657,4657,202,1
318,.0009732,-.0054819,-.0421134,-.0025191,.0017229,-.0035678,-.0163873,-.000183,.0032993,-.0020613,.0178591,.0002154,.0059304,-.0010824,.154764,.00093,.0090545,-.0005693,.3092113,.0018455,.0043148,-.0025587,.2397118,.2369254,.0790396,-7.10e-06,.0035614,.0019145,.1401103,.0022524,13270,13270,201,1
315,.0007271,-.0047323,-.0428299,-.0024779,.0012949,-.0029969,-.0110142,-.0002228,.0026382,-.0016182,.131415,.0001981,.0047646,-.0008525,.3072755,.0006087,.0074117,-.0004909,.3987566,.0020363,.0034972,-.002136,.4465703,.4356877,.1556602,.0000371,.0029766,.0016498,.1777327,.0024181,1345,1345,200,1
314,8.29e-27,0,-.0520073,0,1.58e-26,0,-.0107265,0,3.28e-26,0,.0812829,0,6.39e-26,0,.2959575,0,1.03e-25,0,.4764552,0,4.56e-26,0,.3160318,.2574715,.1488308,0,4.04e-26,0,.1998374,0,11042,11042,199,1
313,5.87e-29,0,-.0499807,0,1.23e-28,0,-.0016716,0,3.18e-28,0,.1141962,0,7.52e-28,0,.2420105,0,1.12e-27,0,.3251846,0,4.58e-28,0,.4620967,.2376471,.1276835,0,4.00e-28,0,.1535234,0,2550,2550,198,1
311,1.15e-11,0,-.0768609,0,3.24e-11,0,-.0153305,0,7.94e-11,0,.1657109,0,1.70e-10,0,.347078,0,2.89e-10,0,.4577622,0,1.20e-10,-4.42e-11,.4804868,.4353041,.1712092,1.57e-10,1.23e-10,1.33e-09,.2087738,6.87e-09,17675,17675,196,1
309,3.46e-15,0,-.0729893,0,7.42e-15,0,-.0173563,0,1.36e-14,0,.0587456,0,2.50e-14,0,.2021394,0,4.06e-14,0,.3224687,0,1.81e-14,0,.3458897,.3334197,.0941167,0,1.53e-14,0,.1553126,0,7717,7717,195,1
308,2.13e-35,0,-.0040465,0,5.54e-35,0,.0020481,0,1.44e-34,0,.0225154,0,2.70e-34,0,.0915445,0,4.06e-34,0,.280957,0,1.87e-34,0,.1346113,.1406954,.0825101,0,1.68e-34,0,.1396658,0,19297,19297,194,1
307,.0002697,-.0193607,-.0285054,-.0048937,.001107,-.0116923,.0030081,-.0003599,.0067493,-.0046017,.0607533,.0003669,.0175557,-.0008088,.1012532,.0018698,.0311531,-.0002118,.1737056,.0054229,.0117551,-.0073693,.5805333,.5099327,.0645022,.0001317,.0137702,.0078712,.0869617,.0073572,6242,6242,193,1
304,.0054754,-.0234439,-.0482041,-.0113436,.0091197,-.0159791,-.0062501,-.0006024,.0161667,-.0099051,.0893957,.0010928,.027097,-.0056032,.2884231,.0035883,.0427079,-.003091,.424862,.0076452,.0200796,-.0116638,.3261792,.310559,.1444543,-.0000487,.0151847,.0077866,.1845417,.0104377,2898,2898,192,1
303,0,0,-.0042285,0,0,0,.0021382,0,0,0,.0205998,0,0,0,.0639943,0,0,0,.1410926,0,0,0,.0799102,.0824502,.0505854,0,0,0,.0839432,0,28308,28308,191,1
301,.0002816,-.0024459,.0007424,-.0008794,.0007081,-.0016345,.0074998,.0000118,.0015297,-.0008953,.024906,.0000969,.0027017,-.000405,.0705109,.000297,.0040414,-.0001671,.1556645,.0006406,.001918,-.0011255,.0968575,.0919497,.0573658,-9.92e-06,.0016176,.0009048,.0860186,.0009051,76792,76792,190,1
300,6.51e-20,0,-.1062352,0,9.72e-20,0,-.0466489,0,1.56e-19,0,.0292572,0,2.85e-19,0,.2511922,0,4.40e-19,0,.3997751,0,2.16e-19,0,.3525984,.3563355,.096529,0,1.76e-19,0,.2011359,0,3362,3362,189,1
299,.013794,-.0298307,-.0156638,-.0170201,.0194279,-.0229879,.0062583,-.0003157,.0276231,-.0168436,.0517534,.0019185,.0387018,-.0120541,.1254712,.0054506,.0508447,-.0076633,.2176042,.0102194,.0306209,-.0179675,.2157153,.2073942,.0787125,-.0000953,.0164011,.0085108,.098742,.0126058,7276,7276,188,1
297,.0038783,-.0264443,-.000646,-.0120894,.0083422,-.0172618,.0119155,2.59e-10,.0182175,-.0094029,.038513,.0010387,.0308033,-.0044957,.1040341,.0036723,.0470327,-.0022594,.2609607,.0082929,.0217208,-.0121303,.126294,.1272189,.0863825,-.0001747,.0166811,.0096062,.1234989,.0103315,2028,2028,187,1
296,.000533,-.0025404,-.0307704,-.0011996,.0009942,-.0017737,-.0009063,-.0000679,.0017301,-.0011363,.0786728,.0001159,.0028094,-.0006635,.2223842,.0004332,.0040639,-.0003188,.33301,.0008182,.0020991,-.0013025,.3363489,.2628148,.1163249,.0000116,.0015521,.0008355,.1459417,.0010603,3375,3375,186,1
295,.0005568,-.0050618,-.0460008,-.002183,.0013546,-.0034261,-.0081864,-.0002319,.0029766,-.0019773,.0398403,.0001098,.0053251,-.0008612,.2295653,.0007525,.0082116,-.0003431,.3896917,.0016831,.003834,-.0023712,.3162159,.3097571,.1134783,4.82e-06,.0033433,.0018547,.1764802,.0022261,19596,19596,185,1
292,.0001587,-.0014967,-.0011803,-.0004697,.0003651,-.0009084,.0052627,1.46e-06,.0007492,-.0004562,.0229223,.0000442,.0014556,-.0002223,.088103,.0001656,.0024016,-.0001004,.2620342,.0004157,.0010708,-.0006459,.1247781,.1307607,.0779151,-5.00e-06,.0010184,.0005749,.1269921,.0005507,9070,9070,183,1
291,.0033306,-.020686,.0039569,-.0102508,.006542,-.0148137,.0133636,.0001018,.014573,-.0081877,.0462805,.0009297,.0262917,-.0035804,.1034248,.0032439,.0379454,-.0017765,.1754702,.0069025,.0182133,-.0098855,.1301686,.1157367,.0718947,-.0002407,.0146855,.0073494,.0812141,.0088098,4588,4588,182,1
289,0,0,.0031717,0,0,0,.0121675,0,0,0,.0380444,0,0,0,.1085971,0,0,0,.2341364,0,0,0,.1193754,.1247374,.0825412,0,0,0,.1094355,0,6189,6189,181,1
288,.0007907,-.0098937,-.0007672,-.0041311,.0024685,-.0067739,.0047789,-8.68e-06,.006208,-.0037218,.0323784,.0003137,.0110879,-.001401,.1159496,.0014625,.0165259,-.000445,.2355888,.0031173,.0077445,-.0045572,.1396438,.1413588,.0815056,6.98e-06,.0068301,.0037982,.1167698,.0039035,12776,12776,180,1
285,.0014483,-.015094,.0007249,-.0049789,.0033285,-.0095328,.0090473,-.0000195,.0077732,-.0046846,.0383942,.0004134,.0156237,-.0018789,.1433748,.0019252,.0254857,-.0008322,.3153224,.004258,.010987,-.0064517,.1594356,.1577391,.102414,-.0000418,.0103671,.0057204,.138955,.0055164,11500,11500,179,1
284,0,0,.0019448,0,0,0,.0088639,0,0,0,.0311143,0,0,0,.094585,0,0,0,.2103274,0,0,0,.1068911,.1104622,.0734503,0,0,0,.1024901,0,17807,17807,178,1
283,0,0,-.0046862,0,0,0,.0017643,0,0,0,.0229838,0,0,0,.1045054,0,0,0,.2727682,0,0,0,.1482894,.1207887,.0803449,0,0,0,.1280198,0,77499,77499,177,1
282,0,0,-.0301457,0,0,0,-.0063081,0,0,0,.0368607,0,0,0,.2821451,0,0,0,.5068966,0,0,0,.26518,.2593206,.144049,0,0,0,.2113038,0,12070,12070,176,1
281,.0011831,-.0109037,-.0896471,-.0030615,.002989,-.007347,-.0198452,-.0002621,.0058169,-.0039319,.1537193,.0003567,.0112253,-.0021726,.2873077,.001132,.0186401,-.0008488,.4122204,.0021764,.0080195,-.0050658,.4942182,.4879189,.1463616,-8.23e-06,.0068723,.0037949,.1910168,.0034593,1283,1283,175,1
279,.0023162,-.0103466,-.0407814,-.0050461,.0041205,-.007368,-.0141759,-.0002901,.0073151,-.004572,.0173483,.0005283,.0121228,-.0025213,.095087,.0019134,.0175707,-.0013564,.2035921,.0039037,.0089538,-.0052931,.2167938,.2118563,.0511051,.0000625,.0067497,.0035701,.1025952,.0044342,11555,11555,173,1
278,.0003829,-.0025264,-.0576578,-.001052,.0007377,-.0016996,-.0196138,-.0000575,.0014685,-.0009594,.0320307,.0000864,.0026523,-.0004795,.2169807,.0003635,.0040166,-.0002528,.4507123,.000726,.0019139,-.0011923,.2641051,.2166066,.1153226,-.0000109,.0015914,.0008998,.1994483,.0009277,26929,26929,172,1
277,5.97e-22,0,-.0503009,0,1.07e-21,0,-.0128723,0,1.85e-21,0,.0913766,0,3.38e-21,0,.1830997,0,5.76e-21,0,.2820674,0,2.62e-21,0,.3502618,.3469225,.0988616,0,2.36e-21,0,.1319093,0,12510,12510,171,1
276,5.01e-16,0,-.0747424,0,1.15e-15,0,-.0098331,0,2.24e-15,0,.0259689,0,3.90e-15,0,.0853395,0,6.62e-15,0,.1721668,0,2.85e-15,0,.4719052,.3421562,.037714,0,2.26e-15,0,.0926938,0,3098,3098,170,1
273,.0011884,-.0055651,-.0106362,-.0026896,.0022425,-.0037977,.0009666,-.0000354,.0038376,-.0023433,.0309655,.0002915,.006221,-.001307,.1141458,.0009858,.0092943,-.000661,.2773522,.0020836,.0047269,-.0028032,.1508429,.1546537,.0840784,.0000305,.0036472,.0020238,.1311349,.0023743,57632,57632,167,1
270,.0014313,-.0173432,-.1442651,-.0073453,.0035487,-.0105965,-.0593298,-.0012637,.0081506,-.0054197,.1178484,.0006118,.0158905,-.0025258,.4041287,.002819,.027846,-.000939,.5427823,.0057387,.0116007,-.0075116,.4535805,.45481,.1659639,.0001826,.0110777,.0066947,.2626859,.006905,6185,6185,166,1
268,.0002455,-.0013542,-.0238059,-.0006862,.0005169,-.0009432,-.0026073,-.0000146,.0009331,-.0005821,.0343317,.000064,.0015471,-.0003067,.1354458,.0002438,.0023007,-.0001403,.3177472,.0005136,.0011511,-.0006783,.1786436,.1776699,.0941488,1.90e-06,.000914,.0004841,.1509808,.0005918,48607,48607,165,1
267,2.01e-23,0,-.0737038,0,5.63e-23,0,-.0199091,0,1.50e-22,0,.1796012,0,3.16e-22,0,.3245921,0,5.63e-22,0,.4296523,0,2.33e-22,0,.5621505,.3321854,.1647356,0,2.57e-22,0,.1956811,0,3775,3775,164,1
264,1.25e-21,0,-.0656281,0,4.80e-21,0,.0150566,0,1.57e-20,0,.2629016,0,3.27e-20,0,.4180064,0,5.01e-20,0,.5278957,0,2.09e-20,0,.5084571,.293016,.226554,0,1.96e-20,0,.2350103,0,2563,2563,163,1
263,0,0,-.0640467,0,0,0,-.0153439,0,0,0,.0750773,0,0,0,.1327808,0,0,0,.2364426,0,0,0,.5748975,.5526802,.0739248,0,0,0,.1279994,0,1082,1082,162,1
262,.0027984,-.0174312,-.0448211,-.008713,.0053404,-.0116301,-.0214484,-.0005391,.0108715,-.0066756,.0008319,.0004855,.0190757,-.0031201,.1068921,.0028872,.0298908,-.0015845,.2322482,.0066505,.0141861,-.0083568,.2475851,.2231951,.0503136,.0000161,.0123486,.0067878,.1086086,.0078379,5596,5596,161,1
261,.0111392,-.0493346,-.0442593,-.0304732,.020157,-.03309,-.0187094,-.002235,.0344523,-.0202066,.0110042,.0027655,.0585525,-.0113693,.1272584,.0115606,.0843067,-.0065458,.2341102,.0234464,.0432459,-.0247108,.2643057,.2486051,.0575063,.0004926,.0327538,.0175347,.110438,.0240033,1613,1613,160,1
260,0,0,-.0508019,0,0,0,-.014007,0,0,0,.0062622,0,0,0,.063598,0,0,0,.1203451,0,0,0,.3261915,.2497041,.0400211,0,0,0,.1279513,0,845,845,159,1
259,.0001404,-.0290128,-.0521036,-.0130689,.0010785,-.0178002,.0368906,-.0013029,.0112865,-.0072542,.2593582,.0004955,.0293132,-.0008067,.3842413,.0039039,.0489108,-.0001189,.5123579,.0097378,.0193097,-.0110858,.6139099,.5813614,.2339476,-.0001662,.0230168,.0119871,.2150392,.0150077,3423,3423,158,1
258,.0008923,-.003975,-.0999357,-.0028548,.0014743,-.0026894,-.0394304,-.000616,.0026971,-.0017452,.1100344,.0002501,.004565,-.0009432,.3239589,.0009462,.0069202,-.0006146,.4288383,.0023075,.0034166,-.0020266,.4312043,.3697183,.1409177,2.55e-07,.0027073,.0013501,.2070133,.0023956,2556,2556,157,1
257,.0046598,-.0322831,-.1828448,-.0170849,.0094999,-.0224435,-.043764,-.0033693,.0223536,-.0132136,.0827739,.000826,.0388146,-.0065969,.2652256,.0056464,.0565999,-.0032934,.3759646,.0138921,.0267274,-.0152822,.475212,.4434907,.0955685,-.0001103,.0212146,.0102972,.2001928,.015328,1398,1398,156,1
256,0,0,-.1030494,0,0,0,-.0342057,0,0,0,.0625025,0,0,0,.3010356,0,0,0,.4367035,0,0,0,.3885536,.3981813,.1258272,0,0,0,.2036587,0,3629,3629,155,1
254,5.05e-19,0,.0112955,0,2.15e-18,0,.0458353,0,4.19e-18,0,.1527891,0,6.62e-18,0,.2016346,0,6.98e-18,0,.4244168,0,4.30e-18,0,.4755682,.1940928,.1510735,0,2.83e-18,0,.155675,0,237,237,154,1
253,.000576,-.017433,-.0889964,-.0045531,.0020514,-.0103452,-.0365526,-.0006221,.0064326,-.0043462,.1504515,.0002531,.0156371,-.0013637,.4124687,.0021276,.0266876,-.0003669,.5667439,.0045848,.0107957,-.0069956,.4897745,.4842186,.1943966,.000178,.0122,.0073469,.2553518,.0053746,1299,1299,153,1
251,0,0,-.0370098,0,0,0,.0176737,0,0,0,.137084,0,0,0,.31911,0,0,0,.4637696,0,0,0,.3743857,.2815073,.1723683,0,0,0,.1979089,0,8625,8625,152,1
250,.0016975,-.0107,-.1296899,-.004307,.0034677,-.0076788,-.0204096,-.0005369,.0069264,-.0043995,.1659662,.0006143,.0126691,-.0024076,.2773324,.0016066,.017419,-.0012934,.3939562,.0029839,.0084381,-.0051628,.5466877,.3677991,.14406,.0000876,.0063594,.0033811,.1998391,.0041611,1354,1354,151,1
249,.0067268,-.0323408,-.0343863,-.0119231,.0170007,-.0282911,.0040783,-.0002759,.0329693,-.0201621,.0644386,.0013433,.0483651,-.0112734,.1803281,.0045996,.0513617,-.0037583,.247911,.0072969,.0321099,-.0192648,.4134431,.1435803,.0875102,.0004799,.0185412,.0100134,.1097449,.0125908,2173,2173,150,1
248,.0061497,-.0233654,.0125093,-.0037795,.0093902,-.0161842,.0386429,-.000066,.0161072,-.0104999,.1907233,.0017477,.0264968,-.0060308,.3451965,.0036195,.0380961,-.0042787,.404943,.0048301,.018837,-.0119131,.3812338,.1756869,.1956169,.0007894,.0121982,.0070526,.1569989,.0064198,1201,1201,149,1
246,.0018626,-.0109548,-.0136484,-.0061857,.0041979,-.0076076,.0026098,-.0005396,.0077018,-.0045899,.0589404,.0005296,.0129286,-.0025579,.1522487,.0021927,.0190593,-.0010592,.2577574,.0047992,.0095082,-.0054315,.2139875,.1967657,.0917654,-.0000608,.0076699,.0038508,.1134485,.0052466,11440,11440,148,1
245,.0005952,-.0039254,-.011296,-.0020159,.0012343,-.0026364,-.0007944,-.0000307,.002533,-.0015207,.0206744,.000169,.0044001,-.0007356,.1112535,.0006817,.0068533,-.0003333,.2763467,.0014434,.0033006,-.00189,.1610009,.1620597,.0778085,-.0000187,.0029824,.0015304,.1226137,.0018305,13711,13711,147,1
244,.0045262,-.0268298,-.0152766,-.0129763,.0095725,-.0180971,-.0002131,-.0002286,.0181663,-.0107379,.0274131,.0010537,.0302876,-.0051561,.1211287,.0044074,.0465179,-.0022201,.2641357,.0099565,.0225034,-.0129537,.1522698,.1550455,.08052,.0000292,.0180176,.0101101,.1254265,.0113945,10326,10326,146,1
243,.0049395,-.0455078,-.0487759,-.0165792,.0132388,-.0331159,0,-.0008475,.0332718,-.0212567,.0578222,.0016518,.0531369,-.0083411,.1720297,.0060325,.0771578,-.0032387,.2591164,.0096634,.0377488,-.0220213,.5039614,.2685371,.0796049,-.0002407,.030418,.015217,.1279,.0179974,998,998,145,1
242,.0068547,-.0364068,-.0295724,-.0056309,.0149725,-.0288154,.0026397,-2.93e-10,.0291854,-.0175682,.0530374,.0019511,.0444836,-.0086827,.1249399,.0053893,.0598439,-.0044025,.1851895,.0084648,.0308851,-.0189721,.2877918,.1444615,.0713474,.0013871,.0192558,.0116786,.0982269,.0090851,1959,1959,144,1
240,0,-.1938994,-.0072001,-.0165866,0,-.0619657,0,0,.0070267,-.0038324,0,0,.1666735,0,.0100992,.0158241,.2757176,0,.0893353,.0511649,.0922652,-.0525915,.753,.3142857,.0221319,.0043269,.1458461,.07788,.0576083,.1199619,105,105,143,1
239,.0018841,-.0066185,-.0292169,-.0034401,.0032511,-.0049801,-.0028215,-.0001168,.0053654,-.0033009,.0298763,.000356,.0081429,-.0019954,.1017298,.0012309,.0110261,-.0010704,.1804094,.0025175,.0060744,-.0036099,.1755778,.168312,.0566973,.0000396,.0039463,.0021322,.0886215,.0028056,14384,14384,142,1
238,1.30e-11,0,-.0247263,0,4.58e-11,0,-.0002246,0,1.02e-10,0,.0484753,0,1.98e-10,0,.2217015,0,3.16e-10,0,.3696207,0,1.40e-10,-2.20e-10,.2947623,.2875555,.1158521,1.52e-10,1.28e-10,3.09e-09,.1641103,5.76e-09,6983,6983,141,1
236,.001667,-.0091678,-.0394006,-.0046508,.0034174,-.0062134,-.0058839,-.0002771,.0060486,-.0038259,.0568321,.0003732,.0101053,-.0022059,.2223377,.0016892,.015414,-.0010281,.3491275,.00336,.0075244,-.0044756,.2763518,.275816,.1105735,.0000224,.0058206,.0030369,.1553539,.0038795,6740,6740,140,1
235,.0011813,-.0116159,-.0243255,-.0051609,.0027631,-.0074612,-.0048079,-.0002579,.006658,-.0040281,.0352083,.0003484,.0123594,-.0016529,.2252135,.0020128,.0199402,-.0006929,.5596528,.0048159,.008947,-.0052081,.2288259,.2374473,.1429336,.000066,.0084209,.0044946,.2185217,.0052682,9480,9480,139,1
234,3.61e-37,0,-.005858,0,1.09e-36,0,.005057,0,2.01e-36,0,.0433671,0,3.19e-36,0,.135231,0,4.64e-36,0,.2614217,0,2.35e-36,0,.1583846,.1430911,.0879207,0,1.82e-36,0,.1192597,0,21979,21979,138,1
233,2.77e-16,0,-.0085882,0,6.53e-16,0,.0020619,0,1.30e-15,0,.0288987,0,2.18e-15,0,.1088482,0,3.22e-15,0,.253973,0,1.57e-15,0,.1471582,.1502626,.0785132,0,1.23e-15,0,.1206315,0,10282,10282,137,1
232,.0031219,-.0197088,-.0046506,-.0100733,.0071902,-.013349,.0052133,-.0003003,.0134627,-.0078624,.0419347,.0007765,.0225359,-.0038625,.1455274,.0034777,.0341323,-.0015352,.3171148,.0077081,.0166512,-.0094941,.1701985,.1717282,.1003072,.0000176,.0134923,.0073567,.1411507,.0088665,23840,23840,136,1
231,3.82e-34,0,-.0038915,0,6.23e-34,0,.0106726,0,1.18e-33,0,.0537262,0,2.06e-33,0,.1907884,0,3.09e-33,0,.4158602,0,1.49e-33,0,.2134604,.2176425,.1289629,0,1.13e-33,0,.1684833,0,2596,2596,135,1
230,0,0,-.0018903,0,0,0,.0198799,0,0,0,.0938678,0,0,0,.2259398,0,0,0,.3745117,0,0,0,.278504,.1675878,.1391142,0,0,0,.144593,0,6152,6152,134,1
227,5.35e-20,0,-.0067493,0,1.14e-19,0,.0024969,0,2.16e-19,0,.0300973,0,3.57e-19,0,.1133568,0,5.24e-19,0,.330447,0,2.62e-19,0,.1440034,.1475587,.0953243,0,2.07e-19,0,.1508432,0,90791,90791,133,1
226,.0003489,-.0024965,-.0074186,-.0008554,.0006925,-.0016069,.0015162,-3.72e-06,.0014228,-.0008649,.0230844,.0000793,.0025728,-.0004095,.0954823,.0003429,.0041689,-.0001963,.2252228,.0007022,.0019011,-.0011304,.1559507,.1452948,.0700189,5.20e-06,.0016761,.0009211,.1117186,.000911,9904,9904,132,1
225,1.56e-17,0,-.0406762,0,2.85e-17,0,-.0145246,0,5.29e-17,0,.0378906,0,9.07e-17,0,.198466,0,1.52e-16,0,.3479234,0,6.96e-17,0,.265272,.1989776,.1002299,0,6.00e-17,0,.1502423,0,13107,13107,131,1
223,.0005687,-.0035025,-.0120327,-.0015787,.0012449,-.0023327,.0002282,-.0000316,.0022417,-.0013956,.0318108,.0001355,.0037849,-.0007438,.1187138,.0005497,.00586,-.0003114,.2434393,.0011712,.0028344,-.0016891,.1695833,.1656913,.078107,-.0000133,.0023376,.001274,.1160842,.0014446,63739,63739,130,1
222,.002141,-.0136431,-.0272684,-.0062143,.0047949,-.0099764,.0068981,-.0002826,.0095542,-.0060596,.1124995,.0007053,.0159881,-.0032028,.3002783,.0023281,.02391,-.0013629,.4457467,.0039741,.0112557,-.0068716,.3497854,.2795867,.1644079,.0000445,.0083673,.0045908,.1837268,.0053888,8323,8323,129,1
220,0,0,-.0051422,0,0,0,.0095264,0,0,0,.0682513,0,0,0,.1846485,0,0,0,.2705655,0,0,0,.275364,.2542087,.1030886,0,0,0,.113583,0,594,594,127,1
219,0,0,-.0690336,0,0,0,-.0125057,0,0,0,.0563532,0,0,0,.1756569,0,0,0,.2820837,0,0,0,.3769369,.2579177,.0828038,0,0,0,.135477,0,5273,5273,126,1
218,0,0,-.0808913,0,0,0,-.0124579,0,0,0,.075421,0,0,0,.3015848,0,0,0,.4192394,0,0,0,.3245294,.3057325,.1317472,0,0,0,.1982671,0,471,471,125,1
217,0,-.0056191,-.0079711,-.0020403,0,-.0025144,0,-.0003684,.0007687,-.000595,.0203947,0,.0034743,0,.0604922,.0008166,.0097771,0,.1226624,.0030599,.003639,-.0022541,.8779345,.8103728,.0364372,.0000624,.0077878,.0043987,.0565354,.0032286,617,617,124,1
214,3.86e-17,0,-.0913266,0,7.80e-17,0,-.021509,0,1.63e-16,0,.0690189,0,2.67e-16,0,.1639634,0,4.00e-16,0,.2217987,0,1.87e-16,0,.4485402,.2712996,.0700723,0,1.38e-16,0,.1221679,0,2547,2547,122,1
213,0,0,-.0202315,0,0,0,-.0028308,0,0,0,.0374243,0,0,0,.1523919,0,0,0,.2570091,0,0,0,.2585611,.2091634,.0813238,0,0,0,.112289,0,8534,8534,121,1
212,.002642,-.0303826,-.0538114,-.011399,.0071986,-.0211156,-.0161319,-.0004241,.0193023,-.0108218,.0285333,.001094,.0350861,-.0040212,.154631,.0044845,.0513206,-.0014257,.4054102,.0084078,.023645,-.013637,.2799487,.1923792,.0951912,-.000068,.0198611,.0110703,.1667569,.010439,2152,2152,120,1
210,0,0,-.0272439,0,0,0,.0081441,0,0,0,.2099393,0,0,0,.2955608,0,0,0,.3573478,0,0,0,.5426836,.483549,.1709612,0,0,0,.1530759,0,2705,2705,119,1
209,3.35e-16,0,-.0225541,0,2.16e-15,0,.0597225,0,6.24e-15,0,.1294411,0,1.08e-14,0,.2349317,0,1.49e-14,0,.3807442,0,7.24e-15,0,.5081381,.193133,.1553625,0,6.13e-15,0,.1501285,0,699,699,118,1
208,.000198,-.0043799,-.0920897,-.0017768,.000551,-.0021622,-.0442184,-.000362,.0014593,-.0009323,.0581359,.0000777,.0035039,-.0003412,.3599771,.0008057,.0072702,-.0001216,.475993,.001824,.0027511,-.0016598,.4262982,.4193482,.1517657,.000057,.0034766,.0019803,.2271466,.0019203,4817,4817,117,1
207,0,0,-.1951751,0,0,0,-.1000355,0,0,0,.0261831,0,0,0,.3008192,0,0,0,.3934004,0,0,0,.3980937,.3373494,.0954584,0,0,0,.2266212,0,581,581,116,1
205,0,0,-.034503,0,0,0,-.0077888,0,0,0,.0377622,0,0,0,.1362435,0,0,0,.2534202,0,0,0,.2158199,.2015912,.0775235,0,0,0,.1213362,0,36450,36450,115,1
204,.001925,-.0103994,-.0356929,-.0064803,.0048944,-.0075316,-.0044323,-.0002659,.0083577,-.0050351,.045678,.0006227,.0126329,-.0030253,.1463869,.0023536,.0182932,-.0011506,.2657872,.0044989,.0095346,-.0055266,.2460969,.2440651,.0838372,.0000774,.0068094,.0034721,.126786,.0048833,7498,7498,114,1
203,6.84e-19,0,-.0762135,0,1.01e-18,0,-.0463207,0,1.56e-18,0,.0054114,0,2.45e-18,0,.2505822,0,3.69e-18,0,.3772689,0,1.95e-18,0,.3004637,.3030359,.0898444,0,1.41e-18,0,.1747077,0,5468,5468,113,1
201,1.20e-21,0,-.0645601,0,2.18e-21,0,-.0220789,0,3.61e-21,0,.0391694,0,5.61e-21,0,.1565193,0,8.36e-21,0,.2857904,0,4.33e-21,0,.2793772,.2751384,.0770013,0,3.18e-21,0,.1379274,0,22585,22585,112,1
200,.0004445,-.0123359,-.0935839,-.003823,.0011168,-.0063465,-.0305606,-.0004137,.0038162,-.0023828,.1588104,.0002683,.0099847,-.000788,.3061109,.0017537,.0194895,-.0003474,.4105316,.0036567,.0073908,-.0046052,.5128864,.4177298,.1446175,-.0000103,.0091886,.0054212,.2003957,.0045145,6114,6114,111,1
197,.0030611,-.0316061,-.0993121,-.0121642,.007022,-.0196417,-.0419552,-.0032043,.0143508,-.0094579,.1442226,.0019551,.0312696,-.0046891,.2964549,.0052404,.0529012,-.0021151,.3792603,.0092445,.0218499,-.0135417,.4635159,.2922193,.1322276,.000021,.0207639,.0118583,.1895773,.011418,2262,2262,110,1
196,.0003098,-.0161206,-.0758402,-.0062306,.0011911,-.0098027,0,-.0008859,.0055821,-.00376,.0990078,.0001929,.0138477,-.0008941,.1590688,.0013949,.0257008,-.0002431,.2275896,.0055414,.0100354,-.0064265,.6439945,.5130937,.0902191,-.0001179,.0126486,.0071964,.1316835,.0075425,2253,2253,109,1
195,0,0,-.0723845,0,0,0,.0517424,0,0,0,.149234,0,0,0,.2369692,0,0,0,.3918578,0,0,0,.7354354,.7333924,.1496274,0,0,0,.1734054,0,1129,1129,108,1
194,0,0,-.1715162,0,0,0,-.0573856,0,0,0,.0159202,0,0,0,.2648291,0,0,0,.3683109,0,0,0,.3560147,.3473837,.0792866,0,0,0,.2015216,0,4816,4816,107,1
193,.0005181,-.003563,-.0900952,-.001833,.0011553,-.0023365,-.033842,-.0002129,.0021602,-.0014319,.0380946,.0001512,.0037471,-.0008042,.2043917,.000663,.0057459,-.0003503,.4278846,.0013548,.0027936,-.0017136,.3079563,.217866,.1022053,-.0000191,.0023369,.0012192,.1932915,.0015468,2015,2015,106,1
192,.0017578,-.0164933,-.1190086,-.00695,.004248,-.010525,-.0403294,-.0010183,.0087593,-.0057316,.0422042,.0004173,.0167945,-.002876,.2472504,.0023686,.0257983,-.0012416,.3996514,.0058535,.0120644,-.0073746,.3975295,.3719326,.1016151,.0000281,.0109833,.0058824,.2048886,.0072744,13774,13774,105,1
191,.0010905,-.0058956,-.0552534,-.0030037,.0020396,-.0038781,-.0144321,-.0003861,.0036145,-.0022945,.1080163,.00039,.0065463,-.001326,.2323017,.0009511,.0103386,-.0006785,.3081768,.0020037,.0048405,-.0028512,.4163603,.1957458,.1174091,-.0000628,.0040625,.0020985,.1503803,.002534,7898,7898,104,1
190,.0216273,-.0698055,.005535,-.030361,.0440882,-.0580996,.0352724,.0005922,.0692842,-.0435096,.2213091,.0056056,.1025668,-.0305263,.2701194,.0088327,.1101588,-.0130423,.2984231,.0123613,.0739121,-.0427265,.5618764,.0854037,.1659448,-.0003363,.0456328,.0193664,.1457205,.0296497,1288,1288,103,1
188,.008611,-.0208886,.0085831,-.0093605,.0132795,-.0167531,.0420604,.0000924,.0197853,-.0120428,.110365,.0016911,.0287674,-.0078004,.1921272,.0039424,.0369685,-.0048299,.2857541,.006223,.0216879,-.0125291,.2649488,.1084884,.1320661,.0003795,.0116067,.0059881,.1168774,.0076335,2203,2203,102,1
187,.0020793,-.0135497,-.0589602,-.0061597,.0042288,-.008832,-.0206349,-.0004676,.0080313,-.005265,.0428389,.0003641,.0137567,-.0026185,.2584656,.0022813,.0218567,-.0012676,.4066727,.0047674,.0102487,-.0064041,.2918785,.2888016,.1191505,.0000257,.0085201,.0049036,.1801311,.0056006,10689,10689,101,1
186,.0025086,-.0163531,-.0188587,-.006757,.0051823,-.0110134,-.0047115,-.000061,.0107872,-.0064025,.0112782,.0007456,.0190455,-.002749,.0730829,.0028583,.0276253,-.0012301,.1740743,.0057084,.0133808,-.007681,.115608,.1117365,.0485398,.0001046,.0105026,.0059621,.0911832,.0067699,8350,8350,100,1
185,.0039691,-.0222682,-.0646835,-.0100335,.0072466,-.0139662,-.0365966,-.0012828,.0133715,-.0082612,-.0040631,.0007557,.0233325,-.0046336,.2800497,.004452,.0387982,-.0024657,.3597058,.0084643,.0182785,-.0108694,.3170303,.3251311,.096605,.000172,.0167998,.0090547,.1704273,.0096787,2479,2479,99,1
184,.0087896,-.0465297,-.0573126,-.0225485,.0179766,-.03239,.0097872,-.0007268,.0335532,-.0193397,.1126091,.0027951,.0571161,-.0102972,.2812932,.0067856,.0783923,-.0055274,.4555138,.010207,.0401265,-.022272,.3707182,.1349293,.1526444,-.0006338,.0288218,.01444,.182434,.016922,1838,1838,98,1
183,.0009765,-.0043632,-.0152387,-.0020915,.0017336,-.0030137,.0040342,-.0000852,.0029328,-.0018883,.0648404,.0001952,.0047398,-.001078,.2295451,.0007775,.0072405,-.0005891,.4538386,.0014884,.0036182,-.0022082,.2299937,.2304062,.1436916,8.23e-06,.0026873,.0014842,.189207,.001781,42373,42373,97,1
181,1.06e-20,0,-.0141828,0,2.24e-20,0,-.0010672,0,4.43e-20,0,.0344373,0,8.41e-20,0,.1691179,0,1.31e-19,0,.4564615,0,5.99e-20,0,.2051305,.1914841,.1220176,0,5.11e-20,0,.1875125,0,8126,8126,96,1
180,.0022299,-.0198224,-.0317701,-.0092509,.0059014,-.0133417,.0012888,-.0007766,.0123902,-.0075112,.127466,.0009857,.022527,-.0036358,.2575454,.0029529,.0339798,-.0014146,.4083232,.0062939,.0160109,-.0093423,.4520943,.2846398,.1481595,-.0000608,.0137696,.0072554,.1707334,.0089782,5983,5983,95,1
179,.0005032,-.0104943,-.0408984,-.0038318,.0016816,-.0065697,-.0067952,-.0004983,.0050461,-.0032533,.0873476,.0002553,.010037,-.0010343,.1621969,.0012414,.0172903,-.0003612,.3076213,.0034046,.0073546,-.0045054,.4508018,.3276313,.1010029,-.0000389,.0079408,.0043654,.1370243,.0043072,8418,8418,94,1
175,.0016373,-.0075933,-.079293,-.0039833,.0028027,-.0051432,-.025276,-.0006083,.0045904,-.0031485,.0623916,.0002475,.0077789,-.0018796,.25202,.001424,.0123118,-.0011765,.3735086,.0035024,.0060999,-.0038797,.3568291,.3268225,.1093016,.0000171,.0050918,.0028237,.1731513,.0035893,2867,2867,93,1
173,.0074625,-.0479931,-.0316519,-.0329427,.0157186,-.0321149,.0011253,-.0027637,.0337994,-.0197039,.1070066,.0014432,.0625411,-.0098213,.3398983,.0091546,.0980459,-.0042245,.5431105,.0173762,.0437988,-.0229666,.3263436,.259052,.1829489,-.0017345,.0377036,.0165034,.219171,.0243126,3038,3038,92,1
172,.0004324,-.003616,-.062116,-.0021285,.0010726,-.002294,-.0063539,-.0002709,.0020817,-.0013846,.0600271,.000128,.0037587,-.0007358,.1889886,.0007183,.0060391,-.0002527,.2993262,.0017114,.0027962,-.0016856,.2840146,.2557479,.0918647,-.0000189,.0025586,.0012972,.1438401,.0018084,7046,7046,91,1
171,0,0,-.0498301,0,0,0,-.015375,0,0,0,.0226584,0,0,0,.2533425,0,0,0,.504782,0,0,0,.2635318,.2638103,.1298954,0,0,0,.2080356,0,14844,14844,90,1
170,.0004368,-.0103036,-.0393721,-.0037963,.0014921,-.0063245,-.005534,-.0002971,.0044416,-.002803,.0643874,.0002039,.0100238,-.000962,.2211813,.0013056,.0169937,-.0003106,.3431139,.0033841,.0068763,-.0042132,.3960244,.2658554,.1118013,.0000326,.0072567,.0040984,.158348,.0039905,8546,8546,89,1
166,.0017281,-.0137922,-.0150989,-.0059258,.0044099,-.0092418,-.0004862,-.0001424,.0086994,-.0054201,.0325579,.0004958,.0148516,-.002644,.1391558,.0022052,.0224869,-.0009425,.343316,.0047652,.0108963,-.0065544,.168458,.170719,.0998234,-2.99e-06,.0090772,.0051134,.1604946,.005647,24924,24924,88,1
164,.0003047,-.0027331,-.014824,-.0012678,.0007292,-.0018232,-.0020911,-.0000531,.0015887,-.0009701,.0262748,.0001062,.0029352,-.0004267,.1496516,.0004909,.0044722,-.000172,.3802087,.0010339,.0021111,-.0012484,.1870233,.1906955,.1017838,7.51e-06,.0018982,.0010403,.1650431,.0012231,12811,12811,87,1
163,0,0,-.0437076,0,0,0,-.0106271,0,0,0,.0128239,0,0,0,.1497341,0,0,0,.3788108,0,0,0,.2060856,.2129282,.0896422,0,0,0,.1642415,0,9313,9313,86,1
161,0,0,-.0048177,0,0,0,.0088287,0,0,0,.0812949,0,0,0,.2810421,0,0,0,.4820945,0,0,0,.2774683,.1236274,.1606531,0,0,0,.1873457,0,15846,15846,85,1
158,0,0,-.0146094,0,0,0,.0006747,0,0,0,.0431859,0,0,0,.1511381,0,0,0,.3290605,0,0,0,.1784797,.1650643,.1011164,0,0,0,.1444859,0,13522,13522,84,1
156,.0000967,-.0006709,-.0036009,-.0003306,.0002305,-.000462,.0146382,-.0000115,.0004516,-.0002713,.0865139,.0000292,.000773,-.0001332,.2726513,.00012,.0011211,-.0000529,.5183305,.0002206,.0005547,-.0003206,.2408219,.2087571,.1733344,-1.50e-06,.0004353,.0002353,.2088528,.000282,9341,9341,83,1
155,.0003653,-.0015495,-.0120805,-.0008426,.0006796,-.0010805,-.0002322,-3.14e-06,.0011456,-.0006818,.0253479,.000094,.0018166,-.0003897,.0881404,.0003089,.0026125,-.0001867,.20515,.000635,.0013619,-.0007889,.1134434,.1136871,.0654479,.0000103,.0009738,.000535,.1065716,.000729,26872,26872,82,1
154,0,0,-.0523485,0,0,0,-.0154385,0,0,0,.0513223,0,0,0,.2638163,0,0,0,.4720861,0,0,0,.2805088,.2858796,.1385479,0,0,0,.2082683,0,3456,3456,81,1
150,.0125584,-.0647708,-.0901893,-.0130711,.0281385,-.0508418,.0049603,-.0005927,.0528,-.0333907,.0937012,.0027259,.0836476,-.0190179,.2489047,.0078479,.1040763,-.0084949,.417814,.0121925,.0561419,-.0348901,.4038886,.2704778,.133551,.0007206,.0332977,.0196191,.1894151,.0183121,1172,1172,78,1
149,.0002545,-.0026067,-.0917907,-.0010464,.0005533,-.0015575,-.0264194,-.0001868,.0012779,-.0008691,.0826505,.0000712,.0023788,-.0003732,.2380376,.0003473,.0042342,-.000173,.3730703,.0008614,.0018065,-.0011402,.4604953,.383179,.1117499,-7.69e-06,.0018054,.001004,.1788378,.0011064,6694,6694,77,1
148,0,0,-.0446979,0,0,0,-.0124672,0,0,0,.0634111,0,0,0,.2183471,0,0,0,.3433126,0,0,0,.2972714,.2994975,.1081086,0,0,0,.1607195,0,3980,3980,76,1
147,9.58e-23,0,-.04956,0,1.94e-22,0,-.0111952,0,3.72e-22,0,.0452971,0,6.57e-22,0,.1592376,0,9.99e-22,0,.2483662,0,4.77e-22,0,.3937283,.3680982,.0766429,0,3.97e-22,0,.118376,0,3586,3586,75,1
146,.0010783,-.0128203,0,-.005651,.0026018,-.0079179,.0211247,-.0011033,.0062673,-.0041652,.032305,.0010216,.0125778,-.001954,.052923,.0019475,.0251304,-.0008047,.0714628,.0031006,.0106316,-.0061428,.8307881,.2865646,.0367434,-.0003768,.0138523,.0070329,.0394826,.0069661,1176,1176,74,1
145,.003392,-.0160825,-.0806808,-.0102265,.0068586,-.0124524,-.0186747,-.0007869,.012709,-.0077759,.0526818,.0004426,.0187855,-.0043218,.1948289,.0024458,.0272173,-.0019272,.3032252,.0071006,.014206,-.0083624,.4027716,.1968006,.088328,-.0002072,.0097438,.0050152,.1494155,.0073783,5376,5376,73,1
144,0,0,-.0221955,0,0,0,.0016049,0,0,0,.0657434,0,0,0,.2173809,0,0,0,.3856393,0,0,0,.2541203,.2124706,.1260125,0,0,0,.1647888,0,46750,46750,72,1
142,.0011901,-.0191668,-.0328857,-.0082547,.0054151,-.0142215,.0346156,-.0005348,.0141368,-.0084983,.12625,.0008723,.0238448,-.0036151,.2391905,.0034211,.0334023,-.0008135,.3106481,.0053696,.0166961,-.0091919,.5450496,.3381089,.1454089,-.0000535,.0139397,.0065233,.1543172,.008622,349,349,71,1
141,.0012553,-.0095853,-.0253183,-.0042936,.0027288,-.0062824,-.00435,-.0003595,.0054784,-.0034915,.0534637,.000294,.0103633,-.0017236,.2777923,.0017434,.015244,-.0006986,.4595245,.0032901,.0072734,-.0043733,.2765965,.2805008,.1431289,.000038,.0063016,.0034164,.1914978,.0039064,7508,7508,70,1
140,1.03e-24,0,-.050052,0,3.60e-23,0,-.0091739,0,1.19e-22,0,.0239823,0,2.28e-22,0,.1611744,0,3.82e-22,0,.2789923,0,1.60e-22,0,.4769141,.4094303,.0795221,0,1.66e-22,0,.1342605,0,2545,2545,69,1
139,.0029814,-.0154115,-.027575,-.0082774,.0064868,-.0104597,-.0051079,-.0004257,.0109301,-.0064792,.0263889,.000704,.0178986,-.00377,.1740849,.0031045,.0270246,-.0016523,.3492652,.0055968,.0139364,-.0078439,.2596165,.25,.0966811,-.0001357,.0112929,.0058142,.1472708,.0069195,3924,3924,68,1
137,0,0,-.04062,0,0,0,-.0211951,0,0,0,-.0018834,0,0,0,.0669861,0,0,0,.2512877,0,0,0,.1551621,.155958,.0488346,0,0,0,.1224548,0,34894,34894,67,1
134,.0021459,-.0130397,-.0390892,-.0067078,.0043729,-.0085897,-.0135298,-.0003894,.0082952,-.0050433,.0142049,.0005792,.0141876,-.0026331,.1163639,.0023896,.0221204,-.0013787,.2870723,.0047784,.0105888,-.0062077,.2180663,.1927398,.0711447,-.0000276,.0086865,.004633,.134504,.005625,13085,13085,66,1
133,0,0,-.1676692,0,0,0,-.0546122,0,0,0,.0692386,0,0,0,.2691882,0,0,0,.352926,0,0,0,.4703906,.4504209,.0916223,0,0,0,.1934343,0,2138,2138,65,1
131,.0060247,-.036686,-.024983,-.0150764,.0105491,-.0226393,-.0079793,-.0004635,.0197526,-.0121441,.0119521,.0012809,.0366144,-.0062562,.1027243,.0054111,.0619753,-.0032633,.2245247,.0114104,.0273839,-.0164174,.1911573,.1457779,.0593341,.00005,.0239423,.0137045,.1059747,.0139671,10516,10516,64,1
130,.0011692,-.0089317,-.0196341,-.004288,.0024888,-.0057532,-.0030753,-.0001682,.004915,-.0030285,.0298087,.0003533,.0095534,-.001554,.1272607,.0015902,.015396,-.0006839,.252568,.0034347,.0069186,-.0040647,.1766445,.1746434,.07804,4.85e-06,.0063369,.0033767,.1194241,.0039605,61554,61554,63,1
129,.0010845,-.0071573,-.0290463,-.0034961,.0022703,-.004551,-.0110765,-.0001736,.004197,-.0027372,.0104172,.0002342,.0070754,-.0014452,.0956745,.0012582,.0114333,-.000619,.250139,.0029076,.0055164,-.0034432,.1671832,.157708,.0609383,.000046,.0049416,.0028546,.1150992,.0031864,22548,22548,62,1
127,.0004682,-.002488,-.021375,-.0010102,.0009344,-.0017388,.0017933,-.0000179,.0017725,-.0010362,.0548484,.000127,.0028948,-.0005552,.2175536,.000414,.0041754,-.0002718,.4233212,.0007024,.0020963,-.0012276,.2722212,.2631579,.1267643,.0000179,.0015381,.0008447,.173104,.0009163,2527,2527,61,1
124,0,0,-.0466434,0,0,0,-.0190882,0,0,0,.0211972,0,0,0,.3261934,0,0,0,.4156866,0,0,0,.3443227,.3364082,.1303973,0,0,0,.1877257,0,3469,3469,60,1
123,.0004212,-.0027513,-.0580325,-.0015045,.0009107,-.0018833,-.0148715,-.0002414,.0017846,-.0011382,.0576474,.0001082,.0031177,-.0005838,.2410426,.0005912,.004823,-.0002619,.4030117,.0011963,.0022533,-.001332,.3359442,.224691,.1182848,-2.63e-06,.0018447,.000934,.1819713,.0012995,20793,20793,59,1
122,4.72e-23,0,-.0242261,0,9.57e-23,0,-.0032457,0,1.72e-22,0,.0256362,0,2.81e-22,0,.1010119,0,4.15e-22,0,.1978904,0,2.10e-22,0,.1784728,.154688,.0598542,0,1.63e-22,0,.097184,0,9503,9503,58,1
120,.0062183,-.0329823,-.0048153,-.0189774,.0122782,-.0220914,.0154882,-.0002689,.0228042,-.0135389,.0883867,.0018012,.0417211,-.0070945,.2189565,.0048259,.059843,-.003583,.3339753,.0086282,.0296156,-.0156817,.2780636,.1324609,.1310523,-.0012691,.0237794,.0106432,.1387895,.0145492,3133,3133,57,1
119,.0016269,-.008033,-.0208626,-.0040265,.00283,-.0052476,-.0081053,-.0001779,.0048312,-.0030702,.0118603,.0004102,.0083939,-.0017546,.066725,.0015049,.0132493,-.0009243,.159505,.0031545,.0064373,-.0039221,.1371007,.1334249,.0452346,.0000233,.0054239,.0030937,.0890511,.0035467,72108,72108,56,1
118,.0010984,-.006213,-.026722,-.0030748,.0022183,-.004146,-.0085928,-.0001236,.0039745,-.0025288,.0156724,.0002328,.0065916,-.0013389,.0964416,.0011643,.0101454,-.0006238,.249617,.0025114,.0050384,-.0030491,.1731473,.1630578,.0649744,.0000328,.0041626,.002315,.1205137,.0027629,47198,47198,55,1
116,.0005433,-.0035123,-.0300946,-.0014311,.0009967,-.0020877,-.0083925,-.0001167,.0019294,-.0011693,.0221002,.0000962,.0033687,-.0006065,.2307972,.0006033,.0058184,-.000333,.3810656,.0011117,.0026795,-.001597,.2905612,.2881402,.1082538,7.82e-06,.0025443,.0013963,.166637,.0014603,7302,7302,54,1
115,.000224,-.0018578,-.0585249,-.0007608,.0004082,-.0010168,-.0243338,-.0001276,.0008712,-.0005553,.0008692,.0000393,.0015765,-.000262,.2693,.0002983,.0030234,-.0001467,.3613099,.0006745,.0013128,-.0008056,.3077054,.3052378,.0966632,.0000125,.0014051,.0007918,.167164,.000846,6644,6644,53,1
113,.0001502,-.001429,-.0142897,-.0005516,.0003657,-.0009362,-.0011271,-.0000127,.0007977,-.0005171,.0296153,.0000376,.0014811,-.0002219,.1603201,.0002107,.00236,-.0000834,.3338552,.0004553,.0010653,-.0006475,.1961834,.1900235,.0978383,1.63e-06,.0009637,.0005364,.1479273,.0005757,38811,38811,52,1
112,0,0,-.0259365,0,0,0,-.0045192,0,0,0,.0407439,0,0,0,.1878746,0,0,0,.3111879,0,0,0,.248854,.2405452,.0982818,0,0,0,.1342326,0,22819,22819,51,1
111,.0013508,-.0127784,-.0137493,-.0070421,.0039419,-.008589,-.0004034,-.0003653,.0081293,-.0051098,.0519438,.000379,.014032,-.0023998,.1987164,.0023686,.0217018,-.0007923,.3595799,.0051543,.0101768,-.0060789,.2404275,.2368917,.1145397,-8.75e-06,.0086597,.0047467,.1496644,.0059211,24412,24412,50,1
110,0,0,-.0141596,0,0,0,.0005261,0,0,0,.045265,0,0,0,.1883381,0,0,0,.3651903,0,0,0,.2252118,.2270017,.1127879,0,0,0,.152208,0,17947,17947,49,1
109,1.32e-30,0,-.0178251,0,2.95e-30,0,-.0048476,0,8.81e-30,0,.0177372,0,1.80e-29,0,.1534212,0,2.97e-29,0,.3858158,0,1.24e-29,0,.1953718,.199187,.1008685,0,1.21e-29,0,.1666083,0,8856,8856,48,1
107,2.70e-16,0,-.0324491,0,3.82e-16,0,-.0165754,0,5.67e-16,0,.0035416,0,8.97e-16,0,.0471924,0,1.31e-15,0,.1104382,0,6.93e-16,0,.1786994,.1737962,.0229676,0,4.50e-16,0,.0619066,0,4465,4465,47,1
106,2.95e-23,0,-.0332759,0,6.73e-23,0,-.0044793,0,1.53e-22,0,.0919794,0,3.12e-22,0,.3154534,0,5.25e-22,0,.4661379,0,2.27e-22,0,.4073608,.3890222,.1562036,0,2.25e-22,0,.1950209,0,3334,3334,46,1
105,.0050765,-.0439691,-.1197701,-.0110366,.0111969,-.030591,-.0261054,-.001211,.0271355,-.0183573,.0977553,.0010323,.0468192,-.0082295,.2395009,.0039908,.075254,-.0036495,.3416575,.0093484,.0337698,-.0212511,.4907987,.4549683,.1070376,.0000391,.0283711,.0153997,.1783329,.0168599,2365,2365,45,1
104,.0041663,-.0377638,-.0522624,-.0210318,.0082731,-.0249568,-.0159813,-.0058216,.0183922,-.0124207,.1496666,.0007101,.0406486,-.0055497,.2559251,.0056955,.0641902,-.0032371,.3191603,.0173199,.0285899,-.0176113,.5573691,.4980977,.1280146,-.0006046,.0297931,.0168156,.1477182,.0206142,3154,3154,44,1
102,0,0,-.0392068,0,0,0,-.0064406,0,0,0,.0461613,0,0,0,.1615012,0,0,0,.2879967,0,0,0,.2513902,.1994794,.0877385,0,0,0,.1305088,0,9605,9605,42,1
101,1.55e-23,0,-.0554305,0,2.98e-23,0,-.0210686,0,5.83e-23,0,.0179982,0,1.05e-22,0,.1735838,0,1.69e-22,0,.3475829,0,7.85e-23,0,.2379134,.233381,.0870135,0,6.95e-23,0,.1636658,0,2798,2798,41,1
96,0,0,-.0096393,0,0,0,.0012285,0,0,0,.0308945,0,0,0,.11149,0,0,0,.252687,0,0,0,.1460725,.1390968,.0788222,0,0,0,.1168013,0,12157,12157,40,1
91,.0055892,-.0346128,-.0213051,-.015184,.0111635,-.0222831,-.0050931,-.0005049,.0204025,-.0127594,.0295302,.0011379,.0360431,-.0062466,.1816075,.005155,.060435,-.0029202,.415803,.0115187,.0280595,-.0164771,.2068631,.2083082,.1134016,-.0002279,.0257054,.0141356,.177285,.0155819,4983,4983,39,1
89,.0007714,-.0039906,-.0091872,-.0014431,.0014487,-.0028444,.0040217,-.0000104,.0026235,-.001717,.0568752,.0001369,.0044083,-.0009548,.1771923,.0005163,.0064426,-.0004737,.3411527,.0009813,.003195,-.0020026,.2210942,.1503165,.1101059,-7.98e-06,.0023129,.0013277,.1416245,.001323,5056,5056,38,1
87,0,0,-.0642194,0,0,0,-.0194757,0,0,0,.031381,0,0,0,.1790322,0,0,0,.3910401,0,0,0,.2679259,.2715789,.0964135,0,0,0,.1797297,0,3325,3325,37,1
86,.0055876,-.0246904,-.0735188,-.0119646,.0094725,-.0166825,-.0345417,-.0005218,.0157212,-.0103839,.0049412,.0008703,.0256312,-.0062539,.1621559,.0038989,.0410625,-.0035105,.3557696,.0082245,.0198144,-.0123956,.2505272,.2334602,.0766416,-.0000752,.0149014,.0084238,.167405,.0099957,8147,8147,36,1
85,0,0,-.0085706,0,0,0,.0055927,0,0,0,.0626917,0,0,0,.2101217,0,0,0,.3702023,0,0,0,.2791408,.2301679,.1215764,0,0,0,.1466552,0,4349,4349,35,1
83,.000524,-.0025516,-.0651059,-.0007336,.0008996,-.0017266,-.0263119,-.0000476,.0015149,-.0010284,.0200446,.0000675,.0026009,-.0006374,.1838679,.0002902,.0037326,-.0003586,.3064823,.0005485,.0019199,-.0012574,.2902675,.2592308,.0783505,9.84e-06,.0014154,.0008453,.1465798,.0007595,3900,3900,34,1
82,.0025885,-.0078176,-.004251,-.0037973,.0042986,-.0059127,.012985,-3.74e-06,.0065682,-.0041486,.058878,.000398,.0094474,-.0027014,.1409684,.0012268,.0128896,-.0013602,.2719496,.0023887,.0072788,-.0044395,.1829573,.1882447,.0986152,.0000234,.0044207,.002466,.1219457,.0029005,7469,7469,33,1
81,0,0,-.0148609,0,0,0,-.0013709,0,0,0,.0360288,0,0,0,.1674062,0,0,0,.3102227,0,0,0,.1849718,.1859464,.0983147,0,0,0,.1385812,0,9293,9293,32,1
80,.0035829,-.0172622,-.0209135,-.0064095,.0068718,-.0120313,.0001745,-.0000892,.0120056,-.0074666,.0447949,.0006609,.019352,-.0041412,.1632467,.0022868,.0281989,-.0021193,.3669987,.004509,.0142398,-.0086936,.2009413,.1926643,.1061591,.0000349,.0101789,.0059161,.1644274,.0057851,17367,17367,31,1
79,.0002594,-.0021821,-.0034351,-.0008496,.0006286,-.001454,.0084149,-.0000134,.0012978,-.0008136,.0573758,.0000735,.0024388,-.0003783,.2001154,.0003592,.0037076,-.0001552,.4885275,.000661,.0017121,-.0010042,.2156068,.2011933,.1416117,3.14e-06,.0014757,.0007859,.1911468,.0008305,4190,4190,30,1
78,0,0,-.0439314,0,0,0,-.0066288,0,0,0,.0519312,0,0,0,.1457106,0,0,0,.2341476,0,0,0,.2521107,.1587731,.0758265,0,0,0,.1102268,0,4434,4434,29,1
77,.0021917,-.0085914,-.0148762,-.0039459,.0036383,-.0061139,.0005589,-.0000428,.0059679,-.0037973,.0402061,.000387,.0096844,-.0022654,.1471764,.001344,.0139492,-.0012581,.339407,.0027857,.0073635,-.004488,.1660165,.1660361,.1020778,-.0000364,.0054615,.0029969,.1494676,.0035807,30132,30132,28,1
73,.00423,-.0160316,-.0510785,-.0073286,.0061165,-.0100961,-.0289151,-.0010546,.0095521,-.0062856,.001151,.0006918,.0158214,-.003946,.0642394,.0026411,.0254711,-.0026398,.1347533,.0064781,.0125783,-.007894,.1990402,.182084,.022479,.0001226,.0096296,.0054714,.0770918,.0068431,7524,7524,27,1
69,.001144,-.0140197,-.0874371,-.0050726,.0021384,-.00776,-.0091254,-.0009874,.0054031,-.0036116,.1962516,.000449,.0130448,-.0016229,.2465678,.002056,.0231948,-.0008432,.2771067,.0033566,.0097224,-.0058734,.6729136,.5206612,.1410508,-.0000576,.0114205,.0063097,.142613,.0058514,2057,2057,26,1
65,0,0,-.0041849,0,0,0,.0181478,0,0,0,.0772254,0,0,0,.2177467,0,0,0,.3794896,0,0,0,.2152647,.198914,.1375666,0,0,0,.1580101,0,5525,5525,25,1
62,.0105141,-.0488773,-.060817,-.0165393,.0171621,-.0333018,-.0087206,-.0012533,.0340882,-.0209942,.0439679,.0021386,.052783,-.0116465,.1977713,.0080196,.0819594,-.0071063,.3693121,.0139816,.0404469,-.0247288,.2705851,.2604549,.0989517,.0006557,.0295348,.0171567,.1636972,.0163464,1363,1363,24,1
58,.0033813,-.0206131,-.0240123,-.0079105,.0073279,-.0135022,-.0026064,-.0002299,.0131945,-.008194,.0346593,.0006935,.0220387,-.0043357,.1705529,.0031898,.0342513,-.0020121,.3675894,.0062707,.016568,-.0099469,.2231755,.2066793,.1068309,.0001726,.0133381,.007567,.1624294,.007341,8414,8414,23,1
56,.0004903,-.0033393,-.0056351,-.0015856,.001093,-.0022846,.0086072,-.0000285,.0021624,-.0013301,.056895,.0001266,.0037176,-.0006637,.1920457,.0005502,.0056767,-.0002788,.3987563,.0011059,.0027098,-.0016002,.1935982,.1904669,.1296138,-.0000215,.0022366,.0012088,.1721613,.0013787,35959,35959,22,1
43,0,0,-.0141145,0,0,0,.0288893,0,0,0,.1330592,0,0,0,.2568573,0,0,0,.4018913,0,0,0,.3524809,.1387529,.1641982,0,0,0,.1677509,0,3063,3063,21,1
33,3.98e-25,0,-.0393516,0,8.18e-25,0,-.0146888,0,1.46e-24,0,.0191299,0,2.43e-24,0,.2528172,0,3.96e-24,0,.4971249,0,1.92e-24,0,.2572428,.2617909,.1296322,0,1.65e-24,0,.2024743,0,7739,7739,20,1
31,.0012379,-.0118547,-.0310829,-.0051503,.0025029,-.0069487,-.0034907,-.0004124,.0054296,-.0036324,.1454464,.0004177,.0111114,-.001767,.3199257,.0018824,.018848,-.0008599,.4059344,.0040255,.0080402,-.0050718,.4555033,.3126879,.1624098,.0001471,.0077083,.0044628,.1743771,.0049377,3326,3326,19,1
25,.0047329,-.0222006,-.0394423,-.0105721,.0084914,-.0151744,-.011987,-.0009483,.0144104,-.0095089,.059583,.0007839,.0240679,-.0053068,.1982137,.0038519,.0348168,-.0026874,.30112,.0091162,.0178108,-.0111238,.2750883,.2503425,.1000318,.0001195,.0132337,.0075914,.1411684,.0093623,5840,5840,18,1
23,1.55e-16,0,-.0130465,0,4.42e-16,0,.0038038,0,1.03e-15,0,.0682172,0,1.90e-15,0,.2342447,0,2.74e-15,0,.4468026,0,1.30e-15,0,.2393454,.2310164,.1460991,0,1.11e-15,0,.1910993,0,12761,12761,17,1
22,.0010001,-.0695251,-.0239782,-.0090849,.0058398,-.0532588,0,-.0007089,.0382819,-.0229933,.0705596,.0017001,.0925706,-.0035739,.1934132,.0094562,.1164755,-.0007878,.2408813,.0146164,.0525815,-.0296049,.5998639,.2968981,.0943169,.0005792,.050786,.0263506,.1047441,.0247892,677,677,16,1
21,.0028635,-.0381559,-.0553038,-.0108558,.0080292,-.0245335,-.0199413,-.0007119,.020835,-.013263,.0678746,.0009064,.0394621,-.0050603,.2681768,.0050615,.0662032,-.0016514,.4012411,.0092683,.027353,-.0165894,.3651615,.3550276,.127191,.0002401,.0240884,.0138363,.1849798,.0122242,2904,2904,15,1
19,.0019591,-.0076802,-.0594992,-.0045056,.0033601,-.0055274,-.0227285,-.0003956,.0056849,-.0035725,.018753,.0004405,.0090129,-.0021697,.1034797,.0015583,.0131134,-.0012193,.2090829,.0032294,.0067851,-.0040473,.2444166,.2112463,.0511893,4.10e-06,.0048472,.0024881,.116699,.003554,27049,27049,14,1
18,0,0,-.1405827,0,0,0,-.02484,0,0,0,.0690378,0,0,0,.2230275,0,0,0,.3101184,0,0,0,.5323015,.3994667,.0861793,0,0,0,.1681976,0,1875,1875,13,1
16,.0010566,-.0068188,-.0178833,-.0029274,.0023078,-.0049597,.0074218,-.0001266,.0047261,-.0027702,.0927039,.0004023,.0082856,-.0014212,.2223568,.0010552,.012047,-.0006718,.3363274,.0018325,.0057235,-.0033551,.4598207,.2267393,.1230243,.0000113,.0043216,.0023615,.1413887,.0025034,2386,2386,12,1
15,.0103978,-.0361943,-.0716857,-.0194153,.0158466,-.0246772,-.0360421,-.0016929,.0255325,-.0161996,.0263896,.0018542,.0396186,-.0103614,.1999077,.0069666,.0603241,-.0067501,.3308842,.0142195,.03119,-.0191086,.3003971,.2572498,.0858416,.000108,.0221484,.012048,.1571265,.0162217,7483,7483,11,1
14,.0032111,-.0180237,-.0296288,-.0076917,.005894,-.0116873,-.0080778,-.000346,.0108812,-.0067125,.0233666,.0007047,.0195861,-.0035968,.1316003,.0030005,.029819,-.0018403,.2651859,.00576,.0142637,-.0083667,.2260939,.1303151,.0744373,.0000321,.0116497,.006203,.1229282,.0071634,9078,9078,10,1
12,.0002717,-.0013058,-.0327107,-.0005856,.0004758,-.0008719,-.0129127,-.0000199,.0008184,-.0005317,.0166937,.0000439,.0013528,-.0003056,.1260235,.0002106,.0020895,-.000171,.2985369,.0004558,.001039,-.0006501,.1986388,.1992752,.0744676,4.33e-06,.000828,.0004696,.1388017,.0005445,36146,36146,9,1
11,.0008868,-.0045145,-.0217246,-.0020714,.0015525,-.0029808,-.0075205,-.0000655,.002908,-.0017524,.0128525,.0002108,.0048633,-.0008813,.0764796,.0007506,.0074597,-.0005082,.2422606,.0016645,.0036762,-.0021986,.143228,.1411128,.0603502,8.65e-06,.0029934,.0017261,.1132098,.001869,16625,16625,8,1
9,.0010255,-.0091883,-.0524403,-.0041918,.0027845,-.0057569,-.01019,-.0010921,.0056332,-.0029746,.0215175,.0000748,.010563,-.0014109,.1328266,.001192,.0162343,-.0005651,.2455122,.0037081,.0074197,-.0039618,.3134227,.2828947,.0696938,-.0000732,.0061511,.0032984,.13979,.0042482,304,304,6,1
7,.000102,-.0007085,-.0538203,-.0002873,.0002019,-.0004564,-.0182502,-.0000212,.000402,-.0002519,.0772683,.0000334,.0007555,-.000129,.1996757,.0001199,.0011996,-.0000669,.2880974,.0002209,.0005568,-.0003271,.4296861,.2929702,.0978812,3.21e-06,.0005055,.0002591,.1391107,.0003045,2717,2717,5,1
6,8.15e-16,0,-.0611683,0,2.02e-15,0,-.0262771,0,4.35e-15,0,.0359229,0,8.75e-15,0,.2601871,0,1.42e-14,0,.3902257,0,6.20e-15,0,.3472222,.2932612,.112324,0,5.85e-15,0,.1787901,0,7761,7761,4,1
5,.0010907,-.0065739,-.0779888,-.0038434,.0022313,-.0044903,-.0100117,-.0009113,.0042489,-.0027563,.0438883,.0001943,.0073392,-.0015416,.1423584,.0011899,.0114992,-.0007603,.259224,.0033535,.0053051,-.0032552,.4259494,.4078696,.0695923,-8.78e-06,.0041029,.0021919,.124522,.0033872,5769,5769,3,1
2,.0043713,-.0312169,-.0577345,-.0091227,.0086918,-.0209917,.0335123,-.0011645,.0195301,-.0119005,.2116528,.0025621,.0354497,-.0060665,.3198781,.0059582,.0508544,-.0031863,.3919502,.0095564,.0240922,-.0146861,.5848953,.1812451,.1830887,.0008996,.0204204,.0106384,.1769658,.0106594,1269,1269,2,1
1,.0017079,-.0078634,-.0397186,-.0048634,.0031704,-.0054323,-.010763,-.000371,.0056957,-.0033633,.0241272,.0004268,.0093968,-.0018204,.1289449,.0016954,.014298,-.0009506,.2829807,.0036086,.0070721,-.0039674,.2076263,.2082093,.0760669,-3.39e-06,.0054975,.0028222,.1383943,.0039555,23851,23851,1,1
