hrr,mfx_failures,mfx_patients,mfx_failures_se,mfx_patients_se,patients,pcp_total,spec_total,mean_choice_size,mean_spec_failures,mean_pair_failures,mean_pcp_failures,spec_hhi,mean_vi
1,-.05599015,.86343349,.04730841,.03793836,7974,674,400,11.05142,20.12607,.4994188,2.694784,.0396767,.0385001
2,-.08082215,.75963101,.07154492,.06939714,2815,171,150,14.74565,29.89052,.6372025,4.312701,.4367813,.0024867
5,-.04975442,.65606916,.09205688,.074047,3197,273,174,10.45261,39.38078,.5168047,2.442981,.3788719,.0043791
6,-.10792236,.95153439,.07397449,.05585828,3958,295,214,11.69429,15.95628,.4431649,2.749809,.17748,.0141486
7,-.08723331,.80218393,.07709761,.06544943,1868,164,138,12.21306,16.8282,.3525424,2.400755,.223802,.0240899
9,-.5145293,1.2183818,.25300481,.37663842,149,49,51,5.18792,16.65306,.3052632,1.891156,.1229224,.0536913
10,-.00497329,.78044747,.16436869,.13067975,1699,266,284,9.894644,16.98754,.4633274,2.231772,.11061,.0370806
11,-.12420022,.97336775,.05153069,.06277946,6300,602,367,19.20572,26.70064,.5592444,5.179876,.1421855,.0114286
14,-.04705725,1.0373215,.05844458,.05304391,3600,420,258,13.85472,33.79293,.6071429,4.154788,.2445769,.0175
15,-.15915253,.99947671,.09443079,.04992949,4608,364,288,10.82834,32.46822,.4386997,2.34199,.2072553,.0405816
16,.05923712,.72159094,.08536817,.0552324,2026,182,134,11.10266,22.35166,.486852,2.491828,.2472892,.2729516
18,.02048742,.81779662,.09066642,.04440733,1445,92,84,9.829758,21.71736,.5165031,2.71875,.3223462,.2574394
19,-.02994976,.79827274,.06545944,.03291528,10718,582,289,12.6838,33.77649,.5799227,2.940165,.0859526,.0841575
21,-.11036004,.38867335,.1015242,.04178938,2972,243,165,8.068641,39.20332,.9104084,2.357602,.221752,.1813594
22,-.04145912,.44714765,.04996991,.08093535,1206,124,129,12.20813,26.96836,.4022699,2.995008,.2385626,.2852405
23,-.10075083,.89983499,.09078838,.05158322,5671,501,344,10.08447,23.86997,.423221,1.80885,.1335274,.0774114
25,-.03130609,.86414655,.08996435,.05635802,3242,209,204,12.58267,25.38841,.4486626,2.365718,.092399,.0271437
31,-.23232547,.8865041,.164217,.07116695,2110,127,124,10.53649,23.70362,.6590106,3.180866,.2369803,.0492891
33,-.00632461,.81375193,.08073516,.06832817,3105,282,176,10.0219,29.29573,.3695652,1.874354,.292503,.0866345
43,-.07580448,.83127171,.11343977,.05300727,3063,210,147,10.43226,39.76123,.4718499,2.302584,.4532851,.029383
56,-.15783723,.9383327,.0597557,.01847863,12863,955,535,9.212858,38.32286,.6349136,2.066739,.0293402,.0289979
58,-.18580719,1.0104755,.09661791,.04787071,3302,239,217,11.98244,22.28993,.4720524,2.125381,.0567536,.1926105
62,-.0216159,.74482577,.22803789,.04355887,1112,139,116,7.988309,34.74797,.897497,2.774661,.184841,.0305755
65,-.07936403,.84141995,.09811638,.04998008,2092,282,172,7.819312,23.80934,.380816,1.401918,.0765865,.040631
73,-.12861097,.63629493,.07816967,.04835926,2718,137,165,12.97241,25.07394,.5218412,3.162102,.1081291,.080206
77,-.08204629,1.1783759,.06978756,.05342843,9013,621,405,12.74958,21.08205,.4560683,2.593318,.0559338,.1900588
78,.07435709,.86700828,.11795106,.07000754,1904,125,112,11.24632,30.75831,.4733932,2.361433,.1696467,.039916
79,-.28522365,.88822054,.1058513,.05787352,2295,365,320,8.107625,15.23568,.5135909,1.879492,.0448737,.124183
80,-.10260113,.86174342,.06645146,.03200743,6719,579,376,9.996428,17.45527,.4960018,1.790277,.0590421,.1739842
81,-.12625332,.74944409,.0632605,.04095208,3021,316,207,11.78616,16.54561,.3131727,1.977,.1035033,.0334326
82,-.20406919,1.0089086,.11778845,.06591785,2917,281,179,10.2434,27.98653,.3575184,1.640055,.0775207,.1258142
83,.06025828,.7761265,.09401084,.06152723,2011,160,132,9.802586,17.61008,.3688469,1.671329,.1935968,.0417703
85,-.00929872,1.0026707,.07042375,.08185431,2060,229,133,8.798544,34.60195,.317193,1.642336,.1750627,.2111651
86,-.15900441,.87187907,.10714652,.0528535,2999,186,108,9.794265,19.22886,.3832618,1.92047,.1145422,.174058
87,.13979369,.79396606,.12161098,.09547826,1393,116,113,10.59009,26.40519,.2829989,1.635709,.2215616,.3194544
89,-.12790752,.95225428,.14454705,.06631724,2153,169,129,10.89178,18.40812,.4167207,1.99767,.1298438,.1114724
91,-.21242299,.91253752,.1309662,.06942584,1759,188,151,10.91416,23.92576,.3959562,2.638905,.0934711,.2211484
96,-.17732104,1.1050322,.08280475,.04847276,3310,311,182,11.28852,23.81536,.4986678,2.091765,.1079693,.0129909
101,-.04532517,.97965787,.17988763,.11541945,1101,132,114,9.49228,17.17156,.4822191,2.362889,.1566778,.1298819
102,-.032693,.76418631,.05924399,.05153337,4050,371,244,13.12568,18.10012,.4223853,2.711443,.1462095,.0767901
103,-.04815868,.90588591,.03940891,.05169827,9560,771,495,13.74916,21.50873,.4781874,2.551855,.0781785,.0864017
104,-.17785779,.62814999,.1005094,.08275383,2257,206,148,9.907843,46.65239,.5949442,2.731696,.492412,.0948161
105,.04424484,.56048867,.09172997,.06346776,2161,213,172,7.453031,12.41328,.3127036,1.301216,.1597764,.0522906
106,-.06027136,.81450368,.11714437,.08031827,1995,213,137,9.609022,35.34816,.4491827,2.413515,.3712386,.1598998
107,-.02417321,.58792,.072201,.07272428,1302,96,104,13.70507,14.20711,.3376777,2.490726,.1383149,.109063
109,-.06574181,.99057535,.13891462,.06742709,3146,332,241,10.15099,24.16512,.4783455,2.067667,.1119827,.0104895
110,-.00999445,.78355958,.03533717,.03090576,6564,648,373,9.292353,30.62705,.472886,2.203032,.1227582,.0457038
111,-.09182541,.92132741,.05273718,.04215276,8250,743,392,9.322424,27.27293,.4709332,2.25971,.0793108,.0252121
112,-.04086173,.90299748,.06038817,.04938595,7012,461,270,12.17855,45.87389,.4914109,2.897631,.2742204,.0085568
113,-.12705788,.98635989,.04485722,.04179912,11938,1049,622,11.22399,29.65428,.5133178,2.505565,.0746205,.0214441
115,-.03913432,.71368775,.09156573,.07261411,3031,351,210,9.415375,45.95497,.5568182,3.090457,.4182936,.0280435
116,-.01949391,.87898776,.06125029,.05713332,3137,414,269,9.539369,40.38942,.6000981,2.775288,.3033585,.0290086
118,-.06709291,.75039191,.03846011,.03584953,13756,1435,961,14.37656,40.89204,.5669124,3.486287,.0634974,.0327857
119,-.0294723,.9095617,.03365164,.03857183,15739,1794,1131,14.13489,58.9684,.703514,4.412858,.0550641,.0534977
120,.22187696,1.0300251,.11569389,.0480836,3253,331,186,9.925607,39.25417,.6507732,3.139069,.3852161,.070704
122,-.04707848,.86528941,.06142376,.06004565,2786,338,270,10.09368,25.94448,.5963303,2.823678,.0883028,.0412778
123,-.10956218,.84370762,.04249189,.03647619,10751,722,423,12.20724,87.95827,.94289,4.272906,.1796653,.0747837
124,-.19731294,.65834122,.10575035,.10173019,1727,221,176,8.898668,38.07513,.5754717,3.06756,.4365963,.5732484
127,.42425612,.96833971,.19938906,.08790983,2015,415,425,8.721092,25.43628,.5013357,2.079104,.0711259,.0307692
129,.00385066,.92228943,.0659788,.04861225,8215,676,506,14.26086,45.63213,.6336699,4.158647,.0905864,.0116859
130,-.10610465,.88584996,.03375408,.02715398,19003,1858,1311,11.69326,37.86859,.8120595,3.827252,.0226477,.0479924
131,-.07873984,.70808352,.08622027,.05993141,3964,347,280,13.95787,28.43412,.5712773,3.209296,.1198514,.0953582
133,-.04498076,.55414346,.15105845,.09950419,1552,131,154,10.33763,34.97604,.8160821,3.078862,.3461455,.0393041
134,.01928537,.81558826,.05498168,.04139755,5487,443,317,11.88227,21.33572,.5150376,3.167248,.0999402,.126663
137,.05302255,.99235035,.052857,.05840633,7788,816,550,13.21225,49.67152,.6182594,3.486978,.1758663,.0387776
139,-.13145375,.82447081,.07935993,.05205163,1812,290,205,9.01766,25.85327,.4702653,2.627288,.2535245,.0248344
140,.0982632,.69362439,.13464607,.07485865,2464,221,173,8.787744,19.1517,.6573242,2.952556,.142137,.03125
141,.03437568,.94223733,.07446532,.05158412,3891,479,362,11.19841,31.64562,.5089723,2.707601,.2501926,.1369828
142,-.29590376,.61037154,.21614441,.13765508,708,65,74,10.58051,28.25036,.3766234,2.297297,.1973611,.1101695
144,-.04771746,1.0228736,.05093138,.03284783,18566,1270,726,11.95432,25.8382,.4170912,2.229996,.0813143,.0365722
145,-.03254155,.61784834,.05500201,.05437851,3173,225,175,12.45698,18.10293,.395359,2.714968,.2815811,.0135518
146,.05113776,.56718966,.07361005,.05139497,1869,126,75,10.71215,35.44265,.5808011,3.366523,.4331329,.0053505
147,.13088508,.55592479,.07291106,.05279444,2384,227,192,10.04866,21.89902,.432398,2.20272,.1591201,.0192953
148,-.0995878,.7275388,.0940411,.06195486,1504,161,122,9.489362,20.58036,.61875,3.144198,.2707143,.2573138
149,-.08635195,.95939135,.0908328,.05216401,4999,346,305,11.47309,39.82423,.8118421,3.652778,.1698469,.0784157
151,.08125572,.76935498,.07551266,.05841095,3056,270,192,10.23298,17.28585,.5079903,2.403353,.1487024,.3275523
152,.01003537,.4691799,.07094455,.08177633,1262,96,81,10.97861,10.40225,.487315,3.08741,.0916225,.0198098
154,-.34504865,.85699502,.1537263,.04349046,1484,244,131,6.493935,30.36642,.7707763,2.456891,.128817,.2486523
155,-.04849223,1.0093541,.05871581,.05408066,5345,543,280,12.13901,30.68046,.6010086,2.905692,.0706084,.053508
156,-.11284288,1.0018035,.05857482,.03492753,3834,731,319,6.149452,31.53356,.5089921,2.037968,.1044222,.1356286
158,-.24811455,1.0409492,.08383084,.04020797,4748,655,317,10.25358,30.05786,.6099173,2.598265,.0925746,.0494945
161,.04534336,1.0370861,.06437494,.04474865,7853,699,306,11.15064,33.69044,.410879,2.161793,.3854575,.1049281
163,-.02342348,.75840539,.05080718,.04340345,3161,433,214,9.274913,30.21967,.5853045,2.713739,.2089237,.2603607
164,-.00550126,.82743176,.07621629,.05890794,4112,609,299,9.303745,27.19006,.7385199,2.998532,.115218,.0744163
166,-.13055315,.86020354,.05601126,.03851869,6726,841,378,9.97755,30.05056,.6612386,2.686031,.0731936,.2276241
170,.11385394,.71916487,.07918639,.04115412,4729,346,230,10.7731,30.45766,.7900082,3.084803,.1824092,.2180165
171,-.13726214,.84368492,.07698165,.03480281,5386,519,316,9.551059,30.98784,.9337319,3.079036,.1493839,.2695878
172,-.02387268,.72671417,.07444734,.05660481,4372,405,267,9.646615,23.50023,.6948245,3.328479,.1079793,.1349497
173,-.05088109,1.0391814,.10530407,.06740886,1679,222,176,8.722454,18.81835,.6841673,2.647305,.1301631,.4860036
175,.01136374,.76208546,.13190418,.06460819,1387,103,84,9.149964,13.9761,.4458835,2.209724,.3396837,.1824081
179,-.0137221,.73998126,.06009771,.05649187,4958,336,250,12.06091,21.85822,.4642348,2.779878,.2236769,.0699879
180,-.11893411,.77700618,.07228724,.04718237,3952,389,249,9.039221,23.94621,.3887207,1.900993,.2498504,.1024798
181,-.12569239,.99127996,.06300805,.06985569,2849,342,236,10.29309,26.14702,.5747001,2.968074,.1488373,.0979291
183,-.12295339,1.0925352,.04551439,.03220675,14975,1066,524,12.26584,23.21222,.553544,2.57989,.0706503,.1835726
184,.17056708,.89301245,.14245282,.07896613,1378,150,105,8.847605,32.42182,.5723746,2.297455,.4835187,.3744557
185,.0939442,.8022559,.09939001,.11800589,1044,109,99,9.898467,19.27019,.4157303,2.200192,.4721451,.0296935
186,-.22341606,.99547549,.09259205,.05632492,1779,247,150,9.913997,25.87084,.7355728,3.49295,.0826098,.1495222
187,-.17210286,.87776636,.04899862,.05225697,4305,388,250,9.412543,31.68396,.4891339,2.543544,.1605464,.0891986
188,.06366665,.76720857,.11654216,.12958945,1208,132,134,11.45778,22.2147,.5768757,3.088333,.2979214,.2201987
190,.02516287,.45512531,.09100892,.0516188,2270,163,97,9.305727,54.50066,.9657303,3.634276,.7916455,.0229075
191,-.26454763,.98244923,.07477814,.03694037,4768,278,185,10.08431,44.93263,1.153526,3.912576,.3533031,.0664849
192,-.10689638,.8486593,.04314299,.02682121,7250,466,293,12.79572,19.24671,.5187486,2.289849,.2533203,.1091034
193,.0000357,.83844918,.10230432,.07809865,998,110,108,8.687375,20.18971,.6433204,2.951613,.2108907,.3016032
194,-.04313545,.73657185,.06723947,.05589777,2250,224,149,10.29467,21.82698,.6172308,2.7342,.2808281,.1506667
195,.00029689,.88245322,.15511786,.0966653,1155,123,119,9.579221,21.48651,.6530612,3.174064,.5049718,.0406926
196,-.02678829,.95638889,.07904253,.06532841,1766,128,114,11.35844,12.67615,.4509506,3.186113,.364512,.0317101
197,-.18098698,.79272167,.09058378,.06399566,1569,130,117,12.65392,20.05581,.5539305,3.151185,.2702874,.2383684
200,-.13222333,.89442174,.10105817,.05630447,3948,221,151,10.79103,28.95708,.6999041,3.208993,.2706454,.3467579
201,-.04651704,.75480111,.04732143,.02722851,8764,495,305,10.23209,32.4036,.6607896,2.713319,.1011415,.0933364
203,.08498968,.73190398,.09587959,.0696047,2200,209,107,9.585,42.85224,.5056478,2.330896,.4001698,.0109091
204,-.02558565,.6892991,.08050254,.04693676,3212,325,258,10.16002,18.19674,.5322741,2.286027,.068309,.0958904
205,.00960848,.88168904,.04739938,.03608963,11041,689,349,12.71071,30.29233,.4881412,2.710629,.0925723,.1971742
207,.05638732,.6266185,.16978455,.26509058,433,73,84,8.863741,18.84382,.3816254,2.554524,.1595667,.0531178
208,-.05505338,.69769219,.07691725,.05944687,2959,211,165,9.814465,32.56216,.9970662,4.416439,.3303984,.0898952
209,.05601856,.76130579,.10497532,.0851674,1344,131,111,9.119792,19.68638,.5262097,2.625748,.4894804,.0029762
210,-.23281411,.69526649,.11229421,.10226563,1916,169,124,9.804802,19.92467,.5191693,2.133052,.4247159,.0354906
212,.08925022,.72455842,.11244033,.10369779,1075,60,74,10.81581,11.3736,.6048781,3.375701,.2603725,.0148837
213,-.1074299,.58813171,.08145528,.05361122,3398,171,117,11.00618,19.68617,.5452343,2.316224,.1320771,.0741613
214,.22082501,.56816441,.10180238,.06639815,1663,106,89,10.365,26.78615,.636214,3.067436,.2814535,.0901984
216,-.29580148,.81612337,.16584885,.20098298,718,100,85,8.306407,10.06073,.2477064,1.821378,.080489,.1002785
217,-.11233388,.7668699,.12777846,.07604133,979,84,84,10.9428,22.63786,.4698795,2.730928,.3792211,.0091931
218,-.11898135,.98761659,.2067851,.40643798,303,65,55,4.584158,10.80537,.3233831,1.366667,.1089762,.1254125
219,-.16268161,.71433979,.07301694,.04416725,2844,245,174,10.718,22.34372,.4528492,2.597949,.1781261,.0625879
220,.0311855,.24909817,.10912347,.14285181,422,71,78,9.402843,12.08789,.236,1.721429,.0765594,.1137441
222,-.0638497,.7158383,.06401514,.04630961,5045,544,327,8.478097,25.8337,.4338594,1.970899,.0921841,.1839445
223,-.08101294,.90919459,.02668174,.02939239,16134,1004,448,13.9573,39.83294,.4483094,2.722098,.0732799,.0340275
225,-.09396853,.81730354,.08934084,.05393192,5401,464,375,13.8791,35.8799,.6402331,3.41755,.1284693,.0079615
226,-.05597541,.7823466,.05828984,.05229139,2863,474,292,8.833042,28.76893,.380801,2.333918,.1203666,.0080335
227,-.09699129,.99795758,.03684207,.02402327,24112,1632,680,12.89287,25.06298,.4451371,2.002291,.0279492,.1172445
230,-.09115053,.73814469,.06371353,.05662503,3926,308,287,10.73612,37.50141,.4307633,2.015097,.1910511,.0524707
231,.16284622,1.0151297,.16855138,.09067471,1505,291,192,7.383389,17.94705,.3552941,1.432396,.0954475,.1488372
232,-.02886497,.80625809,.0445847,.04197941,6857,816,368,9.259589,29.40571,.4697107,2.33631,.0465921,.1160858
233,-.01711927,.77012475,.05736259,.04876013,2783,356,173,9.204096,27.58123,.5264305,2.636134,.086945,.0506647
234,-.09800314,.9884436,.04486527,.04071796,7099,723,309,10.39259,36.22438,.4855138,2.779929,.0484148,.0449359
235,-.01531064,.94788487,.06180889,.04012087,3174,401,259,9.611217,27.51706,.596789,2.698769,.2299609,.026465
236,-.17568101,.73288685,.07190344,.05763789,2908,410,252,8.200481,16.42482,.4197934,1.806351,.1029073,.1478679
238,-.04226295,.85108478,.07334468,.04186983,3257,395,280,9.057108,23.27699,.6034557,2.698491,.0891614,.2591342
239,-.15061071,.76938378,.0767712,.05023187,4023,407,271,8.78598,57.26825,.6431239,2.793603,.1055776,.0454884
240,.16987949,.4795414,.09190148,.07473591,907,121,116,9.001102,16.71903,.6418816,2.540929,.3191458,.0176406
242,-.09803401,.42608425,.10658334,.07152008,1296,155,123,9.204475,16.05525,.3719101,1.941085,.3619994,.0470679
243,-.09175753,.75201085,.0961837,.08475631,1135,184,188,10.32599,18.90274,.4793956,2.40708,.2051994,.014978
244,.05133207,.87612611,.06624007,.05523325,2807,490,202,7.720698,34.03825,.3698395,2.353214,.0734592,.0302814
245,-.1218034,.941922,.04962768,.04433323,4417,562,227,8.774734,49.19349,.4009088,2.685708,.0802049,.0418836
246,-.0964703,.80130584,.07582428,.04557425,4357,499,327,10.25109,24.80791,.7411801,3.205909,.0540098,.1097085
248,-.50981751,.6832644,.14201668,.10295129,892,130,113,8.719731,25.06644,.3154472,1.983165,.3029721,.2186099
249,-.00623242,.56476412,.0527954,.05901633,1999,270,219,10.43372,20.27789,.4109692,2.205631,.3744566,.0145073
250,-.24853521,.80807483,.0856517,.05903817,1523,224,149,8.203546,13.37624,.3245436,2.103426,.27047,.4694681
251,-.08180144,.89247679,.03697996,.03297258,6576,1003,551,8.42868,11.70279,.3799686,1.840544,.1444165,.2317518
253,.12183737,.75454198,.10361677,.06312042,1513,222,151,8.003965,16.30435,.5350254,2.152463,.2275372,.6226041
254,-.15615987,.3085852,.16420054,.13006097,394,101,75,5.243655,11.86118,.2995595,1.872774,.4580638,.0431472
256,-.0008653,.71442915,.05841502,.03528646,2033,366,201,7.240039,13.9333,.3542024,1.722689,.256348,.0570585
257,-.24659367,.85421242,.19265642,.09397704,1000,90,63,7.434,18.28084,.5066313,2.494483,.337576,.195
258,.07812581,.93955658,.12781746,.07889204,1425,111,92,11.28,14.04243,.5701839,3.062235,.3593027,.1635088
259,-.17091692,.66616264,.08545002,.05329238,3862,265,191,10.06603,35.06543,1.557559,5.345384,.3106572,.027188
260,-.08024323,.70021336,.09603679,.0998399,814,78,76,9.837838,18.44555,1.156646,3.991358,.1545014,.0110565
261,.01469155,.68287414,.10664374,.13950238,722,80,78,10.79224,18.11033,.6231884,3.355153,.172501,.0124654
262,.0257911,.81506343,.07692555,.07595325,1993,144,119,9.86001,18.86203,.460964,2.256153,.1253653,.0030105
263,-.04377561,.4752681,.10421942,.10496554,1028,112,111,13.68482,16.11448,.5485636,3.416992,.2422047,.0379377
264,-.21163059,.92318876,.12945358,.04863023,3930,328,212,10.3916,29.51009,1.751242,6.03735,.3047214,.1340967
267,-.19015877,.68663084,.12355075,.04617959,2883,185,158,9.790843,33.05973,.7991508,3.449407,.318634,.1952827
268,-.02511518,.92571067,.03628151,.03421161,13535,740,372,13.56749,24.48794,.5745089,2.907082,.0524281,.0616919
270,-.15723526,.92770852,.07147006,.06991013,3779,354,263,9.190262,19.35221,.5301375,2.62211,.2249293,.4556761
273,-.06837839,1.1070927,.03526482,.03239994,14456,879,465,13.87037,17.26184,.4758644,2.502572,.0485246,.0860542
275,.02759414,.45960654,.15004616,.09391069,873,78,76,9.597939,14.3931,.6839827,3.363218,.3038449,.4112256
276,.06852958,.50043508,.08308094,.06507691,2254,213,166,9.511091,12.3502,.4846847,2.346583,.1658497,.0687666
277,-.01878319,.89915205,.06199815,.03758233,5946,345,179,12.66061,25.92167,.6508273,3.554372,.1978914,.012109
278,-.12663087,1.0330295,.0583579,.03730486,10670,535,264,14.63805,19.76982,.6063241,2.879133,.095163,.1666354
279,-.02312542,.76271449,.09187228,.05755816,5384,512,401,12.74071,27.40157,.7456614,2.935249,.1040294,.0146731
280,-.00911391,.96791117,.09361608,.0642138,3488,330,241,11.6379,22.63715,.5776371,2.629758,.2313773,.0252294
281,-.19870575,.84702663,.21615241,.0800499,1473,253,202,8.007468,13.6911,.3847758,1.797121,.146227,.4046164
282,.02636317,.8696616,.07758519,.02859121,5396,646,358,9.162713,28.02689,.6649485,2.282678,.1106437,.198295
283,-.11802726,1.0362668,.03252437,.03632347,20336,1440,695,14.09028,42.60301,.503233,2.534534,.0863726,.0046223
284,.04111812,1.0049346,.07218214,.06554001,4127,480,329,11.14102,28.33862,.5148515,2.3537,.0492707,.0096923
285,-.19843016,.97682828,.07662916,.06094836,5414,590,415,11.37643,34.00464,.3645802,2.207491,.1530244,.0755449
288,-.18312317,.75104538,.08047786,.06116976,3636,491,331,9.496699,27.4586,.371139,1.919889,.0855979,.0134763
289,-.02840242,.81943307,.08109517,.07693975,2104,368,290,8.606939,27.58092,.4061625,1.928434,.0435762,.0480038
291,-.19418985,.8803892,.06789583,.10214563,1563,267,218,10.15227,33.29749,.46,2.689987,.0622435,.0127959
292,-.42973925,.91203726,.12354012,.06878052,2089,328,251,8.333174,29.7946,.5768608,2.619392,.074206,.0378171
295,-.02647294,.84274102,.05643055,.03366832,8680,866,582,9.490668,26.95764,.4891657,2.097677,.1167281,.0733871
296,.13339228,.68096784,.09762423,.06379267,1754,213,190,8.402509,19.9307,.3582208,1.656357,.1327632,.2428734
297,.28505434,1.2137973,.13738124,.11100782,638,186,153,5.876175,25.88413,.615607,2.304416,.0658651,.0485893
299,-.13120757,.75485821,.06955516,.04550989,2723,278,210,9.539111,11.62218,.2917206,1.414302,.0981407,.0400294
300,-.13007931,.68894519,.13223795,.05337514,1646,180,136,6.954435,31.30567,.5884646,2.084095,.1826889,.3584447
301,-.17059659,.88454707,.03503747,.0376142,16665,1159,607,15.43852,32.07475,.4995015,2.474989,.0437241,.0456046
303,-.11751399,1.0276387,.07876079,.08351527,5517,731,481,12.58456,25.82053,.8068638,2.902763,.03459,.0445895
304,-.1991142,1.0430586,.09951622,.06539517,1853,281,250,8.19374,12.40889,.3550088,1.495666,.0697275,.1284404
307,.03677294,.7049188,.05534828,.04722869,4996,423,294,10.97838,25.71824,.375,1.925091,.3297988,.0190152
308,-.18038899,.94218299,.06482948,.06843611,4807,567,380,9.990847,23.82988,.4823612,2.21967,.0578388,.166424
309,.01634112,.87738755,.06746162,.04170161,4834,405,295,11.29934,22.45327,.418053,1.98472,.1283122,.1243277
311,-.01764637,1.0425498,.04796405,.02734694,11328,810,446,11.9977,25.93868,.493604,2.059773,.3663298,.0828919
312,-.19144586,.76977346,.08176758,.04040278,5889,526,327,10.43556,27.39405,.6166348,2.793927,.1407334,.0665648
313,-.02567455,.85694223,.15323125,.11430572,1963,224,138,9.561386,20.86557,.4299363,2.05783,.2700087,.0545084
314,-.12098769,.91580503,.05710673,.06029258,5652,378,254,11.95789,25.88941,.6315666,3.146975,.1467929,.0507785
315,-.02008635,.90685263,.14827411,.10071358,838,123,118,6.77327,16.84383,.3296703,1.312876,.3998297,.0286396
318,-.08631416,.71401926,.05098217,.04150618,7362,633,330,10.88509,25.32778,.3987221,2.268132,.0938022,.0218691
319,.05583918,.77094159,.06936058,.05878092,3668,286,196,9.719738,44.04438,.5748653,3.067063,.2155744,.0324427
320,-.09560682,1.0226972,.1001773,.05565439,3679,393,241,8.764067,17.32639,.4314869,1.82,.1227372,.1674368
321,-.25743143,.6195696,.19505149,.09872391,1611,129,125,9.739913,14.24123,.513302,2.614232,.4178809,.2489137
323,-.13915255,.4976598,.15154489,.09331545,721,105,75,8.099861,17.30459,.525,2.604716,.2529216,.2163662
324,.1548652,.42634562,.49810055,.13132758,614,88,79,8.027687,15.14943,.8406113,2.842365,.3289425,.539088
325,-.06769315,.92702041,.06228012,.04771139,2506,348,187,8.923783,19.20572,.3787879,1.669887,.2887401,.0802075
326,.03260913,.6484955,.07605441,.05183763,2742,313,194,9.454412,14.69732,.3556701,1.756044,.1661586,.0495988
327,.0050172,.98331391,.04193613,.0328502,8441,595,304,12.08873,33.04769,.4190476,2.189977,.1077775,.1811397
328,-.11812939,1.0962708,.05276967,.03406834,9753,737,346,10.94238,20.90123,.4022337,2.187448,.0983818,.2003486
329,-.06357309,.82601096,.02896648,.02647215,12077,958,458,9.947255,48.41933,.5832609,2.50786,.1116184,.0728658
330,-.12219713,.9501798,.06302508,.05607483,5872,474,286,10.56948,25.24902,.6211543,2.509237,.1182494,.0303134
331,.05217224,.77881807,.098334,.08742729,1563,182,104,7.886756,29.67765,.4981851,2.281572,.2325682,.2232886
332,-.11653631,.97222493,.10537722,.08143477,2311,282,161,8.724361,24.00914,1.11002,3.699869,.2061626,.093466
334,-.11914419,.80989182,.05265996,.03645501,6245,520,337,10.63811,21.55556,.6013451,2.542531,.0753303,.1471577
335,-.02524347,.83115625,.04513179,.04406457,3800,298,258,12.04184,16.78675,.3600641,2.301981,.110851,.0618421
336,.01782098,.92364964,.13366565,.09629047,1471,118,105,12.73555,27.73032,.7550432,3.504437,.1546717,.1332427
339,-.11741306,.93346673,.04486147,.04366937,12683,684,327,14.40416,30.40743,.5948182,3.112379,.1090269,.0898841
340,-.03643677,.72577564,.03600467,.03894728,8991,544,291,12.2081,38.66293,.5910787,2.757976,.1139052,.1554888
341,-.21180468,.58116288,.10012428,.06156329,1967,142,90,8.737672,16.90704,.3291219,1.929708,.5390165,.0010168
342,-.01825935,.60547111,.09003384,.04693863,2832,239,160,9.447034,14.63128,.3657339,1.973656,.2213335,.2288136
343,-.13725743,.4470564,.11266532,.07345145,2632,214,183,9.692629,25.00153,.5846795,2.23563,.2293222,.0258359
344,-.27232773,.86485939,.08578786,.06112911,3505,498,375,9.452782,11.40294,.3377736,1.684801,.0601789,.0853067
345,.03461007,.5421386,.11195874,.12246905,614,100,75,5.996743,13.01478,.2097561,.9802955,.5200798,.0325733
346,-.0429427,.84039113,.03629527,.03413295,8860,702,400,11.7105,39.90779,.4110772,2.337382,.1299839,.1671558
347,-.12695187,.7983994,.08943572,.05910166,1157,122,108,8.969749,21.11275,.3974684,2.152249,.3578869,.0872947
350,-.12572469,.47846597,.07999385,.05018707,3095,244,158,8.495961,19.30429,.3649062,1.864522,.1735954,.2995153
351,-.17162008,.71474383,.05225075,.03509405,3517,344,318,9.385271,19.64731,.4946192,2.137311,.0875632,.1666193
352,-.14883789,.9337473,.04840228,.04248028,6144,515,312,11.0887,18.52834,.4355664,2.104402,.2230827,.1404622
354,-.26346019,.58952588,.21840274,.11793387,363,64,73,7.272727,14.04972,.3834952,1.660221,.1137673,.0661157
355,-.06109514,.76019514,.04192597,.03619304,4330,458,239,11.02125,23.58409,.3311594,1.965357,.1639614,.012933
356,-.17080132,1.0446538,.03757142,.03276709,16349,1379,608,11.8176,32.65072,.3792245,2.077986,.1294995,.014007
357,-.08363783,.99750143,.05177322,.03728077,5771,568,419,9.17432,15.41392,.3837947,1.690675,.0469878,.1152313
358,-.05190224,.76834034,.06696776,.04176045,4178,396,242,10.13427,35.77409,.4847655,2.255652,.2482203,.0330302
359,-.19920952,.76637664,.08585909,.06921226,1116,154,118,7.058244,24.42729,.5621156,2.071043,.3104004,.5403226
360,-.03927891,.62726571,.05422375,.06291375,2486,258,225,9.291231,34.05061,.4970286,2.78038,.2835625,.033387
362,-.02642059,.6190749,.05347019,.0573674,1805,172,140,10.25042,28.41867,.3786008,2.335379,.1842629,.1357341
363,-.1354349,.97959819,.06432071,.06694314,2861,296,183,10.01223,22.83979,.7150596,2.535978,.3703761,.1321216
364,.03615365,.74795305,.0503353,.03556052,5052,525,297,10.03444,21.60967,.3508828,1.622191,.1145955,.0568092
365,-.07832365,.95732735,.09204692,.04251453,5927,505,362,9.791632,31.50068,.7323153,2.870152,.1037395,.1255272
366,-.0137124,.80657681,.06425631,.0373106,6161,430,286,11.14543,29.20321,.5735393,2.514701,.0864475,.2067846
367,-.06087745,.95235307,.11802937,.06349309,1461,159,133,7.743327,28.81612,.6325411,2.717631,.2452096,.2094456
368,-.0744545,.80144249,.05010808,.052006,6037,383,189,11.29385,31.56392,.4440513,2.103903,.3437949,.3579592
369,-.06769181,.49509329,.07017396,.04818749,1637,210,133,9.920587,15.59567,.3140655,1.624769,.154854,.1105681
370,.00194848,.32404252,.09077569,.07618901,1654,201,194,9.95647,22.49665,.7606085,3.24635,.4357952,.1529625
371,-.08579782,1.0476843,.05118784,.04687168,7057,598,432,10.85305,20.52981,.711667,3.245649,.1298681,.3124557
373,-.05405109,.78071514,.08685705,.05077436,4071,313,191,10.59912,39.58207,.371547,2.113996,.3879984,.0358634
374,.00439601,.99015694,.12071947,.0733218,1744,165,119,10.47821,21.13268,.6415563,2.931214,.182058,.065367
375,-.13876389,.43462926,.10625884,.09663085,1147,137,139,8.537053,17.16431,.3851262,1.794894,.217573,.0374891
376,-.01188996,.73366289,.11330154,.05187383,1546,162,135,8.689522,13.85808,.328373,1.506858,.190446,.1532988
377,-.01531355,.75257182,.04267266,.03161619,7603,563,307,11.6454,27.01742,.3667784,1.904003,.3352711,.0110483
379,-.06704545,.67086815,.04439437,.04127227,5404,413,284,12.19893,22.34239,.684961,2.952425,.1677677,.0181347
380,-.07034759,1.1337169,.04086059,.03023366,14492,923,480,12.86399,21.21016,.4087606,2.446461,.1060477,.076249
382,.00531817,.73220812,.0971933,.11145759,1550,146,149,11.24065,18.66407,.6427898,3.255527,.1564862,.0451613
383,.04232879,.54745476,.05758137,.08357493,2653,150,150,12.89031,32.20426,.7910959,5.33713,.1241998,.0060309
385,-.02148101,.92743116,.05094483,.04189485,5979,489,334,14.28634,21.82057,.4842367,2.701008,.0811599,.098177
386,-.01051279,.63493703,.07016615,.09583045,1788,144,126,11.43065,30.75788,.4821138,2.848706,.3189383,.0178971
388,-.16275851,.96271264,.19793462,.10645792,1003,99,83,8.922234,16.66533,.6030014,3.141566,.1596258,.3908275
390,.02237682,.72365533,.06146155,.05189826,1833,154,165,10.17458,20.87059,.4497682,2.562637,.2501973,.0060011
391,-.18471234,.93856394,.05484128,.03916462,17415,1182,629,14.01792,33.81442,1.317315,3.705699,.0425263,.0486362
393,-.0353814,.68934987,.10585609,.0771105,1930,132,158,10.2829,14.7286,1.055313,3.360083,.1031953,.1067358
394,-.06129562,1.0401753,.05297236,.0338803,7693,588,343,11.90823,26.21152,.5520567,2.668147,.1222781,.1006109
396,-.0479437,.41366244,.14163345,.08742696,982,152,135,5.649694,38.97741,.7709424,3.175205,.1140467,.0112016
397,-.10479759,.94354291,.05164134,.03062227,12374,1173,775,12.33086,23.64005,.5615146,2.626525,.0590025,.0408922
399,-.01498232,.71377902,.08125684,.07694069,1416,143,107,9.414548,27.00712,.6282173,3.710114,.2370866,.2492938
400,-.01112872,.84630348,.16874316,.03747063,2862,218,172,10.20056,30.34038,1.513401,4.011959,.2560834,.0873515
402,-.07193878,.71484283,.11463438,.05999683,1289,153,122,6.975174,33.44375,.556133,2.71875,.133843,.0093095
406,-.19373255,.76274928,.1489559,.13163241,985,87,118,11.28223,21.90134,1.585289,3.873211,.1670262,.1228426
411,-.20576439,.72132958,.14209382,.10531516,745,80,89,7.657718,13.14266,.4181185,2.183288,.1932075,.2912752
413,-.00006135,.80178698,.14540944,.0979577,1273,207,112,6.545954,23.27526,.4798658,2.18636,.4169064,.5388845
416,-.0584102,1.1019935,.08548589,.05729408,3738,362,230,11.55939,28.09238,.5667678,3.178456,.175441,.2295345
417,-.01963438,.50664637,.19771998,.12737349,953,83,112,9.912907,22.6709,.612447,2.543915,.411598,.0062959
418,-.07833888,.62214871,.13310407,.08283111,1208,151,126,9.406457,17.91167,.4527607,2.3,.2401087,.0769868
420,.06718944,.73972071,.10913195,.08497639,1327,119,127,10.79427,23.34089,.5181347,2.740545,.200229,.094951
421,-.04013701,.65610571,.07600522,.05798036,2312,164,97,10.73443,33.0348,.7193723,3.166015,.1851503,.3032007
422,-.07705614,.93296575,.08555529,.04215257,2067,167,113,12.43638,18.97313,.7136752,3.21453,.3067624,.3938074
423,-.09895837,.67148016,.06539095,.04496605,8502,620,384,11.71113,20.52704,.769607,3.272738,.0907843,.2045401
424,-.01807133,.69427261,.09798961,.05487409,2408,280,249,8.487957,12.46848,.4511825,1.597164,.0956036,.1644518
426,-.07502258,.97734382,.05194686,.0428192,8628,646,401,13.82313,24.41482,.4337302,2.379784,.1131251,.0295549
427,-.0663749,.7590888,.071674,.04688127,4613,347,210,9.769998,21.46345,.3833188,2.192803,.1485996,.1901149
428,.02419314,.4256498,.06790735,.07384573,2118,171,111,9.907932,23.95867,.3215569,1.993836,.3409893,.03305
429,-.16407258,1.0705525,.06113828,.0509979,5010,294,186,13.64331,34.31769,.4739229,2.993181,.2050462,.1357285
430,-.03338753,.80301064,.03675751,.03974971,8523,443,256,12.75537,40.21321,.4183254,2.651799,.2025751,.0508037
431,-.03208416,.93857797,.0452043,.03686255,10963,722,379,13.47314,28.34826,.5078541,2.588381,.2762841,.0332026
432,-.09422151,.70623893,.05863076,.0464719,4713,302,240,9.533206,34.36864,.4439822,2.22962,.2085226,.1198812
435,-.02869205,.7534994,.03112829,.04706524,2708,317,239,12.363,18.09155,.451538,2.546939,.1269053,.0487445
437,-.27113627,.98842085,.1057991,.06650227,1924,336,219,10.09252,12.30862,.3236332,1.81761,.2529046,.1767152
438,-.18713069,.72742314,.10289928,.05077938,1758,252,148,8.590444,18.58921,.4724473,2.197701,.5615324,.019909
439,-.1384361,1.1153133,.06688628,.03790505,10386,856,443,11.11438,15.49603,.3515648,1.775852,.2178254,.2157712
440,-.07597912,.87564817,.06159146,.04031829,7790,565,369,10.1552,14.32589,.5010388,2.25332,.0681801,.1804878
441,-.12929019,1.2019883,.08435459,.05653818,2979,335,192,9.562941,18.25051,.3903177,2.044392,.3023978,.278617
443,.01612592,.78369774,.05377948,.04013162,3572,311,263,9.794793,20.16887,.4654752,2.26464,.0752655,.0414334
444,-.12717865,.70810878,.12593838,.05164869,1525,127,105,8.111475,24.01455,.6199324,2.542216,.1809058,.1291803
445,-.08219194,.52211557,.08405669,.04811156,1684,141,120,9.739905,16.20921,.5331126,2.346659,.175071,.0587886
446,.13653391,1.043734,.13509973,.07414981,630,132,111,5.785714,11.31884,.8389423,1.866242,.1112774,.3047619
447,-.06711137,.93894229,.05383788,.05300023,1958,217,162,8.730337,14.6178,.5955777,1.957949,.1828521,.2574055
448,-.03362019,.79702104,.117751,.03573974,1381,138,111,7.350471,17.16484,.5815816,1.668845,.2299297,.6719768
449,-.11564393,.96191928,.06352024,.0312317,5754,517,303,9.083073,15.09953,.5399952,2.167771,.0992006,.5427529
450,-.10173343,1.0839082,.12542226,.06058285,1629,246,200,6.685697,12.14347,.4995871,1.813695,.1655789,.4511971
451,-.08281821,1.0971152,.04472524,.02562671,14620,1146,548,10.89439,23.0198,.557963,2.396649,.0842737,.3322161
452,.04422297,.66427702,.27030535,.03863566,834,119,115,7.010791,13.69952,1.494949,2.769231,.1450552,.4292566
456,.03217102,.55881381,.09599206,.08702066,1025,112,99,7.692683,14.34344,.5195823,2.230166,.2337057,.2829268
