hrr,coef_failures,coef_failures_se,coef_patients,coef_patients_se,coef_failures_patients,coef_failures_patients_se,coef_distance,coef_distance_se,coef_same_practice,coef_same_practice_se,patients,pcp_total,spec_total,mean_choice_size,mean_spec_failures,mean_pair_failures,mean_pcp_failures,spec_hhi,mean_vi
1,1.0862442,.27536953,4.9608791,.19815716,-4.825166,1.4247114,-.05551132,.00238563,.68785629,.40449319,1761,159,156,7.326519,14.43179,.5863141,1.981588,.1123984,.0034072
2,1.1424196,.28790674,7.4455428,.3896754,-7.5278586,2.2832692,-.00649999,.00125887,0,0,1326,96,77,9.914782,18.62548,.3635359,2.063927,.418767,.0007541
5,.1492355,.407449,5.5128242,.27245918,-2.6561846,2.5211189,-.04858768,.0054167,0,0,672,68,70,5.958333,18.453,.6008146,1.517665,.3969406,.0029762
6,1.2913142,.41175428,5.5076501,.36540161,-6.0940245,2.2104786,-.07891913,.00803088,0,0,443,51,74,7.659142,8.841981,.4148936,1.71028,.2487707,0
7,6.6347781,1.6984797,7.2469856,1.2795393,-29.708603,8.165003,-.01321038,.00473437,2.9486846,1.1325045,151,36,57,5.529801,12.20805,.4086021,1.72,.0935485,.0794702
10,-3.5816185,2.6128559,3.3254453,.76848703,10.163642,13.077063,-.04420729,.00230659,-1.2819837,.24339743,160,66,68,4.275,12.12579,.7043478,1.679245,.0601562,.09375
11,1.8434453,.15957901,9.2408347,.33181717,-10.14226,1.8493933,-.06977397,.00802597,1.938607,.42052064,2565,251,165,12.15283,18.47271,.5659882,3.107367,.1725648,.011306
12,2.383743,.18433539,8.5720699,.30750383,-12.278081,1.6690088,-.03952939,.00263245,1.5061329,.19180933,4739,491,312,9.309981,14.71939,.5723594,1.741314,.1658708,.0506436
14,1.5347458,.19010976,6.9491877,.28748091,-7.3601856,1.4919116,-.10530982,.00645819,3.3754038,.46631671,1635,185,116,9.043425,22.86757,.5343643,2.867116,.6104922,.0085627
15,1.6194635,.20213449,7.9359216,.2996877,-6.8920814,1.5560938,-.03146517,.00350682,-.10655101,.39506165,3857,217,135,9.239565,35.48761,.4678462,2.161458,.287214,.0350013
16,1.2282975,1.5337885,4.7165908,1.0071361,-6.5730344,7.6692119,-.01103156,.00497956,17.466493,.86830965,77,28,37,5.194805,18,.5116279,1.311688,.1118232,.0649351
18,1.1842629,.77917098,4.4980979,.3285783,-2.9876602,2.6952356,-.01334546,.00397844,.48792581,.27947854,345,33,42,5.907247,13.31871,.3855422,1.235465,.254812,.057971
19,1.5796953,.19007172,5.6824638,.27287749,-6.2311502,1.3101109,-.04417166,.00205242,.79775037,.28777027,4130,275,150,7.495884,18.98069,.8613307,2.406821,.0710775,.0661017
21,1.3705945,.7477833,4.7319683,.31227407,-3.2499912,3.0599325,-.02691678,.00416297,1.5380847,.51154083,522,67,58,4.749042,21.79572,.8512195,1.48538,.3827014,.0689655
22,-1.6308372,.99232146,2.4161307,.57361106,14.079233,6.3971672,.00003861,.00268294,1.2507184,.32389247,122,22,31,7.614754,11.92562,.2857143,1.091667,.3902177,.5491803
23,2.7938237,1.1537105,6.8403403,.9338688,-7.5419653,3.2765066,-.02582793,.01855811,3.2257351,1.0915282,216,45,71,4.666667,7.167442,.65625,1.613953,.1012517,.0277778
25,1.2230522,.27218157,6.3853829,.30567045,-5.9961691,1.4789531,-.02362045,.00209581,-.59586492,.33086032,1608,117,96,8.176617,23.63847,.4662218,1.718029,.1483774,.0080846
31,.7489308,.46306091,4.8070837,.2407267,-4.2792657,1.8527668,-.05043046,.00486291,.00343187,.19947621,1167,64,72,7.683805,12.981,.3702081,1.317829,.3608348,.0359897
33,1.2382091,.32158828,6.6959795,.25738729,-5.172021,2.3213563,-.11077502,.00909253,-.4368942,.264494,1781,131,81,7.71589,21.01638,.3938307,1.474958,.6948531,.0112296
43,1.2776748,.22240965,6.2931018,.19783436,-4.7149784,1.2468384,-.02621781,.00449262,1.1124216,.44808879,2106,124,67,8.632004,43.83842,.5673018,1.84981,.6329702,.0493827
56,2.2292464,.58500291,5.9069799,.32053987,-1.8875962,2.6619234,-.13493255,.00957136,1.6729867,.5825921,1264,117,145,5.0625,11.22843,1.249255,1.844444,.0671968,.0403481
58,1.4055924,.46946749,4.7663421,.35605698,-2.3929527,2.6570728,-.02397594,.00396966,.33078523,.30000452,624,78,94,6.503205,13.57699,.4220183,1.229904,.089045,.0817308
62,1.0078597,1.3243503,4.0361118,.27074468,-2.923401,4.0212856,-.03741564,.00540446,1.0198099,.74463727,533,46,45,3.834897,19.13878,1.455115,2.51711,.3370106,.0075047
65,2.1764961,.36912794,6.3574329,.42991295,-8.3470603,2.7016932,-.08143512,.01194769,-12.815412,.44494952,676,112,79,4.920118,11.95052,.3448276,1.043219,.118085,0
73,.87499174,.30587242,4.0243173,.36052222,-2.4540314,1.8904365,-.03172873,.0036475,.3757709,.25296702,780,49,66,8.066667,9.19201,.354452,1.460052,.1715582,.098718
77,2.1264378,.20079232,7.5581963,.26759394,-7.7964897,1.3766737,-.06092423,.00295458,.66452639,.1170783,4081,297,207,8.196766,15.63623,.4649638,1.60177,.0676041,.1443274
78,1.6778295,.62546747,3.6737035,.24822301,-4.2522736,2.7373925,-.02913445,.00480873,-11.200078,1.0379156,482,35,42,7.082988,8.139874,.2913165,.8547718,.2720511,.0020747
79,1.8742797,1.1009066,5.5075813,.69275996,-5.295701,4.5659673,-.0186913,.00427892,2.4947585,.72513239,270,45,66,4.488889,7.947566,.641791,1.294776,.1489438,.3111111
80,2.0680397,.38994543,5.5095352,.38184557,-3.0585522,2.1615067,-.05296643,.00900721,2.9711332,.52860388,617,95,120,4.998379,6.645695,.4369159,1.15082,.098587,.1329011
81,1.4384275,.40522329,5.5652762,.47326909,-7.488174,2.8957958,-.10782731,.00942672,-2.5392534,1.5408647,896,129,117,7.185268,10.26832,.3288591,1.206278,.1343645,.0189732
82,1.2932077,.69147995,6.1715476,.49610525,-6.4683441,3.0794916,-.02000955,.01115136,1.7534866,.96988522,361,54,61,5.792244,8.898876,.3775934,1.22905,.1154917,.0083102
83,.54305037,1.2965079,1.9844876,.48362562,9.055035,8.8532639,-.01190812,.0052526,-1.4126792,.5741882,150,27,32,5.226666,5.86,.2473118,.9066667,.1767111,.0133333
85,1.1079502,.79126958,5.6660922,.58927978,-4.6797811,4.4148624,-.04685321,.02770079,-8.6784132,1.0338806,212,38,41,5.542453,7.518868,.2941177,1.325472,.137104,.0141509
86,.08131678,.81339603,4.0957933,.33197574,-1.2537958,2.527815,-.03174973,.0069097,-.79804159,.57374411,504,34,36,5.720238,5.916,.2531646,.8207172,.2698098,.0099206
87,.87882037,.73138383,4.1229818,.52148516,-2.337917,3.4183829,-.02570046,.01065462,.99275425,.14858065,278,30,37,6.334532,8.586957,.315534,1.183453,.3327985,.028777
89,1.1356104,.7355898,6.2023002,.48607444,-6.9747736,4.8250994,-.02928695,.00599331,.95941826,.47158191,560,69,64,6.092857,10.18264,.4976076,1.533333,.102787,.0892857
91,1.2299563,.37484465,4.6018726,.48235437,-4.7315881,3.3614531,-.03748747,.00661289,2.2686818,.23260098,674,75,68,7.22997,9.029896,.2638298,1.422388,.1830121,.3916914
96,1.0151299,.46203697,5.2089454,.29474112,-3.4417488,2.9859977,-.05138099,.00761897,14.067768,1.047916,717,70,59,6.592748,10.67139,.3568628,1.127989,.2567201,.0027894
101,1.9435518,.98720834,5.1177976,.46007059,-16.787437,5.0759181,-.04304427,.01120209,2.8800452,.54030708,275,44,58,5.905455,8.759259,.2951807,1.536765,.1842909,.0836364
102,1.8946279,.26369985,6.6225822,.3610992,-11.601142,1.8834712,-.0343754,.00316893,1.4383373,.30041906,1386,187,140,9.103896,11.37034,.4336075,2.007289,.1599358,.0577201
103,1.8377761,.17351285,8.2273341,.27435213,-7.4955878,1.4978817,-.0675197,.00660899,2.8493075,.4565919,4386,356,268,10.61742,14.59945,.5117438,2.160641,.1211841,.0987232
104,.98205007,.96368724,2.4280083,.8781776,3.491219,4.0918797,-.02403251,.00554983,3.2741264,.65640056,224,46,58,5.629464,8.56422,.7727273,1.846154,.1862644,.3214286
105,1.3072474,.30347491,4.9936321,.30399907,-6.0988435,1.839043,-.03329931,.00327782,1.7084584,.92506195,1368,107,82,6.557748,10.64662,.3149905,1.212435,.2277004,.0416667
106,1.4027877,.95091715,5.5938112,.62495519,-6.3117509,3.9519292,-.02686075,.00507052,2.0663198,.46658811,264,56,64,6.147727,8.212356,.4347826,1.590038,.235652,.2424242
107,.43447862,.52755778,5.6886072,.52869623,-.54593041,3.5804674,-.01675975,.00246442,.64949606,.16472113,864,64,62,9.890046,11.07009,.3178037,1.927655,.1858925,.1180556
109,1.4222439,.56891481,5.0569788,.67288246,-4.6893356,3.4862441,-.0356543,.00759903,.37988051,1.001767,474,81,91,6.090717,13.8742,.4401295,1.525424,.1149121,.0042194
110,2.4146529,.2719352,6.6121854,.23982684,-7.4255844,1.573757,-.05788501,.00431503,-.11305608,.27145379,2308,279,184,6.389081,19.94592,.4372647,1.461036,.0627499,.0463605
111,1.7811927,.1957996,7.936244,.24568998,-5.9079834,1.155634,-.05846077,.00460935,.05615102,.22923837,2936,282,199,6.823569,20.30178,.4785247,1.684318,.1007244,.0088556
112,1.7468632,.2104985,8.6158773,.29860601,-6.8900775,1.4676681,-.06379185,.00237888,.87760719,.29275288,5586,323,159,9.548335,41.89699,.803952,3.055596,.3008478,.0136054
113,2.3653503,.15488885,6.4507591,.24670369,-8.8966251,1.4434493,-.07633195,.00285823,.76575052,.21350133,5779,542,353,8.110054,23.41239,.5570453,1.903983,.0728498,.0221492
115,11.154201,14.480302,3.5824828,2.5955275,-26.17465,50.48063,-.00452329,.00842433,15.698679,1.190328,73,61,58,1.136986,19.80282,.3454545,1.591549,.0272096,.1232877
116,1.6413716,.25580137,6.8983471,.29070435,-7.201051,2.05903,-.11368723,.00886285,.46643558,.19785909,1517,178,107,6.923533,33.12013,.6370107,2.001979,.3434427,.060646
118,1.6911193,.29160959,5.4375918,.23392955,-4.2790628,1.3302016,-.0816275,.00571675,1.1236372,.46161307,1921,387,348,6.358147,25.25513,.593973,1.663004,.0873187,.0208225
119,1.6694871,.24453161,6.0378358,.1802061,-4.6114404,1.0132849,-.09061035,.00652707,1.1709886,.25680829,2853,571,404,5.612689,62.65332,.9120722,2.175883,.1596653,.065545
120,1.457302,.23082219,6.1941589,.26496963,-5.0720292,1.6229646,-.05069374,.00255263,2.1199925,.60033321,1651,132,93,7.996972,26.4231,.7223127,2.503641,.4957211,.0963053
122,1.33124,.24224193,4.6914547,.38781892,-3.6451638,2.0466415,-.07708019,.00708469,1.5653416,.35036563,890,129,88,5.657303,17.66178,.5,1.685393,.1630829,.0696629
123,1.7204906,.15159228,7.4044716,.23581108,-5.4638585,1.0437785,-.08687599,.00768961,1.7020406,.21522371,3600,280,172,8.342778,68.00703,.9637037,3.462916,.2052167,.1033333
124,-.00888135,.56989596,3.7657015,.49165342,-2.0680098,3.0013697,-.03834394,.00935816,1.4973622,.21550374,658,91,62,5.522796,25.63511,.4351145,1.844512,.5911254,.6975684
127,1.7928487,1.3363999,3.8044905,.33347304,-6.6544421,4.4257246,-.0285313,.00534118,15.558338,.94304344,280,105,115,3.478571,21.69893,.6117021,1.630824,.1390561,.0464286
129,1.9013848,.3541436,6.7657231,.46051716,-8.2718013,2.0742176,-.03628507,.00516645,1.7968878,2.4175237,936,188,171,6.121795,17.81857,.3724832,1.427497,.0711634,.0224359
130,1.9263658,.20188371,5.804967,.17027553,-8.1738815,1.1259957,-.06315228,.00282221,.86353824,.1875284,3811,599,494,5.402781,26.08985,.6621149,1.842857,.0757651,.0488061
131,1.428201,.32309166,6.3593764,.39858332,-6.5066308,2.6593434,-.02345883,.00282422,1.8713846,.21016962,1126,139,121,8.886323,14.26816,.3257066,1.641831,.1643804,.1127886
133,1.0339884,.75628019,6.3276102,.98265882,-5.5898138,3.7448383,-.01363439,.00597541,0,0,115,42,47,3.695652,17.82456,1.30137,2.417391,.1538752,.0347826
134,.52820937,.32446444,5.040511,.28066992,-2.8065331,1.677855,-.06313674,.00550068,1.2356156,.14595539,1087,131,103,7.160074,10.56465,.388518,1.695088,.1147957,.1941122
137,1.400218,.44111972,5.5000397,.29544306,-6.400574,2.2755138,-.08462643,.01012897,1.2961098,.61750544,1285,231,200,5.340856,23.30401,.7066532,1.731612,.1639734,.0101167
139,.87740777,.37290597,5.6629216,.35414233,-5.3650235,2.847677,-.06027464,.01605987,1.293075,.30428646,619,118,89,5.799677,20.95617,.559194,1.82658,.383977,.0436187
140,1.4619458,.29677502,6.3056102,.38928946,-4.16271,1.6301277,-.02423668,.00356553,2.6049391,.82941768,1282,112,76,6.911077,15.89929,.5856728,2.289866,.2570306,.0054602
141,2.2306043,.63861663,6.6011257,1.1622945,-7.5932825,3.8578545,-.02643511,.01582198,1.8159126,.49236185,293,108,103,3.167236,18.64561,.8164251,2.058621,.1260935,.0853242
144,1.5090058,.26180029,6.0487104,.2182374,-5.4937522,1.4189148,-.07416468,.00257634,1.3980639,.29834254,3389,331,319,7.28681,13.87687,.3511579,1.281678,.093175,.0194748
145,2.2187123,1.0814567,4.4570026,.71812509,-8.3296123,4.9600273,-.02601461,.00737306,11.308729,1.027235,167,40,53,5.556886,11.31098,.5689655,1.644578,.1381548,.0299401
146,.93662635,.30718188,5.328624,.3733504,-5.4605513,2.3041421,-.09417698,.01255402,-.4375092,.04850865,1014,76,44,8.952662,23.502,.4060847,2.297915,.5378683,.0029586
147,.90397112,.41935419,5.2776897,.49421575,-2.3954449,1.8774664,-.02415819,.00252867,.45446461,.55765904,768,72,78,8.954427,15.21658,.4590818,1.798409,.2441949,.0039063
148,.54986423,.79316611,4.7219971,.60009804,-4.073151,5.2704531,-.04114623,.01034006,-.09451816,.17187486,321,44,40,6.912773,13.22327,.7974684,1.930818,.4291593,.1433022
149,1.687108,.32242423,5.5288825,.1882474,-5.5533077,1.9132002,-.03393931,.00411181,.7037884,.19660387,1602,127,115,7.750312,13.81404,.4687232,1.73535,.1607705,.1423221
150,2.2819092,.54775655,3.6102359,.33798838,-7.7576512,3.173678,-.02379114,.00290062,1.3065784,.28309604,607,69,70,5.327842,10.52805,.1640798,.5222405,.1573813,.1614498
151,-.31061025,.44216528,2.2511055,.45321422,.80486108,3.0158765,-.03771522,.00599773,.46616526,.23109753,389,38,52,5.884319,8.201571,.6825397,2.361257,.2406209,.4190231
155,2.1924498,.35998055,6.1921517,.34748456,-7.8036797,1.7074828,-.0707694,.00834856,1.7542276,.27598787,870,138,117,5.782759,12.91512,.5273722,1.558517,.0805338,.1
156,2.152986,.29892287,7.637362,.33088596,-6.5291434,2.1037444,-.16785002,.01920578,1.7324344,.21088533,1224,251,151,4.620915,15.87829,.7370838,1.980312,.1179394,.1813726
158,2.1112898,.3383879,6.7114056,.31564035,-6.7874107,2.6424014,-.09162792,.00762873,1.6819821,.52822033,1220,194,140,6.730328,15.33444,.4777778,1.558313,.1200497,.0344262
161,2.1497658,.20132172,8.3474034,.27596532,-9.097986,1.578856,-.11275841,.00804453,1.0285963,.08693091,2546,258,145,7.666536,20.19645,.377867,1.452147,.3343933,.1500393
163,.48000843,.88133315,5.0728114,.85851407,4.6738529,5.2649898,-.03258837,.01862058,1.3700688,.43948618,190,81,69,2.494737,17.83871,.5503876,1.973262,.101108,.2368421
164,1.3642227,.74395596,6.3635972,.52487063,-4.151784,5.2673994,-.03003501,.00608988,1.9813579,.52570952,311,113,101,3.263666,14.06579,.4530387,1.454545,.0676895,.1254019
166,2.2126372,.34252878,6.2189743,.28870764,-5.7062269,1.6877282,-.16492155,.01782643,1.538924,.26919765,1095,175,134,4.690411,15.3671,.6020025,1.757856,.1103038,.2054795
170,.51290725,.25490517,4.30205,.21120413,-1.565205,1.3672055,-.06070916,.00536492,-.98654122,.22327988,1732,143,86,6.696882,22.32559,.7070938,1.738979,.5241514,.1224018
171,.7206702,.22391623,5.5325722,.23076445,-1.3326532,1.3800302,-.05961542,.00432779,.52908728,.10433745,1555,156,123,7.496463,21.78196,.65,1.881477,.3844737,.1723473
172,.96638915,.31541189,4.4904695,.25004026,-2.698342,1.9601198,-.05911279,.0033845,.20021657,.27599112,3280,258,154,6.357317,27.12143,.7467937,2.446116,.236152,.0323171
173,.84226884,.55571242,3.9850584,.3472951,-2.0955181,2.701999,-.03605349,.00437823,1.5195332,.19785699,525,92,77,5.75619,12.92871,.6076923,1.739464,.2174005,.4304762
175,1.4155917,.70178553,5.7893977,.55447624,-12.193747,4.8306887,-.01613243,.00641236,.81615534,.1685327,297,40,35,6.484848,6.723906,.2331839,1.171717,.2513236,.0841751
179,1.0943571,.36250712,5.0648993,.36661305,-.88359317,2.7959147,-.01940524,.00247422,.9478475,.16809466,1390,151,123,6.943885,14.96859,.4339827,1.693149,.3151928,.0848921
180,1.4933134,.27881643,5.2701135,.20849565,-6.3646636,1.6439398,-.0577141,.00400763,-.50569352,.22248031,1578,149,106,6.291508,18.96745,.3103139,1.188931,.3608778,.0659062
181,1.0305658,.54291156,4.7173968,.60116917,-2.8092006,3.7639366,-.03484372,.00914519,1.0908399,.34819211,430,78,81,5.648837,9.632075,.5343512,1.712617,.1746241,.2651163
183,1.738506,.19111785,6.4279063,.30925161,-5.7544442,1.2735092,-.06779969,.00249949,1.4283645,.15650413,4590,411,275,7.44488,11.45051,.5422121,1.668053,.0637922,.2444444
185,4.0330594,.97536868,3.951896,.89235462,-6.6868454,5.5781437,-.02515559,.00571869,1.9666594,.34715,150,42,45,5.026667,10.23649,.5,1.391892,.3526222,.3866667
186,.93903251,.40366058,5.4278035,.40937648,-1.0477572,1.9512206,-.01389149,.00798615,.78805038,.23084641,365,74,59,5.764384,10.37741,.8046511,2.057851,.0871233,.2328767
187,2.0898498,.82627179,5.1609692,.37758314,-6.9237655,3.4950123,-.03184499,.00709649,1.0841607,.28352373,391,82,87,3.941176,13.69713,.3393502,1.05974,.0961728,.1841432
188,1.1300139,.40434232,5.0835884,.41538555,-5.2019983,1.9130642,-.02010239,.0020073,.58038209,.18815023,693,72,72,7.679654,13.03509,.8514056,2.104651,.348488,.1832612
190,1.7462482,.28999935,4.8850878,.30987713,-3.9344428,1.8561129,-.02210024,.00558232,13.914023,.56410593,742,84,55,6.049865,65.61351,1.284946,3.602703,.7422534,.0107817
191,1.1779408,.18860234,5.7640179,.19721228,-3.1050908,1.1674766,-.05198357,.00309781,.43333577,.2064482,2667,172,103,7.733408,28.98455,.9552376,2.80565,.5035676,.0577428
192,1.5771266,.21982012,6.1864912,.23502912,-6.83053,1.3256625,-.03697774,.00205405,.708396,.36146555,3232,237,164,8.839418,18.01717,.4470309,1.611439,.2697202,.0232054
193,3.2717282,.51423701,4.3038861,.5307032,-12.363905,3.0932029,-.01660869,.00383794,15.083184,.68930713,244,36,43,5.315574,15.47917,.6752577,2.025,.5162591,.0327869
194,1.3398637,.31258734,4.3289814,.55206714,-3.1704825,1.692526,-.034132,.00346827,.74488941,.21362594,540,84,77,6.587037,17.0987,.8670213,1.888476,.1699588,.4555556
195,.24395875,.40417217,4.1443515,.39292361,-1.252003,2.0971358,-.03033121,.00226707,16.169452,.50202303,770,70,67,7.809091,17.70719,.6412337,2.663613,.6204216,.0142857
196,1.8105643,.42173564,5.3145026,.32871607,-10.523668,2.622201,-.03374615,.00369228,2.2869002,.36134126,843,79,68,6.711744,9.77354,.5,2.117857,.2966289,.0652432
197,1.2854957,.57508528,5.1744037,.72995731,-6.3150456,4.0888341,-.01453368,.00233074,.72639663,.33419587,485,59,62,9.136083,18.3354,.6134185,2.080579,.2863939,.0762887
200,.98714504,.37741469,5.1302362,.29831887,-5.8952111,2.1176367,-.0439041,.00298737,.27589397,.11015366,1482,133,98,7.155196,14.65825,.4273743,1.527607,.2233541,.1207827
201,1.5480273,.15896137,6.5087987,.17243568,-6.0544423,1.0187376,-.03570123,.00200236,.3143062,.10236396,5375,315,147,7.45786,38.17726,.6561686,2.064811,.1712789,.0623256
203,.7034779,.69022073,4.6993582,.45075103,-2.2967036,5.2981421,-.01839247,.01096353,2.9176347,.99200542,212,45,26,4.099057,33.83253,.3910256,2.047619,.2152456,.0283019
204,2.5372787,.52710967,5.0469755,.54237191,-10.549913,3.4682498,-.0434545,.00536186,.73788156,.71520108,389,59,85,6.347044,8.806283,.5220883,1.712435,.1587949,.0411311
205,1.9301849,.20781821,5.1385817,.21774895,-8.0793372,1.3789782,-.07412235,.00443775,1.1873605,.11537311,2109,194,133,5.980559,17.72449,.611186,1.8358,.1404491,.3110479
208,1.4818052,.42612071,4.6648322,.47587727,-6.21137,1.5534982,-.03526822,.00831552,3.0312662,.6685217,415,58,57,5.091566,14.14179,.7820513,2.14321,.2989287,.1590361
209,.90636365,.60762728,5.0351689,.43230723,-8.9714966,2.5950887,-.02862977,.00403864,11.855904,1.042008,391,30,35,7.470588,9.861182,.349835,1.930769,.6343561,.0025575
210,.80166468,.32298765,4.944322,.28867726,-6.2439623,1.8711007,-.06312336,.00802805,.7589925,.13290642,479,42,44,7.194154,13.68657,.3969697,1.440678,.7078726,.0271399
212,1.4337915,.6052863,3.5181635,.62683008,-4.89346,4.3912643,-.03599205,.00520263,2.4144436,.78295219,274,20,42,7.927007,4.716912,.3386243,1.257353,.2740157,.0072993
213,1.1545684,.70792781,4.7540319,.49942909,-2.9868001,2.1872184,-.05283264,.00777995,.80059338,.36176491,418,33,53,7.31579,7.806763,.4158076,1.157005,.1333532,.0502392
214,1.5418345,.97498767,3.65747,.60666782,-.75184571,4.6101662,-.0094776,.00646204,1.0647016,.11598656,109,14,15,4.155963,11.14019,.3258427,.9906542,.6326908,.1009174
216,-.09954926,.96600014,3.567379,.91849057,1.3510639,3.8475213,-.03525718,.01341585,-.12019256,.32552861,138,20,32,5.985507,5.414815,.6161616,2.20438,.2943709,.1594203
219,.41861803,.67017398,3.6931433,.47661747,-2.4024315,3.1468573,-.04881165,.00816434,1.2052166,.25063349,313,44,54,5.795527,11.78758,.7743363,2.064309,.2743011,.172524
221,1.9788484,.45036229,5.3456087,.31172698,-6.7531968,2.2506534,-.01958423,.00233129,.68843388,.17781591,810,99,73,5.539506,19.39206,.4868852,1.464684,.3336382,.1382716
222,2.0753817,.14822039,6.5898769,.22327561,-6.1501841,1.0855746,-.04367437,.00256867,.4614965,.09142652,5154,380,202,8.341289,25.34446,.4491964,1.786326,.1075926,.1975165
223,1.8114912,.14710811,7.9044873,.37375668,-5.5830501,1.3810337,-.11381422,.00376459,.94195809,.28243249,9368,605,279,11.02711,35.1995,.520013,2.139921,.1168028,.0163322
225,1.5668708,.17484614,6.5187811,.19948362,-4.4546647,1.1400396,-.03774027,.00168376,1.2964288,.13627757,4508,323,179,10.18878,34.34246,.724763,2.8,.1640414,.0070985
226,2.0014933,.23399802,8.7629954,.33185615,-9.7598496,1.9488016,-.09046997,.00856892,-.77246185,1.0550249,1551,246,172,7.364281,22.12484,.3786408,1.883871,.2032544,.0012895
227,1.9441276,.14317729,7.368523,.19595122,-6.6403767,1.2521877,-.09913026,.00429261,.86880431,.1457918,14289,907,414,9.931625,22.68029,.4933812,1.762075,.0385386,.0773322
230,2.5499404,.41200515,7.9072939,.51829089,-9.1586963,2.6669928,-.02808682,.00280713,1.4434389,.27788828,3115,204,181,9.164366,35.88828,.441124,1.825387,.2697265,.0436597
231,2.1069415,.39688995,7.3919096,.41180053,-7.4757436,2.2975757,-.04695876,.00601104,.6371262,.18477027,1140,168,118,6.578948,13.35398,.3854305,1.238305,.1393552,.2096491
232,1.8752861,.25238716,6.6061202,.24759407,-6.6029911,1.3800502,-.07479372,.0033974,.94656153,.17462442,2131,256,167,5.453308,24.92827,.5622618,1.528471,.1495474,.1379634
233,1.4377232,.27401283,5.3438734,.33489489,-3.3550376,1.7689925,-.0987984,.01051893,1.779977,.27689245,907,101,74,6.767365,19.505,.7741456,2.310421,.2031693,.0738699
234,1.5289373,.37770218,5.707586,.30490358,-4.2716962,2.2185114,-.09802931,.01283319,1.0712625,.3410372,785,137,102,4.726115,15.94832,.4435946,1.544987,.093435,.0955414
235,1.3644922,.22446898,5.9099314,.24411367,-4.2845415,1.375328,-.07155248,.00412699,.5949719,.14857244,2061,165,116,8.084425,20.28181,.5728477,2.057936,.3608267,.0276565
236,1.9291953,.32623291,5.8759158,.33558044,-8.9688083,1.9834169,-.0695486,.00632301,.33023633,.16151638,1456,194,125,5.266483,14.92041,.4214351,1.356798,.1631285,.0762363
238,1.9194541,.310945,5.4483,.30860828,-9.2994771,1.9484093,-.05766302,.005387,1.1998109,.27638122,908,148,114,5.676211,15.79712,.5096582,2.013274,.1152337,.2522026
239,1.3962145,.28385438,5.0281056,.2756972,-3.5067865,1.8246755,-.05856335,.00406782,.75568674,.39679478,809,138,116,5.233622,13.37892,.5152543,1.6325,.1260709,.1063041
240,.92312516,.84149236,4.5514314,.45811403,-1.5726533,3.1684643,-.00900809,.00275139,15.634855,.77723335,383,39,47,6.240209,11.59424,.5728477,1.772251,.4563328,.0234987
242,1.8387084,.41439358,5.8912754,.3504724,-11.840517,2.8762442,-.04052236,.00410281,-1.1525077,.57379016,1085,92,59,8.341935,15.71588,.3275218,1.745606,.6124411,.0110599
243,-318.28435,2.1924823,1.6711614,4.6200046,1157.5498,0,-.02836031,.02000269,8.0386256,0,54,29,35,2.833333,15.07407,.3414634,1.148148,.0740741,.0555556
244,1.2042374,.55056038,6.7934333,.74714427,-1.7850777,3.9724765,-.04403033,.01902173,.92323312,.3982653,352,114,86,4.303977,15.04286,.4562212,1.706553,.0778022,.0880682
245,1.8509783,.55028376,6.935895,.64114049,-8.7580075,3.4542683,-.05502436,.02158334,.93678481,.26907399,431,105,77,4.190255,20.74413,.4014085,1.470726,.1301403,.1044084
246,.98969252,.2921651,5.5603534,.24093994,-1.2152717,1.8702886,-.04835002,.00342811,.70832426,.16082339,1720,191,131,7.010465,16.77556,.4740109,1.794135,.0970139,.1034884
248,3.6151619,.62706646,4.5593256,.47889297,-16.905628,4.2000253,-.03482506,.00780826,.3929352,.26694118,247,41,47,5.291498,8.584362,.3333333,1.390244,.3453753,.2672065
249,4.5352895,1.3648341,6.0361743,.95757474,-8.4626631,6.8742801,-.00798567,.00647815,.91372134,.60154736,162,66,65,3.277778,17.93168,.584,1.549383,.0669105,.1234568
250,1.1460195,1.0916847,4.5707536,.62084689,-7.4925371,5.2182548,-.027213,.00740323,.5262991,.31186001,196,58,53,5.112245,9.93299,.3023256,1.615385,.3778113,.1326531
251,2.0830436,.2188533,7.0875044,.33553724,-8.3374286,1.8778868,-.06218879,.00390899,.75286131,.12601031,2855,432,303,7.512784,10.36428,.3726783,1.451624,.3279871,.1478109
253,.32868802,.3587632,3.9603733,.51542384,.17744464,2.7802592,-.04960795,.00524122,2.3172688,.265711,660,102,78,7.656061,14.64472,.3832487,1.663093,.4372635,.6590909
254,.92413634,.78823391,3.5229464,1.0451712,-8.0386281,4.3273585,-.00795784,.00859759,1.833061,.55801692,49,24,24,3,9.375,.4137931,1.918367,.3002916,.1428571
256,1.6463242,.36413742,6.9258599,.51399742,-6.3532109,2.2220253,-.0354981,.01060989,1.5360531,.23843688,535,143,115,5.028038,11.26515,.4788733,1.539623,.3720045,.0411215
258,-1.1257847,.38703289,2.2571061,1.0003172,24.152331,4.2240865,-.02363001,.01278283,14.205184,1.3821806,160,19,28,7.2625,4.778481,.5092593,1.493671,.3680469,.13125
259,.76014077,.51299288,4.0974123,.38885774,-4.1275101,2.4174432,-.03586964,.0055465,.85093819,.70499721,368,46,64,6.923913,9.310925,.3185841,1.459834,.1840146,.0217391
260,1.5374258,.42888077,2.2203625,.55011216,-5.8564931,3.3173819,-.01737565,.00536429,0,0,109,19,24,4,6.102804,.5348837,1.579439,.5653564,.0091743
262,.58832702,.62172871,3.611419,.28813315,-2.3278781,3.3003969,-.03028713,.00533577,0,0,357,33,41,6.422969,7.666667,.3643123,1.201681,.248264,0
263,.01822219,1.8492406,5.4198489,1.3298061,2.2235543,17.491799,-.00685644,.00435558,-19.874605,.73919985,133,39,47,6.947369,11.96154,.4,1.962121,.2848663,.0150376
264,2.0521334,.61418175,5.8187453,.67478254,-7.933518,2.4530978,-.02434013,.00410669,1.7242269,.3802771,642,100,86,5.433022,12.01735,.9880478,2.628752,.1979018,.3115265
267,.87697953,.78935052,3.5317701,.95626563,-.74481833,4.4543653,-.0170041,.00457924,1.3398012,.70469066,133,38,41,3.774436,10.37984,.6907216,1.621212,.0871163,.3533835
268,1.8574351,.13974715,6.4818777,.25445319,-4.6919621,1.2706423,-.09941533,.00421091,.99307787,.21459637,6052,380,206,8.598975,20.88336,.5666743,2.129285,.0789449,.0322208
270,.69822064,.27801226,4.295944,.25247646,-3.8036104,1.8054525,-.04719783,.00252688,1.6807576,.19263684,2162,134,108,7.243756,18.8458,.6844769,2.642691,.2708121,.4338575
273,1.9109007,.14189072,8.5050603,.21480882,-9.5429262,1.2168726,-.06736767,.00366665,1.1267006,.14744284,6207,436,255,9.684228,13.21962,.5250309,1.912036,.0533044,.044627
274,1.0517507,.64910108,2.578012,.33059392,-5.778702,3.8473676,-.0312216,.00202492,1.4102163,.25946545,334,59,78,5.404191,6.89426,.3831418,1.472892,.1919574,.3802395
275,.03476803,.66225806,2.6379268,.51633835,1.7475115,2.9966506,-.02208804,.00606101,.16113836,.30453539,228,18,24,6.93421,4.337778,.4038461,1.435556,.4065097,.5745614
276,.5072296,1.6664679,2.9316676,.71189507,-8.3804231,6.6433539,-.03026713,.00702025,.91670545,.130676,208,42,50,4.961538,6.339901,1.039474,1.625616,.1468658,.1105769
277,.57491661,.16717167,4.9271024,.25940879,-3.1554483,1.0624234,-.05068395,.00191614,2.3856445,.54060927,3490,212,113,10.51375,19.37301,.4960571,2.541282,.2838202,.0048711
278,1.5572478,.17230659,6.9173011,.2015945,-6.6273852,1.4615131,-.04648344,.00252775,.7321284,.13894997,3681,265,173,8.830481,11.65864,.651719,2.119836,.0755356,.0931812
279,1.2253415,.93118178,2.5993942,.36283591,-3.3340444,3.7940284,-.07353632,.0101678,0,0,355,75,88,3.738028,11.03683,.6167883,1.675141,.2611942,.0197183
280,1.4195988,1.027689,3.5372206,.63169182,-3.7367824,3.6825283,-.02921778,.00928031,3.6996811,1.1932914,195,58,68,4.430769,7.740932,.4453782,1.098958,.3070349,.025641
281,2.2840793,.91738059,5.24037,.41035722,-7.2968289,3.2511106,-.02287471,.00291897,1.7831942,.24181922,957,136,112,6.746081,11.59345,.3619211,1.063158,.1494384,.3719958
282,1.5275861,.16289633,5.9526154,.14048807,-2.8405939,.89116503,-.07855214,.00308939,.37521042,.09313707,4877,441,229,8.126307,26.68838,.6670413,1.960453,.1297253,.2058643
283,1.9892329,.16394004,7.8061204,.22842248,-8.2210997,1.152083,-.07508659,.00383023,.29689083,.20551904,3708,403,281,7.768609,34.00272,.4525734,1.724409,.1759979,.0097087
284,1.5037201,.42867671,7.7354166,.43797603,-4.6406872,2.8030916,-.04052777,.01569118,1.3099459,.56024914,656,97,120,5.58689,13.46605,.8120482,1.769939,.055789,.0182927
285,1.5775067,.35884275,7.7136842,.46566765,-5.6942553,2.4184373,-.05565356,.00731203,.39000815,.31924305,802,124,152,6.546134,9.83522,.3824092,1.583438,.0898657,.0236908
288,1.3958203,.28855857,6.389527,.31340425,-4.7880911,2.0213348,-.06614001,.00859771,1.1037442,.31886258,1173,139,134,7.165388,13.58419,.4044017,1.351282,.1296484,.0119352
289,2.9461887,.98682205,7.5068011,.89821821,-9.5662744,5.5831748,-.01805095,.0196785,2.0431515,2.7376755,190,64,93,3.557895,8.673797,.7047619,1.702128,.0242105,.0210526
291,.94477337,.68909648,5.0305473,1.0314803,-1.9796431,3.5930907,-.01811376,.01691581,2.9877227,1.1806163,220,52,65,4.127273,12.68664,.7013889,1.799087,.072314,.1227273
292,1.6492008,1.1177167,7.2676005,.86815647,-6.4729219,5.5159733,-.02782076,.02074737,1.9883615,.46586391,249,72,78,4.080321,13.88618,.6375,1.995935,.1142078,.0200803
293,.85688631,.35679331,5.0130743,.31862314,-4.0352138,2.213277,-.02355924,.00270126,.93884029,.19512185,1313,148,141,6.34882,13.03944,.4209446,1.496148,.2302472,.0974867
295,1.5546275,.163747,6.3691471,.16440009,-6.6084237,1.06139,-.0666321,.00241312,.51819847,.13176069,6938,480,298,8.542808,24.25242,.4412762,1.743645,.1918513,.0413664
296,.57657374,.31931821,4.2342806,.28332946,-.42488344,2.7499366,-.0407164,.00393271,.22733473,.18680435,844,100,92,6.93128,10.72792,.2882736,1.196429,.167553,.2582938
297,2.048218,1.1263607,6.6725986,.69530093,-5.5548032,5.6826464,.00121382,.01110032,2.8782421,.5276985,128,43,58,4.367188,12.2381,.6375,1.889764,.0761719,.03125
299,1.1054069,.22200231,6.3690914,.25330904,-5.0865699,1.7682381,-.06623268,.00618,.70486364,.27582395,2277,183,129,9.344313,9.440917,.2783505,1.181338,.1048427,.0241546
300,.97199481,.46659661,4.6560836,.248828,-3.2194983,1.9072488,-.04128408,.00397439,.26299436,.17693001,620,83,54,4.719355,27.38026,.5507813,1.559871,.2959938,.1693548
301,2.4784658,.21810637,8.08136,.37377801,-9.1396534,1.5018915,-.04664643,.00424053,.3909901,.18594062,3429,285,234,8.388743,23.17077,.6910533,1.904971,.0519613,.0329542
303,2.2162779,.33501881,8.9255372,.84353513,-7.3856933,2.3381093,-.04615786,.02120939,1.1203682,.41433822,1018,146,185,11.5609,12.97036,1.161435,3.192308,.037357,.0383104
304,1.5283267,.72941006,5.5538838,.57047324,-5.9389621,3.7938958,-.0585165,.00480573,1.00648,.32383033,681,98,125,6.66373,7.419259,.3161592,1.198822,.0836875,.1116006
307,1.4397646,.27095435,6.5060327,.2530168,-5.3527337,2.0460804,-.05038492,.0037852,-.18211747,.31882244,1625,186,123,6.674461,20.40224,.3775168,1.498454,.2835181,.0135385
308,1.5040009,.43391924,7.0460861,.7684608,-7.3937068,3.4247591,-.02959219,.00691453,1.2927653,.45653566,482,104,118,5.838174,16.90295,.7264151,2.375262,.0620168,.0124481
309,1.4421029,.22489526,6.1862642,.1983479,-7.1623285,1.4523088,-.06022266,.00336004,.27670373,.18911332,2512,189,129,9.060907,15.07184,.3031212,1.242424,.1712265,.133758
311,1.4553606,.17455288,6.2302294,.17474575,-5.7347346,1.0395003,-.10374715,.00411967,.48518761,.10308724,4477,305,234,10.17333,13.79487,.4422396,1.446453,.4413362,.0737101
312,.85663515,.21956966,5.8419419,.22350174,-2.8063463,1.8515824,-.05812209,.00311611,.2390964,.38022727,2168,146,138,8.190959,23.48904,.7202216,2.965149,.3790857,.0161439
313,.55524456,.43005937,6.4216086,.42481268,-2.0847902,2.6011109,-.07007933,.01048196,1.2579787,.42176653,730,90,79,8.754794,9.594482,.2821101,1.364512,.2628861,.0328767
314,1.3102221,.30282182,5.9440129,.31026137,-6.8546294,1.9368709,-.04392575,.00297586,.85364613,.24533408,1885,151,103,7.071618,16.00268,.5480969,1.80759,.1828038,.0318302
315,.47193815,1.3721089,4.1049956,.62303887,-2.8521669,5.0107636,-.01707931,.00626727,1.3070887,.38674491,165,32,49,5.436364,7.950311,.1836735,.7484663,.415023,.0666667
318,2.5260126,.27637851,6.7863828,.32806002,-12.904081,2.0653485,-.03828723,.00265947,1.2213184,.32321019,1252,177,137,6.231629,14.78964,.5011468,1.707494,.0748885,.0311502
319,.98059347,.43884083,5.4277482,.30727587,-3.5341141,2.1305956,-.02594526,.00479221,.13120121,.38325477,915,89,66,6.619672,21.39886,.3723724,1.45403,.3749494,.0087432
320,1.6257343,.34166516,5.4356794,.27326015,-7.1107837,1.673159,-.06344057,.00517141,.95646599,.21462677,1102,143,125,7.037205,8.999073,.337386,1.099539,.1847902,.1651543
322,3.2163985,.72962673,2.4573446,.60035903,-13.691343,3.8433151,-.06194066,.00886187,.20928074,.43356088,181,76,67,3.464088,7.581921,.5050505,1.638418,.0752419,.2209945
323,5.163332,3.3606882,5.3524861,2.7496488,-8.6561261,10.189208,.00778067,.01123201,1.4187372,1.5845745,58,24,26,3.103448,15,.6666667,2.224138,.2883472,.0517241
324,-9.7140173,7.2860991,3.1120109,.53900679,2.2984191,11.868013,-.17248131,.00853807,2.7705331,.85261972,51,21,22,2.333333,12.72917,1.023256,2.45098,.348712,.627451
325,2.4502495,1.2207783,9.47501,1.8158253,-11.18728,11.488796,-.01088049,.01937501,1.5514488,.59325595,112,67,55,1.910714,15.02778,.4545455,1.435185,.0680804,.25
326,1.486701,.55316509,4.4345594,.34905966,-2.7446085,2.9755588,-.07339468,.01390503,.26244933,.40173682,369,52,49,4.815718,11.76022,.4163823,1.133152,.3913969,.0704607
327,1.0586302,.30388667,6.55927,.32010097,-3.3123246,1.7771376,-.07755716,.00571518,.76690164,.14087992,1643,184,129,6.50213,23.66462,.532972,1.640367,.1120751,.1247718
328,1.4218447,.23531298,7.0945967,.2333961,-5.3083688,1.5390949,-.10662697,.00752183,.2346237,.11554548,3052,284,163,7.112385,15.73737,.4069656,1.494032,.0962727,.1215596
329,2.2795188,.1538641,6.777696,.23458361,-7.0276015,1.1460797,-.05352387,.00219992,.25031501,.14883737,4101,391,236,7.169959,38.80394,.6799415,2.057325,.0898549,.0651061
330,1.3530226,.22168952,6.0569695,.25757513,-5.1123127,1.5968828,-.04207152,.00261789,.54316039,.35952788,2145,178,132,8.244755,15.71071,.3286573,1.257746,.1801023,.0270396
331,1.0901162,.41450377,5.5205182,.35790718,-2.9291059,1.8818692,-.0983676,.00996168,.92125468,.18024795,694,99,49,5.831412,22.42504,.4921569,1.889695,.2764245,.1095101
332,1.5659224,.37028089,5.9490595,.40291201,-4.3305733,2.3165379,-.05663658,.01554906,-.06222999,.60239626,442,87,73,5.764706,14.32346,.4863014,1.781818,.1535083,.0180995
334,1.6478096,.1721166,6.0230105,.24910135,-7.721636,1.3991351,-.07216362,.00375856,.4945817,.10067073,3396,264,166,8.102179,19.93511,.6375,2.180609,.1255303,.1272085
335,1.8496419,.27855189,6.7871263,.31391226,-8.5884988,1.8503668,-.0652907,.00514309,.59981612,.17162745,2225,154,139,9.555955,13.94246,.3181527,1.776625,.1956434,.0669663
336,1.8498921,.71263947,3.2449963,.27982185,-3.7533659,1.2081655,-.00899629,.00452658,.40151818,.39711185,161,16,31,6.279503,17.12658,1.561983,2.2375,.5985494,.3975155
339,2.0870851,.76171346,5.3271361,.2837262,-7.4384231,2.9783306,-.04461389,.00520006,1.2101888,.27241993,611,95,115,6.111293,9.328382,.4741784,1.371711,.1653617,.1080196
340,1.4586931,.16349757,5.9296834,.16632744,-4.8046485,1.0598972,-.04734637,.00260676,.37623134,.18304406,2571,157,111,8.679891,25.51316,.4965278,1.401961,.2313781,.0723454
342,1.4176907,.43241116,3.9441045,.35262064,-2.8515984,3.3666675,-.03811897,.00282296,.06212411,.12826946,1157,95,81,6.444252,7.950131,.3518313,1.483843,.2077296,.3085566
343,1.2088923,.4255012,3.9342934,.28869461,-2.3327981,2.1384291,-.02689341,.00784519,.35299082,.19366626,319,50,49,4.62069,10.54088,.7204301,2.129338,.1804916,.1034483
344,2.1834237,.3497171,7.2943447,.34933896,-10.130545,2.5408501,-.04902654,.00402466,.46156234,.32372257,1332,187,183,7.141892,8.529366,.2546948,1.133787,.0696462,.0660661
345,2.0725031,.57998831,3.9835085,.461102,-6.428802,3.6542712,-.04777742,.01002723,1.7254269,.5301027,304,41,36,5.37171,10.37954,.2293578,.8382838,.5048693,.0493421
346,1.9361906,.2513664,7.0100801,.30915018,-8.4468524,1.8318091,-.07759901,.00598864,.6314237,.11376717,1583,247,159,4.999368,27.40434,.3416739,1.392357,.0957006,.1800379
347,1.3347006,.40135879,5.4080344,.36752392,-5.5914309,2.4852661,-.0363188,.00404274,.25220333,.13516043,777,77,73,8.534105,13.66969,.3085502,1.690722,.3166802,.0952381
350,1.3113697,.38411519,4.4066208,.23877646,-5.0389659,1.8636845,-.07518897,.00435827,.33240205,.21032552,1629,114,78,6.195826,15.65885,.3901141,1.454377,.2208999,.2584408
351,2.3389925,.37316557,5.3849763,.33311893,-8.4912976,2.2719239,-.03247977,.00245923,.48446373,.1334024,1696,172,173,7.667453,9.256104,.3066116,1.412915,.1198943,.2216981
352,1.3634874,.19884278,6.4002828,.23888187,-5.8550077,1.2663856,-.07220643,.0035242,.40425849,.17682958,2571,237,163,8.711007,13.00196,.3341149,1.511947,.3340292,.0346169
354,.95680033,.53561556,3.2237575,.24526103,-3.4849177,2.4840316,-.02614081,.00611437,.55818384,.30532229,264,29,43,7.712121,12.73004,.3333333,1.083333,.19014,.0416667
355,1.4700259,.23035338,6.8817287,.24785581,-5.1789625,1.5947868,-.10795483,.00494164,.44755847,.28360455,2243,297,132,6.14222,25.45569,.4422843,1.630445,.3676289,.0142666
356,1.694811,.16425389,7.2487836,.16872973,-6.8156286,1.1011821,-.16244841,.00552931,.89569458,.24564709,5086,539,288,6.912112,19.4012,.4266934,1.580459,.1018641,.0153362
357,1.9488208,.19272627,6.891364,.24037194,-7.1911555,1.2354691,-.06818321,.00507286,.38224705,.12665461,3298,284,239,8.741662,10.62282,.3250902,1.324012,.0759409,.111886
358,1.1107511,.23308423,6.3251036,.20492397,-3.7954871,1.3343027,-.08230812,.00555552,-.052805,.23883267,2202,200,124,7.347412,28.16796,.4400241,1.631555,.4525772,.0245232
359,1.6606131,.64199173,2.1494303,.36030469,-6.2935686,3.6172881,-.04547869,.00554828,.68109008,.39209107,310,52,50,4.319355,11.20388,.40625,1.116505,.2477419,.4354839
360,.83958414,.21053005,6.0405503,.24544618,-4.3541447,1.5268869,-.04090057,.00329341,-.65450577,.52133523,1984,138,82,7.629536,28.50786,.4902558,2.212336,.4075126,.0025202
362,-.55700398,.60596926,5.5815044,.48603958,-5.5387787,3.445045,-.01974277,.0038221,0,0,697,85,55,6.710186,16.04913,.3690476,1.597983,.3305929,0
363,1.2037929,.36563013,6.397668,.33635944,-4.1255794,2.941778,-.08154802,.00604598,.2055944,.28695211,1307,154,108,7.949502,22.90031,.3920188,1.574942,.6548278,.0436113
364,2.1920776,.20510976,7.4472739,.2273341,-9.5766964,1.3305758,-.05398711,.00263465,.99425941,.16460072,3224,284,176,8.635856,23.61059,.3851818,1.368781,.1807224,.0462159
365,.63269312,.48367451,4.9554127,.28251067,-2.4008192,2.2885501,-.04190787,.00419261,.55692921,.65323848,769,120,132,6.726918,10.40369,.4800759,1.369594,.1228099,.0221066
366,1.0261791,.22967755,5.0923984,.24327331,-3.2256619,1.4344631,-.05378117,.00249096,.25432245,.10855423,2131,155,129,7.539184,23.8721,.6,1.966446,.1272144,.1572032
367,.68753246,.41270253,3.9645351,.42007289,-.3545501,2.5520819,-.03935072,.00578962,1.0378657,.34077051,313,58,60,5.348243,18.22006,.4935065,2.003236,.3278078,.1405751
368,1.7362838,.28134611,4.9969563,.37697305,-3.8610011,1.3678104,-.05085041,.00916218,.14671237,.24466234,768,74,65,8.209636,6.677207,.3409894,1.21025,.4879998,.1575521
369,-2.0940379,2.7481776,2.8490566,.44455045,9.7600832,9.9085247,-.03974094,.01103456,-.18776548,.87552414,142,35,45,5.408451,9.721429,.244186,.6453901,.1917278,.0140845
370,1.9335111,1.5904866,1.4657519,.66595008,-.23894339,5.1404776,-.01140152,.02449952,1.4308909,.6651998,182,52,57,3.60989,12.60112,.7793103,2.407821,.2167009,.6538461
371,.97189376,.17789737,5.1576201,.32065467,-3.2376724,1.6203052,-.02904251,.0013727,.35893101,.08503226,3157,268,177,8.22648,14.18461,.5973917,2.371328,.2244134,.1960722
373,.98080175,.27823349,5.7165861,.21266953,-2.5746412,2.4851515,-.04069076,.00495486,.70574173,.37093942,1097,104,74,6.929809,23.78493,.3041776,1.17033,.4372254,.0656335
374,1.4165388,.43130893,3.664021,.49516954,-5.599416,2.2783829,-.04161983,.0057049,-.09160041,.54685652,439,40,52,7.505695,12.17865,.9210526,2.362586,.2911411,.0091116
375,.50969385,.5174026,4.7928873,.44003282,-4.361073,2.8067859,-.03004765,.00367337,1.1048529,.22933968,542,59,78,7.798893,10.3891,.363388,1.51306,.233868,.0369004
376,.54234192,.51550303,4.5959531,.44328178,-.41483793,2.8158564,-.03587933,.00818316,.83649996,.20378909,333,38,47,6.726727,7.366972,.3222749,1.009119,.3678002,.1171171
377,1.78933,.19009496,7.3700122,.19692832,-8.3139627,1.4181145,-.04817674,.0036615,.55517484,.44858226,3784,243,134,9.484937,22.23052,.3140529,1.245976,.5172914,.005814
379,.96901517,.25861114,7.3639581,.28058965,-5.3038604,2.168154,-.04493492,.00399244,.47543369,.34124472,2127,145,130,11.24965,10.78325,.3761801,1.881964,.3146513,.0169252
380,1.4782952,.32381769,6.1445067,.29514284,-7.1928124,1.6577832,-.0499762,.00221159,.40351529,.23919514,2743,229,201,8.146555,12.76843,.3568486,1.587583,.1098479,.0681735
382,.36734418,.78990737,3.621196,.87201721,2.2274601,5.2595824,-.0152297,.00441627,1.6777707,.51528164,220,44,47,5.604546,12.91628,.509434,2.37037,.1490496,.1636364
383,1.3606119,.33847222,5.4398013,.41848707,-5.5534317,1.7229248,-.02746444,.00645395,9.3978452,.91782952,386,37,43,5.580311,14.71802,.9563863,2.449351,.1836425,.0103627
385,1.1873774,.34651134,7.4890335,.36773502,-5.5161496,1.8470588,-.04958763,.00655553,.95175828,.45581758,1080,143,154,7.224074,8.360563,.4240122,1.541045,.0869016,.1425926
386,.66450252,.30513215,5.803251,.30892466,-4.0846852,1.7568693,-.02539938,.00256464,.43939905,.21623754,1061,76,56,7.043355,26.82353,.6845169,2.552607,.6235284,.0122526
388,-.1023578,.51994338,3.0883582,.63618421,.80098886,3.3881951,-.01280363,.0059331,1.7799184,.24435416,358,47,34,5.307262,11.08475,.4769231,1.588732,.2427671,.5949721
390,2.1874317,.79292231,5.0094144,.63410236,-3.5944614,3.9232966,-.0066483,.00239672,0,0,278,43,57,5.122302,14.71533,.9145728,1.60219,.344418,.0143885
391,2.4243916,.21997787,8.2761993,.25467924,-10.421773,1.6459307,-.07964637,.00429178,1.2551665,.17321563,3355,329,286,8.129359,14.97108,.6382567,1.700419,.0493319,.0685544
393,.95921662,.40495203,3.3507897,.33798816,-1.9476068,2.7695676,-.0380648,.00467815,.69542769,.1794523,390,40,55,5.523077,12.14323,.6633334,1.689922,.2130441,.0897436
394,2.479691,.22893362,7.0042107,.32485877,-9.9779602,1.9518055,-.07209482,.00605464,.55910945,.14554902,2435,233,186,7.072279,9.880913,.5657277,1.902812,.0806441,.1096509
396,4.340803,1.0050731,7.1196445,.64815275,-23.474821,4.9023132,-.06469339,.00742865,0,0,296,55,52,3.898649,22.63823,.5936255,2.180272,.2479227,.0135135
397,2.4834153,.24595504,7.1732848,.28508485,-9.9852282,1.5994831,-.05252333,.00259958,1.1966148,.24216777,2684,311,308,7.681073,11.80766,.6909385,1.83958,.0522692,.057377
399,1.4541743,1.4903441,3.9545925,.625566,-14.741182,5.0046028,-.0699114,.01863178,1.4753892,.52822744,90,18,22,4.133333,6.272727,.3142857,1.388889,.4758025,.1555556
400,1.2392805,.97533696,5.3318965,.6754785,-5.5061324,3.9799401,-.02611204,.00290985,.03076706,.34500182,198,36,55,4.474748,9.455958,.8776978,1.680412,.2542598,.2676768
402,1.0759356,.62244438,5.1650355,.39257875,-4.9145767,3.5097366,-.00100508,.0076815,0,0,358,56,34,4.77095,18.57983,.6678832,1.812325,.1164446,.0055866
406,-.68797578,1.6965912,2.6222348,.78205124,5.5425641,4.3383367,-.0332257,.03847944,.23363455,.55648156,140,20,35,7.228571,10.14599,.875,1.5,.2436735,.0214286
412,.97882105,.18339158,7.4482141,.26834738,-4.4546315,1.5090055,-.02695039,.00357744,.70386754,.45681643,2856,196,148,9.067227,14.30183,1.183444,2.585065,.1248536,.0052521
413,.43198155,1.087915,5.0719249,.82999027,1.4380591,7.6742913,-.03674343,.01226448,2.034746,.36678481,273,50,40,4.417583,10.51852,.3653846,1.490706,.5751989,.6300367
416,2.939241,1.1468837,4.969799,.49231454,-8.9825079,3.3787682,-.01588329,.00324611,.67783382,.38237944,235,56,63,4.191489,10.82251,.4183007,1.316017,.2184699,.0723404
417,-.68666383,.99661041,3.5294486,.46625198,3.0259794,3.4426913,-.01395005,.00235441,-13.018591,.79599108,243,27,39,5.839506,12.13693,.6555555,1.384297,.4147911,0
418,.74794649,1.2228288,4.3425532,1.0778717,1.415936,5.0399604,-.02063691,.00939603,2.2843616,1.1238688,123,40,32,2.764228,13.45528,.6960784,1.569106,.2374909,.2926829
420,.76021616,.88868435,4.4865856,.39902423,-2.5266142,2.9464726,-.00935249,.0026829,.86204779,.33307914,294,48,48,5.914966,12.01024,.5227273,1.520408,.2950854,.1870748
421,1.4662419,.8549163,2.8315568,.40893699,-2.1209493,2.6107741,-.02306711,.00710022,1.062847,.22150642,300,17,19,5.723333,16.9899,1.111111,2.276667,.4353778,.62
422,-2.1608072,3.5313849,2.6956715,.5041659,1.9889119,7.4197038,-.03353822,.01122459,1.6147786,.50242031,201,13,15,2.437811,11.77889,1.883333,2.204082,.6449098,.8109453
423,4.2599492,.77780953,4.1716087,.41587368,-14.671889,2.7700864,-.04071036,.00644826,1.9045168,.28929175,456,83,98,4.97807,7.646667,1.04,2.915743,.0804382,.2960526
424,2.0574475,.90411721,5.7861268,.53510126,-5.4289365,4.5309171,-.02213615,.00520678,.51040983,.43409961,902,113,122,6.380266,10.44766,.3456221,1.207547,.1681088,.1507761
426,1.9871782,.17688473,7.9653375,.31879331,-10.398092,1.8279844,-.11999864,.00655864,.62007219,.20662075,2465,263,209,8.377687,15.9238,.5717042,1.846781,.1249346,.0588235
427,1.1173181,.35551228,5.2328631,.3225757,-3.1116659,2.2122789,-.06055181,.0049846,1.7904478,.29864752,1740,155,95,7.185058,20.85516,.3810241,1.565142,.2718992,.2402299
428,.76008231,.39043622,3.7996938,.39906886,-1.3466066,2.7761866,-.04032059,.00569835,1.6498745,.1956349,831,75,45,7.622142,17.46772,.3496183,1.730909,.4544812,.0385078
429,.97129585,.33589284,5.5624757,.26712093,-4.7758664,1.9330722,-.03665301,.00461873,1.07991,.32461437,983,94,88,7.425229,12.89506,.6413044,1.893661,.2551856,.1119023
430,1.9880017,.21277598,6.7735122,.26104825,-7.1627104,1.5663326,-.04100058,.00394288,-.39861077,.24883085,1543,160,103,6.488658,19.06312,.5031222,1.682592,.2143357,.0453662
431,1.4034114,.17867568,7.0058713,.26231169,-6.0312184,1.7177517,-.06829761,.00333341,1.2728847,.34003222,4262,326,191,8.380572,22.3124,.6697767,2.129178,.231372,.0253402
432,.67954817,.78536081,4.6348948,.72844637,-1.0339944,2.3516687,-.02816001,.00518101,.58988912,.34204531,206,42,54,4.893204,10.975,.4705882,1.566502,.1246112,.0194175
435,1.5852507,.30185651,6.1050384,.37372557,-10.617279,1.9964223,-.04424561,.00353962,2.9597055,.78782241,850,151,112,7.797647,13.81601,.4732297,2.369359,.2614505,.0305882
437,1.7686937,.39488666,6.3483843,.31184626,-6.95578,2.4104347,-.04877928,.00349623,1.0782155,.18178869,756,120,104,7.476191,11.59249,.3136201,1.44,.3397651,.1798942
438,.86275873,.39482134,5.0155735,.26369397,-1.9067748,2.101893,-.05940866,.00651809,3.6489309,.79885236,925,113,62,6.983784,18.08587,.4590395,1.594978,.7879281,.0183784
439,1.3424792,.25983006,6.1905548,.27155398,-4.4168688,2.174124,-.06253907,.00493143,1.9115181,.11983781,3349,345,230,7.006868,11.24383,.3468208,1.405527,.1691336,.3174082
440,1.6242784,.19497637,5.9045709,.2130018,-6.931149,1.4818079,-.05640297,.00400879,.4989662,.14820428,3663,265,185,8.339339,11.33681,.4178717,1.452603,.1630096,.1728092
441,1.3646489,.25766758,6.166993,.2783272,-4.9549301,1.7204635,-.10182867,.00891006,1.1248087,.12096302,1733,167,100,7.844778,14.16189,.3768844,1.594626,.3381729,.2925563
442,.99401037,.60767669,4.4974365,.50447196,-4.0889802,3.82803,-.01496369,.00229608,2.7912466,.67973943,424,57,68,6.806604,11.64832,.4026846,1.405728,.3071823,.0400943
443,1.2505116,.68865104,4.4971507,.44911789,-3.0813308,2.6921762,-.02302652,.00353865,1.0091747,.49025397,443,60,73,5.081264,16.25346,.5454546,1.485194,.1297994,.0225734
445,2.4907323,.86805336,4.8570651,.61959472,-4.8086322,4.2788839,-.02339913,.00695796,.13247405,1.3896879,354,50,48,5.516949,9.622159,.7443609,1.616477,.15666,.0282486
446,-.27646946,.84280569,4.0765134,.59982711,-.82941182,2.7965972,-.05119785,.01430017,2.270378,.64320126,105,29,31,4.180953,7.166667,.527027,1.413462,.3146485,.1428571
447,2.4008949,.97535446,5.4160748,.58053793,-1.5805648,3.9310843,-.01741189,.00406898,1.0090909,.33811083,304,47,53,3.947368,6.26159,.5375,1.052632,.276424,.0657895
449,1.4674145,.32357986,4.9773149,.27823842,-5.9830043,1.7310836,-.05938148,.00466786,1.9778702,.14734576,1765,181,125,6.334278,13.848,.5361217,1.605353,.2587097,.6617564
450,.43594575,.54143207,3.1594835,.38522142,-4.4993063,3.0088258,-.02399683,.003351,1.4221932,.41756849,308,59,60,4.36039,10.16287,.5163934,1.603896,.6925915,.8636364
451,2.0466545,.15972329,6.7693731,.22399084,-7.4817447,1.0020602,-.09758979,.00387075,.9291362,.08020326,3571,358,251,7.397928,14.76812,.4835931,1.613085,.0936392,.3122375
452,1.1073439,.64652134,3.591107,.41938357,-5.1073687,2.5414369,-.02341071,.00963878,.88500877,.29098475,266,31,42,5.973684,6.011364,.5778894,1.409091,.3237888,.6090226
456,1.1923468,.75370052,3.44769,.69394925,-.24193503,3.7617004,-.01803608,.00563486,1.4346743,.54494132,192,39,37,3.802083,15.88482,.7516779,1.536842,.6878255,.7552083
