hrr,mfx_failures,mfx_patients,mfx_failures_se,mfx_patients_se,mfx_val6,mfx_val7,patients,pcp_total,spec_total,mean_choice_size,mean_spec_failures,mean_pair_failures,mean_pcp_failures,spec_hhi,mean_vi
1,-.11878527,.58463105,.13671095,.07722521,.04622573,.07430074,1761,159,156,7.326519,14.43179,.5863141,1.981588,.1123984,.0034072
2,-.13990445,.7882719,0,.06814315,.05627769,0,1326,96,77,9.914782,18.62548,.3635359,2.063927,.418767,.0007541
5,-.06480585,.58793392,0,.14118101,.05427783,0,672,68,70,5.958333,18.453,.6008146,1.517665,.3969406,.0029762
6,-.02088167,.52481105,0,.09966269,.09524312,0,443,51,74,7.659142,8.841981,.4148936,1.71028,.2487707,0
7,-.49864625,.69433071,.55832404,.18417079,.1824158,.19928149,151,36,57,5.529801,12.20805,.4086021,1.72,.0935485,.0794702
11,-.1121426,.74743795,.32422189,.06009574,.04736467,.05439751,2565,251,165,12.15283,18.47271,.5659882,3.107367,.1725648,.011306
12,-.11777601,.72783933,.30115978,.04999191,.03475536,.03367129,4739,491,312,9.309981,14.71939,.5723594,1.741314,.1658708,.0506436
14,.02402033,.64747072,.61166098,.05636417,.05643906,.08610514,1635,185,116,9.043425,22.86757,.5343643,2.867116,.6104922,.0085627
15,-.06484757,.58109452,.1090583,.06605356,.03638748,.07571654,3857,217,135,9.239565,35.48761,.4678462,2.161458,.287214,.0350013
18,.17638514,.60623237,.14871378,.16783583,.08744055,.06341923,345,33,42,5.907247,13.31871,.3855422,1.235465,.254812,.057971
19,-.1781325,.75385266,.16287135,.06926887,.03453819,.0454785,4130,275,150,7.495884,18.98069,.8613307,2.406821,.0710775,.0661017
21,.36907006,.52914694,.4372036,.17201752,.07473112,.10410509,522,67,58,4.749042,21.79572,.8512195,1.48538,.3827014,.0689655
23,-.01032458,1.1486771,4.531702,.10296611,.0807521,.29306899,216,45,71,4.666667,7.167442,.65625,1.613953,.1012517,.0277778
25,.01393935,.68783894,.41327743,.07147671,.04661067,.14805607,1608,117,96,8.176617,23.63847,.4662218,1.718029,.1483774,.0080846
31,-.29658076,.46755922,.24319895,.08256913,.05375995,.06246393,1167,64,72,7.683805,12.981,.3702081,1.317829,.3608348,.0359897
33,.04647214,.62645275,.26467941,.08021569,.05247988,.05568834,1781,131,81,7.71589,21.01638,.3938307,1.474958,.6948531,.0112296
43,-.13365107,.83253025,.21197128,.09316043,.0474494,.09997604,2106,124,67,8.632004,43.83842,.5673018,1.84981,.6329702,.0493827
56,.10432953,.79281012,.26615863,.1353287,.02970402,.07900188,1264,117,145,5.0625,11.22843,1.249255,1.844444,.0671968,.0403481
58,.10609987,.86146957,.22077699,.16768487,.05724174,.08097616,624,78,94,6.503205,13.57699,.4220183,1.229904,.089045,.0817308
62,.03271722,.57550767,.33987473,.22486066,.06415975,.13250043,533,46,45,3.834897,19.13878,1.455115,2.51711,.3370106,.0075047
65,-.1401438,.84332468,-2.1636569,.16258901,.04869581,.10257472,676,112,79,4.920118,11.95052,.3448276,1.043219,.118085,0
73,-.12052372,.65925738,.06947681,.13976507,.08080903,.04845264,780,49,66,8.066667,9.19201,.354452,1.460052,.1715582,.098718
77,-.07792607,.87619619,.25419148,.05999555,.03612045,.02007561,4081,297,207,8.196766,15.63623,.4649638,1.60177,.0676041,.1443274
78,.28150783,.32354593,-2.578371,.13213495,.07561076,.27739277,482,35,42,7.082988,8.139874,.2913165,.8547718,.2720511,.0020747
79,.0843215,.69799693,.69869962,.20631167,.09571513,.14645401,270,45,66,4.488889,7.947566,.641791,1.294776,.1489438,.3111111
80,.19834825,.78434885,.45348761,.15510171,.05286229,.10265421,617,95,120,4.998379,6.645695,.4369159,1.15082,.098587,.1329011
81,-.07318441,.77986756,-.27999428,.13868334,.0525865,.25548674,896,129,117,7.185268,10.26832,.3288591,1.206278,.1343645,.0189732
82,-.25458361,.8947499,.61299913,.15061573,.06200314,.21555379,361,54,61,5.792244,8.898876,.3775934,1.22905,.1154917,.0083102
83,.23902847,.40445442,-.07078568,.28122155,.09626911,.09625389,150,27,32,5.226666,5.86,.2473118,.9066667,.1767111,.0133333
85,-.16007376,.97985696,-1.747635,.19005257,.13782865,.22522827,212,38,41,5.542453,7.518868,.2941177,1.325472,.137104,.0141509
86,-.08368825,.38128259,.00475696,.12102107,.09397996,.10938145,504,34,36,5.720238,5.916,.2531646,.8207172,.2698098,.0099206
87,.01765345,.65099915,.60885688,.18762691,.11265572,.13898796,278,30,37,6.334532,8.586957,.315534,1.183453,.3327985,.028777
89,-.23420911,.97739292,.10464464,.2172066,.08453263,.0576406,560,69,64,6.092857,10.18264,.4976076,1.533333,.102787,.0892857
91,-.01452045,.56260188,.30007759,.13548302,.08885141,.04712183,674,75,68,7.22997,9.029896,.2638298,1.422388,.1830121,.3916914
96,.02473842,.75196208,5.532631,.16042883,.04120732,.21232107,717,70,59,6.592748,10.67139,.3568628,1.127989,.2567201,.0027894
101,-.58051388,.50135294,.81496105,.20055813,.1201281,.16610741,275,44,58,5.905455,8.759259,.2951807,1.536765,.1842909,.0836364
102,-.20793312,.62996816,.27755356,.05790691,.04958213,.06627014,1386,187,140,9.103896,11.37034,.4336075,2.007289,.1599358,.0577201
103,-.0748826,.77932411,.31790526,.04688691,.03471106,.0572745,4386,356,268,10.61742,14.59945,.5117438,2.160641,.1211841,.0987232
104,.49233622,.30695482,.57354237,.17524053,.14322243,.10561974,224,46,58,5.629464,8.56422,.7727273,1.846154,.1862644,.3214286
105,-.05614289,.54423094,.37182784,.10709735,.04955202,.10198327,1368,107,82,6.557748,10.64662,.3149905,1.212435,.2277004,.0416667
106,-.16167859,.68569541,.51561699,.09702287,.16162321,.14788171,264,56,64,6.147727,8.212356,.4347826,1.590038,.235652,.2424242
107,.03581434,.47848045,.12786502,.06051992,.06139807,.02556557,864,64,62,9.890046,11.07009,.3178037,1.927655,.1858925,.1180556
109,.08529299,.69965961,.05538723,.14714033,.07426347,.18370382,474,81,91,6.090717,13.8742,.4401295,1.525424,.1149121,.0042194
110,-.10717336,.76458558,.09034662,.08007146,.03125653,.05329991,2308,279,184,6.389081,19.94592,.4372647,1.461036,.0627499,.0463605
111,-.08647409,.82215277,.06666042,.05743845,.0357776,.04182964,2936,282,199,6.823569,20.30178,.4785247,1.684318,.1007244,.0088556
112,-.01195027,.7802418,.20989703,.05014186,.04698394,.0583634,5586,323,159,9.548335,41.89699,.803952,3.055596,.3008478,.0136054
113,-.12243424,.67880581,.15422435,.04638293,.03320667,.03445277,5779,542,353,8.110054,23.41239,.5570453,1.903983,.0728498,.0221492
115,.78752215,-.05072315,4.3330996,.81249787,.51006788,.97415456,73,61,58,1.136986,19.80282,.3454545,1.591549,.0272096,.1232877
116,-.07367984,.63169554,.61012391,.07741522,.05910727,.08214258,1517,178,107,6.923533,33.12013,.6370107,2.001979,.3434427,.060646
118,.0124184,.59791764,.40878703,.06621014,.03803032,.10709695,1921,387,348,6.358147,25.25513,.593973,1.663004,.0873187,.0208225
119,-.02552521,.66860515,.23110913,.06566656,.04926489,.05006822,2853,571,404,5.612689,62.65332,.9120722,2.175883,.1596653,.065545
120,.02368598,.78772147,.49145798,.07901192,.04880654,.16553102,1651,132,93,7.996972,26.4231,.7223127,2.503641,.4957211,.0963053
122,-.00797755,.60431398,.29625003,.0920035,.06821391,.08550694,890,129,88,5.657303,17.66178,.5,1.685393,.1630829,.0696629
123,-.10388143,.64714178,.52317666,.05239309,.03395176,.03854942,3600,280,172,8.342778,68.00703,.9637037,3.462916,.2052167,.1033333
124,-.02870952,.20220291,.36741429,.12285578,.08264992,.05274391,658,91,62,5.522796,25.63511,.4351145,1.844512,.5911254,.6975684
127,-.15366187,.61704897,5.6498533,.24590819,.07896526,.29468848,280,105,115,3.478571,21.69893,.6117021,1.630824,.1390561,.0464286
129,-.18277134,.76388701,.33989217,.09548043,.07902059,.64729582,936,188,171,6.121795,17.81857,.3724832,1.427497,.0711634,.0224359
130,-.20433634,.67027634,.22849387,.07063817,.03387059,.04210466,3811,599,494,5.402781,26.08985,.6621149,1.842857,.0757651,.0488061
131,-.05789436,.64441135,.1354611,.07282351,.06369864,.03107577,1126,139,121,8.886323,14.26816,.3257066,1.641831,.1643804,.1127886
133,-.24763986,.93252876,0,.15551267,.142584,0,115,42,47,3.695652,17.82456,1.30137,2.417391,.1538752,.0347826
134,-.08600812,.62718969,.2381933,.07231527,.0484644,.03341442,1087,131,103,7.160074,10.56465,.388518,1.695088,.1147957,.1941122
139,-.22951036,.75335785,.45268861,.18503177,.05505753,.06767102,619,118,89,5.799677,20.95617,.559194,1.82658,.383977,.0436187
140,.07671766,.56384532,.67393828,.08944218,.0628651,.28095101,1282,112,76,6.911077,15.89929,.5856728,2.289866,.2570306,.0054602
141,-.02350548,.73991802,.41514078,.18074755,.14071604,.09228074,293,108,103,3.167236,18.64561,.8164251,2.058621,.1260935,.0853242
144,-.00763756,.6565018,.28122392,.06051365,.03613131,.06212206,3389,331,319,7.28681,13.87687,.3511579,1.281678,.093175,.0194748
145,-.12080022,.71271527,1.7515628,.2910425,.08249697,.20760051,167,40,53,5.556886,11.31098,.5689655,1.644578,.1381548,.0299401
146,-.05521952,.40677396,-.0561805,.05803019,.05200842,.01771782,1014,76,44,8.952662,23.502,.4060847,2.297915,.5378683,.0029586
147,.05974183,.45172798,.15347397,.03241864,.08391996,.12097778,768,72,78,8.954427,15.21658,.4590818,1.798409,.2441949,.0039063
148,-.14916699,.5642928,.12204937,.26170996,.08107508,.05208187,321,44,40,6.912773,13.22327,.7974684,1.930818,.4291593,.1433022
149,-.09107133,.64368324,.19789049,.09223308,.03981322,.03926298,1602,127,115,7.750312,13.81404,.4687232,1.73535,.1607705,.1423221
150,-.12444068,.36420123,.31428462,.17292287,.07823224,.06057196,607,69,70,5.327842,10.52805,.1640798,.5222405,.1573813,.1614498
151,.10248299,.27014529,-.01212726,.21550269,.07388437,.09512187,389,38,52,5.884319,8.201571,.6825397,2.361257,.2406209,.4190231
155,-.10588097,.81186909,.39975659,.08152814,.05176961,.04744027,870,138,117,5.782759,12.91512,.5273722,1.558517,.0805338,.1
156,-.04715476,.92412249,.23756555,.07956941,.0377815,.037498,1224,251,151,4.620915,15.87829,.7370838,1.980312,.1179394,.1813726
158,-.07186792,.70556296,.42374618,.08956982,.0524207,.08369566,1220,194,140,6.730328,15.33444,.4777778,1.558313,.1200497,.0344262
161,-.10959567,.8657678,.14983822,.06174699,.03817686,.02056579,2546,258,145,7.666536,20.19645,.377867,1.452147,.3343933,.1500393
163,.3275541,.90652513,.30715807,.17211566,.12448877,.09191325,190,81,69,2.494737,17.83871,.5503876,1.973262,.101108,.2368421
164,.02421907,.96076588,.31991396,.17882781,.06684346,.07694638,311,113,101,3.263666,14.06579,.4530387,1.454545,.0676895,.1254019
166,-.11257731,.82216793,.45097651,.09396727,.0327567,.04682234,1095,175,134,4.690411,15.3671,.6020025,1.757856,.1103038,.2054795
170,.11105172,.61146464,.1129493,.11367665,.03860448,.04820898,1732,143,86,6.696882,22.32559,.7070938,1.738979,.5241514,.1224018
171,.11126005,.61888074,.37504991,.0730824,.05184131,.03966997,1555,156,123,7.496463,21.78196,.65,1.881477,.3844737,.1723473
172,-.06284066,.73282543,.10584331,.11816273,.04332245,.05026202,3280,258,154,6.357317,27.12143,.7467937,2.446116,.236152,.0323171
173,.05996169,.46471404,.34418704,.10839878,.06172347,.04614946,525,92,77,5.75619,12.92871,.6076923,1.739464,.2174005,.4304762
175,-.46863278,.76633973,.16299005,.204384,.11642353,.04836365,297,40,35,6.484848,6.723906,.2331839,1.171717,.2513236,.0841751
179,.0388857,.57753922,.30048878,.1218395,.06037775,.05192612,1390,151,123,6.943885,14.96859,.4339827,1.693149,.3151928,.0848921
180,-.00601836,.51972974,.21473496,.08982011,.04310266,.04726893,1578,149,106,6.291508,18.96745,.3103139,1.188931,.3608778,.0659062
181,.02986058,.635091,.26765493,.16258921,.09130065,.0791298,430,78,81,5.648837,9.632075,.5343512,1.712617,.1746241,.2651163
183,-.01185864,.72927341,.22944879,.04728122,.03792082,.02512575,4590,411,275,7.44488,11.45051,.5422121,1.668053,.0637922,.2444444
185,.45388224,.58880046,.41676515,.18119175,.16066531,.06860193,150,42,45,5.026667,10.23649,.5,1.391892,.3526222,.3866667
186,.10938516,.86888025,.22807904,.088596,.05623707,.03645944,365,74,59,5.764384,10.37741,.8046511,2.057851,.0871233,.2328767
187,.02128141,.65066748,.40543187,.16970405,.0759724,.0807892,391,82,87,3.941176,13.69713,.3393502,1.05974,.0961728,.1841432
188,.07833165,.72471484,.04954107,.11999579,.08271787,.0367354,693,72,72,7.679654,13.03509,.8514056,2.104651,.348488,.1832612
190,.10078494,.38256668,3.3970668,.14383973,.0768242,.1581749,742,84,55,6.049865,65.61351,1.284946,3.602703,.7422534,.0107817
191,-.01561565,.88641766,.13094814,.07216703,.02958788,.05907004,2667,172,103,7.733408,28.98455,.9552376,2.80565,.5035676,.0577428
192,-.08071212,.67078549,.22298021,.04496316,.02985953,.04750676,3232,237,164,8.839418,18.01717,.4470309,1.611439,.2697202,.0232054
193,-.20054947,.33389558,6.9603386,.19677416,.14222763,.27487993,244,36,43,5.315574,15.47917,.6752577,2.025,.5162591,.0327869
194,.01849398,.43585055,.21801573,.05443288,.07816803,.05867725,540,84,77,6.587037,17.0987,.8670213,1.888476,.1699588,.4555556
195,.01094208,.53580993,3.4818073,.10400086,.10570497,.17504969,770,70,67,7.809091,17.70719,.6412337,2.663613,.6204216,.0142857
196,-.28679274,.7501448,.42578045,.1597557,.07566448,.07987591,843,79,68,6.711744,9.77354,.5,2.117857,.2966289,.0652432
197,-.01570834,.66653334,.21570037,.14588889,.11409194,.05826732,485,59,62,9.136083,18.3354,.6134185,2.080579,.2863939,.0762887
200,-.07349625,.62826437,.26120606,.0868556,.05711231,.04585406,1482,133,98,7.155196,14.65825,.4273743,1.527607,.2233541,.1207827
201,-.02365941,.65927289,.34758366,.04862624,.02479569,.03883539,5375,315,147,7.45786,38.17726,.6561686,2.064811,.1712789,.0623256
203,.149983,.48279692,.79134237,.23865976,.11788312,.27883037,212,45,26,4.099057,33.83253,.3910256,2.047619,.2152456,.0283019
204,.00593664,.59359907,.27525119,.14547411,.08218795,.15634252,389,59,85,6.347044,8.806283,.5220883,1.712435,.1587949,.0411311
205,-.12989456,.47386799,.19204826,.06862528,.03639407,.02056541,2109,194,133,5.980559,17.72449,.611186,1.8358,.1404491,.3110479
208,-.05223793,.45457736,.39451654,.11213856,.09400996,.17220065,415,58,57,5.091566,14.14179,.7820513,2.14321,.2989287,.1590361
209,-.28896191,.59913923,5.0623081,.10634844,.09028885,.25528126,391,30,35,7.470588,9.861182,.349835,1.930769,.6343561,.0025575
210,-.17911477,.29050774,.34532259,.18006906,.08541684,.05259276,479,42,44,7.194154,13.68657,.3969697,1.440678,.7078726,.0271399
212,-.11474668,.40392522,.62671225,.23518124,.0712842,.10014782,274,20,42,7.927007,4.716912,.3386243,1.257353,.2740157,.0072993
213,.04302678,.5519394,.32815532,.09455543,.10667432,.09057893,418,33,53,7.31579,7.806763,.4158076,1.157005,.1333532,.0502392
214,.32380513,.74526854,.23880639,.2027203,.17211417,.03925935,109,14,15,4.155963,11.14019,.3258427,.9906542,.6326908,.1009174
216,.09192146,.49835809,.29467954,.0829905,.17350699,.16002736,138,20,32,5.985507,5.414815,.6161616,2.20438,.2943709,.1594203
219,-.04110327,.68604878,.27236738,.16510683,.12057137,.09020321,313,44,54,5.795527,11.78758,.7743363,2.064309,.2743011,.172524
221,-.14139993,.55552698,.28068721,.12514129,.05827569,.05369591,810,99,73,5.539506,19.39206,.4868852,1.464684,.3336382,.1382716
222,-.05901947,.64195894,.1561181,.04152582,.02948883,.01735346,5154,380,202,8.341289,25.34446,.4491964,1.786326,.1075926,.1975165
223,-.0384016,.68560453,.13151989,.04599024,.04003208,.02936363,9368,605,279,11.02711,35.1995,.520013,2.139921,.1168028,.0163322
225,-.08580283,.72781771,.23913102,.05537214,.0404266,.04522447,4508,323,179,10.18878,34.34246,.724763,2.8,.1640414,.0070985
226,-.09825285,.66736158,-.10680701,.06040795,.04543905,.1382195,1551,246,172,7.364281,22.12484,.3786408,1.883871,.2032544,.0012895
227,-.0469803,.87284893,.29161229,.04826168,.02018206,.02196353,14289,907,414,9.931625,22.68029,.4933812,1.762075,.0385386,.0773322
230,.08157871,.58356848,.19871954,.07824258,.05724885,.04893588,3115,204,181,9.164366,35.88828,.441124,1.825387,.2697265,.0436597
231,-.00178581,.82492829,.13661048,.09535504,.05136427,.0448606,1140,168,118,6.578948,13.35398,.3854305,1.238305,.1393552,.2096491
232,-.03506561,.75369504,.34514393,.07268101,.04075443,.03678755,2131,256,167,5.453308,24.92827,.5622618,1.528471,.1495474,.1379634
233,.01626074,.69837003,.38850948,.08531721,.03813254,.0623345,907,101,74,6.767365,19.505,.7741456,2.310421,.2031693,.0738699
234,.01010231,.70674765,.26522053,.11683895,.05177884,.07087344,785,137,102,4.726115,15.94832,.4435946,1.544987,.093435,.0955414
235,-.04985982,.76370301,.11750866,.06025769,.03101027,.03444055,2061,165,116,8.084425,20.28181,.5728477,2.057936,.3608267,.0276565
236,-.19910095,.67966512,.10679814,.07872264,.05175309,.03707463,1456,194,125,5.266483,14.92041,.4214351,1.356798,.1631285,.0762363
238,-.23069342,.66034453,.26466102,.09481467,.05883706,.05836512,908,148,114,5.676211,15.79712,.5096582,2.013274,.1152337,.2522026
239,-.0420579,.7510122,.22888555,.10687289,.03940536,.05486997,809,138,116,5.233622,13.37892,.5152543,1.6325,.1260709,.1063041
240,.23805604,.43051323,5.7610288,.21178969,.10589931,.25585748,383,39,47,6.240209,11.59424,.5728477,1.772251,.4563328,.0234987
242,-.15967299,.43704051,-.03367084,.08060906,.07314661,.09424901,1085,92,59,8.341935,15.71588,.3275218,1.745606,.6124411,.0110599
244,.0009822,.75206074,.22754635,.11324993,.07362933,.08222936,352,114,86,4.303977,15.04286,.4562212,1.706553,.0778022,.0880682
245,-.10841398,.78348176,.26482816,.10562984,.08057906,.05665464,431,105,77,4.190255,20.74413,.4014085,1.470726,.1301403,.1044084
246,.06847103,.66563504,.13458976,.07919798,.04410918,.02430394,1720,191,131,7.010465,16.77556,.4740109,1.794135,.0970139,.1034884
248,-.43958816,.39872356,.13371861,.19018367,.09973948,.05248161,247,41,47,5.291498,8.584362,.3333333,1.390244,.3453753,.2672065
249,.21571667,.96911991,.06637586,.5583447,.17658394,.12957785,162,66,65,3.277778,17.93168,.584,1.549383,.0669105,.1234568
251,-.11460403,.68111406,.18279972,.05315818,.03619702,.0178911,2855,432,303,7.512784,10.36428,.3726783,1.451624,.3279871,.1478109
253,.10876125,.26712159,.43304593,.06242834,.05390634,.05083536,660,102,78,7.656061,14.64472,.3832487,1.663093,.4372635,.6590909
256,.0110568,.61689184,.38321372,.07367955,.05797288,.09254956,535,143,115,5.028038,11.26515,.4788733,1.539623,.3720045,.0411215
258,.6606686,.53506921,2.6357292,.21832025,.16326685,.226983,160,19,28,7.2625,4.778481,.5092593,1.493671,.3680469,.13125
259,-.09791043,.55611757,.15211081,.12588818,.06566791,.12254406,368,46,64,6.923913,9.310925,.3185841,1.459834,.1840146,.0217391
260,-.24938738,.47299758,0,.3815345,.17569885,0,109,19,24,4,6.102804,.5348837,1.579439,.5653564,.0091743
262,-.00246891,.45164598,0,.14296533,.0654894,0,357,33,41,6.422969,7.666667,.3643123,1.201681,.248264,0
263,.15090298,.83280503,-1.7602054,.48257694,.18877503,.19851721,133,39,47,6.947369,11.96154,.4,1.962121,.2848663,.0150376
264,-.2778709,.86399014,.32225801,.15389987,.09816842,.08206428,642,100,86,5.433022,12.01735,.9880478,2.628752,.1979018,.3115265
267,.06371814,.62971478,.15451628,.16513424,.10963999,.12087182,133,38,41,3.774436,10.37984,.6907216,1.621212,.0871163,.3533835
268,-.06828547,.79227865,.19099873,.04806021,.03008654,.03002626,6052,380,206,8.598975,20.88336,.5666743,2.129285,.0789449,.0322208
270,-.08268964,.49529825,.33228296,.08337526,.05106377,.04432201,2162,134,108,7.243756,18.8458,.6844769,2.642691,.2708121,.4338575
273,-.06219655,.88096706,.12527275,.03923246,.02530372,.01735804,6207,436,255,9.684228,13.21962,.5250309,1.912036,.0533044,.044627
274,-.39512671,.22233381,.34323593,.21612126,.09924462,.15849882,334,59,78,5.404191,6.89426,.3831418,1.472892,.1919574,.3802395
275,.12392829,.17414209,.12984104,.1022184,.07937458,.03117205,228,18,24,6.93421,4.337778,.4038461,1.435556,.4065097,.5745614
276,-.30978871,.40946835,.27888334,.4179205,.08644614,.03608926,208,42,50,4.961538,6.339901,1.039474,1.625616,.1468658,.1105769
277,-.06750214,.57303753,.47664353,.04094902,.03507705,.11083876,3490,212,113,10.51375,19.37301,.4960571,2.541282,.2838202,.0048711
278,-.1055229,.91871852,.17663547,.06345663,.02759384,.02405614,3681,265,173,8.830481,11.65864,.651719,2.119836,.0755356,.0931812
279,.1019433,.35814113,0,.27789541,.13015213,0,355,75,88,3.738028,11.03683,.6167883,1.675141,.2611942,.0197183
281,-.0663689,.54927188,.3113985,.10917503,.06988858,.03932775,957,136,112,6.746081,11.59345,.3619211,1.063158,.1494384,.3719958
282,.0617339,.58638757,.20870584,.05166773,.02596266,.01766067,4877,441,229,8.126307,26.68838,.6670413,1.960453,.1297253,.2058643
283,-.12883852,.70437293,.12165959,.04439232,.03655697,.03919234,3708,403,281,7.768609,34.00272,.4525734,1.724409,.1759979,.0097087
284,-.04477998,.86101081,.23505341,.10275753,.04884332,.08627589,656,97,120,5.58689,13.46605,.8120482,1.769939,.055789,.0182927
285,.03385515,1.0114571,.07514838,.09483754,.06003085,.05952689,802,124,152,6.546134,9.83522,.3824092,1.583438,.0898657,.0236908
288,-.03147061,.79061566,.23397316,.10518433,.0552188,.05762513,1173,139,134,7.165388,13.58419,.4044017,1.351282,.1296484,.0119352
289,-.11328802,1.1401584,.47310117,.22559705,.15015266,.30641745,190,64,93,3.557895,8.673797,.7047619,1.702128,.0242105,.0210526
291,-.01153483,.68738338,.52221753,.12246716,.09291351,.22261722,220,52,65,4.127273,12.68664,.7013889,1.799087,.072314,.1227273
292,.01018056,.92019617,.47870054,.17232063,.15885939,.07670886,249,72,78,4.080321,13.88618,.6375,1.995935,.1142078,.0200803
293,.03318078,.44618017,.41908394,.12307928,.04896576,.06482982,1313,148,141,6.34882,13.03944,.4209446,1.496148,.2302472,.0974867
295,-.06447909,.64776005,.27661896,.04208913,.02531382,.03472117,6938,480,298,8.542808,24.25242,.4412762,1.743645,.1918513,.0413664
296,.08714287,.54064658,.07998114,.14814239,.06108352,.0310848,844,100,92,6.93128,10.72792,.2882736,1.196429,.167553,.2582938
297,.04472283,1.0690034,.45927414,.15460909,.13563546,.11026095,128,43,58,4.367188,12.2381,.6375,1.889764,.0761719,.03125
299,-.08663731,.62340362,.19483486,.05304663,.03347297,.03799984,2277,183,129,9.344313,9.440917,.2783505,1.181338,.1048427,.0241546
300,-.1325864,.47786964,.28635698,.12644836,.07444659,.05776512,620,83,54,4.719355,27.38026,.5507813,1.559871,.2959938,.1693548
301,-.16115032,.74359811,.08626508,.05476739,.03872489,.02668097,3429,285,234,8.388743,23.17077,.6910533,1.904971,.0519613,.0329542
303,-.01388727,.87897803,.17633368,.07422609,.07516128,.05412086,1018,146,185,11.5609,12.97036,1.161435,3.192308,.037357,.0383104
304,-.04284503,.58950066,.1329121,.06707446,.07167687,.04383588,681,98,125,6.66373,7.419259,.3161592,1.198822,.0836875,.1116006
307,-.07024635,.68424163,.09204546,.08075297,.04062126,.05781365,1625,186,123,6.674461,20.40224,.3775168,1.498454,.2835181,.0135385
308,-.07985654,.84085958,.208085,.16002357,.08696123,.07343277,482,104,118,5.838174,16.90295,.7264151,2.375262,.0620168,.0124481
309,-.06897276,.54362543,.10991038,.0446828,.03948876,.025271,2512,189,129,9.060907,15.07184,.3031212,1.242424,.1712265,.133758
311,-.00477138,.55695879,.18727633,.03573711,.02257546,.02012376,4477,305,234,10.17333,13.79487,.4422396,1.446453,.4413362,.0737101
312,-.02105278,.65532999,.27030518,.09340953,.0505196,.06962315,2168,146,138,8.190959,23.48904,.7202216,2.965149,.3790857,.0161439
313,.08523009,.48195378,.43051287,.07730299,.08225163,.10518932,730,90,79,8.754794,9.594482,.2821101,1.364512,.2628861,.0328767
314,-.16899007,.55711147,.32926795,.06700296,.04208799,.06098045,1885,151,103,7.071618,16.00268,.5480969,1.80759,.1828038,.0318302
315,-.07943487,.56326853,.48438971,.13148908,.09491055,.17414137,165,32,49,5.436364,7.950311,.1836735,.7484663,.415023,.0666667
318,-.32507735,.60691127,.27715387,.09355252,.05223509,.06869486,1252,177,137,6.231629,14.78964,.5011468,1.707494,.0748885,.0311502
319,-.04301852,.567655,3.2207397,.10002927,.06463669,.13411506,915,89,66,6.619672,21.39886,.3723724,1.45403,.3749494,.0087432
320,-.02057869,.53478964,.18222266,.06668358,.05744121,.03618325,1102,143,125,7.037205,8.999073,.337386,1.099539,.1847902,.1651543
322,-.07564803,.10301526,.04290123,.1669623,.14249924,.06642734,181,76,67,3.464088,7.581921,.5050505,1.638418,.0752419,.2209945
323,1.5979298,.24820061,.14694447,.74583404,.83392451,.49941774,58,24,26,3.103448,15,.6666667,2.224138,.2883472,.0517241
324,-1.429486,.16249934,1.1035626,.82598943,.1967896,.24272533,51,21,22,2.333333,12.72917,1.023256,2.45098,.348712,.627451
325,.14493691,1.5521184,.38244165,.20788245,.2365236,.08355827,112,67,55,1.910714,15.02778,.4545455,1.435185,.0680804,.25
326,-.02209009,.60441632,.02697567,.18096779,.06271798,.09014598,369,52,49,4.815718,11.76022,.4163823,1.133152,.3913969,.0704607
327,.06357264,.6611046,.25234913,.08961469,.03698131,.03158704,1643,184,129,6.50213,23.66462,.532972,1.640367,.1120751,.1247718
328,-.11946036,.74906165,.17278044,.06562266,.03011507,.01939993,3052,284,163,7.112385,15.73737,.4069656,1.494032,.0962727,.1215596
329,-.00386888,.59043523,.16134334,.037805,.02421524,.01970148,4101,391,236,7.169959,38.80394,.6799415,2.057325,.0898549,.0651061
330,-.13862646,.74972682,.10881998,.07075115,.04415804,.07125035,2145,178,132,8.244755,15.71071,.3286573,1.257746,.1801023,.0270396
331,.07564346,.62475493,.21295881,.07762787,.07230556,.04254069,694,99,49,5.831412,22.42504,.4921569,1.889695,.2764245,.1095101
332,-.06766584,.78654808,-.0053378,.12916954,.0787579,.1102839,442,87,73,5.764706,14.32346,.4863014,1.781818,.1535083,.0180995
334,-.16656081,.61266088,.12501943,.07154772,.0383893,.01699846,3396,264,166,8.102179,19.93511,.6375,2.180609,.1255303,.1272085
335,-.07728388,.64207755,.15390049,.05264568,.03759343,.02994186,2225,154,139,9.555955,13.94246,.3181527,1.776625,.1956434,.0669663
336,-.23669772,.10194247,.10180777,.10331845,.18469499,.1019474,161,16,31,6.279503,17.12658,1.561983,2.2375,.5985494,.3975155
339,-.0217243,.72740663,.31425373,.0859342,.06951558,.05563166,611,95,115,6.111293,9.328382,.4741784,1.371711,.1653617,.1080196
342,.07129369,.45805939,.10421008,.16286502,.05569573,.03015487,1157,95,81,6.444252,7.950131,.3518313,1.483843,.2077296,.3085566
343,-.23415086,.54384826,.05832813,.17637344,.10529508,.07984273,319,50,49,4.62069,10.54088,.7204301,2.129338,.1804916,.1034483
344,-.20752709,.77751624,.20508008,.08483274,.05020196,.06699099,1332,187,183,7.141892,8.529366,.2546948,1.133787,.0696462,.0660661
345,-.02530126,.43760029,.61442404,.17242578,.11455054,.22197835,304,41,36,5.37171,10.37954,.2293578,.8382838,.5048693,.0493421
346,-.14943162,.64046064,.17553432,.08019133,.04709458,.0294963,1583,247,159,4.999368,27.40434,.3416739,1.392357,.0957006,.1800379
347,-.09671293,.47963389,.04509769,.06884264,.04632386,.03638781,777,77,73,8.534105,13.66969,.3085502,1.690722,.3166802,.0952381
350,-.05761744,.37509703,.10776896,.08853317,.04699845,.04265752,1629,114,78,6.195826,15.65885,.3901141,1.454377,.2208999,.2584408
351,-.07905303,.68959169,.11498162,.12534767,.06470282,.03963379,1696,172,173,7.667453,9.256104,.3066116,1.412915,.1198943,.2216981
352,-.05985781,.67091058,.09731544,.04159462,.03821978,.02492317,2571,237,163,8.711007,13.00196,.3341149,1.511947,.3340292,.0346169
354,-.17691904,.45572432,.03658675,.23490915,.09624679,.05034731,264,29,43,7.712121,12.73004,.3333333,1.083333,.19014,.0416667
355,-.02503081,.68545435,.09799411,.05668661,.03758231,.04108406,2243,297,132,6.14222,25.45569,.4422843,1.630445,.3676289,.0142666
356,-.06544015,.74052319,.20449471,.03801572,.02381408,.04175624,5086,539,288,6.912112,19.4012,.4266934,1.580459,.1018641,.0153362
357,-.01107094,.57463381,.07329856,.03508512,.02800858,.01567765,3298,284,239,8.741662,10.62282,.3250902,1.324012,.0759409,.111886
358,.03301122,.57616593,.2112373,.06771209,.03080657,.04265023,2202,200,124,7.347412,28.16796,.4400241,1.631555,.4525772,.0245232
359,-.10052837,.41389166,.17492947,.24313787,.0955034,.06238423,310,52,50,4.319355,11.20388,.40625,1.116505,.2477419,.4354839
362,-.28525185,.64857949,0,.12534988,.08447404,0,697,85,55,6.710186,16.04913,.3690476,1.597983,.3305929,0
363,.04552413,.649164,.16177741,.12582289,.07175751,.06611656,1307,154,108,7.949502,22.90031,.3920188,1.574942,.6548278,.0436113
364,-.03028384,.54526872,.40482049,.05321876,.03304304,.03725799,3224,284,176,8.635856,23.61059,.3851818,1.368781,.1807224,.0462159
365,-.12353238,.50215228,.51029383,.15098471,.05611314,.1310629,769,120,132,6.726918,10.40369,.4800759,1.369594,.1228099,.0221066
366,.08186464,.45376749,.15063034,.07013772,.04062032,.03155099,2131,155,129,7.539184,23.8721,.6,1.966446,.1272144,.1572032
367,.26299632,.54994787,.34264055,.13477343,.08358653,.0695407,313,58,60,5.348243,18.22006,.4935065,2.003236,.3278078,.1405751
368,-.05086777,.52957126,.23132338,.06018294,.03904669,.04386676,768,74,65,8.209636,6.677207,.3409894,1.21025,.4879998,.1575521
369,.76548025,.42273335,.00389569,.38642841,.08065714,.16318551,142,35,45,5.408451,9.721429,.244186,.6453901,.1917278,.0140845
371,.02446226,.65185918,.20398526,.07557138,.04330932,.01882039,3157,268,177,8.22648,14.18461,.5973917,2.371328,.2244134,.1960722
373,.04792316,.609522,.18082613,.15786442,.05215361,.05425287,1097,104,74,6.929809,23.78493,.3041776,1.17033,.4372254,.0656335
374,-.08748099,.59344615,.04031015,.12924976,.06424339,.10597452,439,40,52,7.505695,12.17865,.9210526,2.362586,.2911411,.0091116
375,-.15198036,.44969546,.2770007,.09446991,.07742593,.05966399,542,59,78,7.798893,10.3891,.363388,1.51306,.233868,.0369004
376,.11164399,.55707807,.48863673,.11926168,.0927152,.05823383,333,38,47,6.726727,7.366972,.3222749,1.009119,.3678002,.1171171
377,-.0141586,.57824312,.33362767,.03767104,.02897104,.07944326,3784,243,134,9.484937,22.23052,.3140529,1.245976,.5172914,.005814
379,-.00377907,.59379147,.12815091,.03814129,.04498983,.06247852,2127,145,130,11.24965,10.78325,.3761801,1.881964,.3146513,.0169252
380,-.10262353,.61112071,.24346119,.05551416,.04253139,.03905424,2743,229,201,8.146555,12.76843,.3568486,1.587583,.1098479,.0681735
382,.19459622,.67981018,.29537404,.19242901,.14409331,.06209741,220,44,47,5.604546,12.91628,.509434,2.37037,.1490496,.1636364
383,.14466783,.54123809,2.4602258,.10812647,.07760252,.09666374,386,37,43,5.580311,14.71802,.9563863,2.449351,.1836425,.0103627
385,-.10893923,.80221062,.17020824,.06729008,.0501555,.04502364,1080,143,154,7.224074,8.360563,.4240122,1.541045,.0869016,.1425926
386,-.04105566,.68561467,.35851957,.09351019,.05547933,.05862995,1061,76,56,7.043355,26.82353,.6845169,2.552607,.6235284,.0122526
388,-.10139234,.48726253,.42616472,.19335469,.07970325,.07081901,358,47,34,5.307262,11.08475,.4769231,1.588732,.2427671,.5949721
390,.02895979,.45644705,0,.14607251,.08505282,0,278,43,57,5.122302,14.71533,.9145728,1.60219,.344418,.0143885
391,-.08541963,.81652874,.12077458,.04809156,.02953437,.02185871,3355,329,286,8.129359,14.97108,.6382567,1.700419,.0493319,.0685544
393,-.01070922,.29538764,.0072064,.28418342,.10279947,.04912124,390,40,55,5.523077,12.14323,.6633334,1.689922,.2130441,.0897436
394,-.14058047,.81937652,.06773634,.07894114,.04641369,.02300126,2435,233,186,7.072279,9.880913,.5657277,1.902812,.0806441,.1096509
396,-.63509017,.65626427,0,.16916891,.12271164,0,296,55,52,3.898649,22.63823,.5936255,2.180272,.2479227,.0135135
397,-.25361144,.88245674,.18355324,.07468018,.03712868,.05046211,2684,311,308,7.681073,11.80766,.6909385,1.83958,.0522692,.057377
399,-.83764374,.59239071,.56534879,.21618644,.26722371,.13563577,90,18,22,4.133333,6.272727,.3142857,1.388889,.4758025,.1555556
400,-.12022192,.87596961,.05870293,.21345239,.08500564,.06319901,198,36,55,4.474748,9.455958,.8776978,1.680412,.2542598,.2676768
402,-.1591291,.84520881,0,.27931898,.05868506,0,358,56,34,4.77095,18.57983,.6678832,1.812325,.1164446,.0055866
406,.41218844,.48669476,.27771823,.35308629,.27957606,.14657708,140,20,35,7.228571,10.14599,.875,1.5,.2436735,.0214286
412,-.02334356,.88424549,.25696198,.07330984,.03045467,.03733835,2856,196,148,9.067227,14.30183,1.183444,2.585065,.1248536,.0052521
413,.20827353,.70614157,.41786117,.25330484,.1071991,.08722718,273,50,40,4.417583,10.51852,.3653846,1.490706,.5751989,.6300367
416,-.21987717,.44475266,.60236813,.11060707,.09954384,.18667926,235,56,63,4.191489,10.82251,.4183007,1.316017,.2184699,.0723404
417,.15184792,.68422055,-2.7071043,.2190281,.10714217,.16914434,243,27,39,5.839506,12.13693,.6555555,1.384297,.4147911,0
418,.32373747,.88798907,.37008194,.22041232,.15983624,.14800486,123,40,32,2.764228,13.45528,.6960784,1.569106,.2374909,.2926829
420,-.03467341,.68559499,.20775307,.14625231,.09338843,.10777917,294,48,48,5.914966,12.01024,.5227273,1.520408,.2950854,.1870748
421,.1166432,.33072741,.24134929,.17925805,.14634452,.05923187,300,17,19,5.723333,16.9899,1.111111,2.276667,.4353778,.62
422,-.20239109,.1927473,1.7844666,0,0,0,201,13,15,2.437811,11.77889,1.883333,2.204082,.6449098,.8109453
423,-.22246688,.41280329,.43806682,.18308312,.08177507,.08224048,456,83,98,4.97807,7.646667,1.04,2.915743,.0804382,.2960526
426,-.09168367,.77565296,.22931461,.06600088,.04263104,.0379429,2465,263,209,8.377687,15.9238,.5717042,1.846781,.1249346,.0588235
427,-.0108382,.61926479,.37277784,.10523785,.06634902,.05972237,1740,155,95,7.185058,20.85516,.3810241,1.565142,.2718992,.2402299
428,.09366077,.30288983,.23033892,.09423649,.07215601,.12645257,831,75,45,7.622142,17.46772,.3496183,1.730909,.4544812,.0385078
429,-.06211532,.56073904,.60076064,.07311163,.04528368,.09026945,983,94,88,7.425229,12.89506,.6413044,1.893661,.2551856,.1119023
430,.01910818,.68885822,.02576107,.08157532,.0466437,.0592776,1543,160,103,6.488658,19.06312,.5031222,1.682592,.2143357,.0453662
431,-.05939949,.68433858,.18914881,.0609129,.04312009,.04238734,4262,326,191,8.380572,22.3124,.6697767,2.129178,.231372,.0253402
432,.12482595,.51331444,.3907335,.15149544,.15836655,.18743218,206,42,54,4.893204,10.975,.4705882,1.566502,.1246112,.0194175
435,.0217257,.62741285,.49279399,.06512115,.0646016,.09022195,850,151,112,7.797647,13.81601,.4732297,2.369359,.2614505,.0305882
437,-.26924002,.74065574,.37892907,.11936895,.06227124,.04839578,756,120,104,7.476191,11.59249,.3136201,1.44,.3397651,.1798942
438,.00810702,.62937688,.78589779,.09430147,.05593109,.11513068,925,113,62,6.983784,18.08587,.4590395,1.594978,.7879281,.0183784
439,.03273276,.7713455,.45071036,.07659254,.03907812,.02680027,3349,345,230,7.006868,11.24383,.3468208,1.405527,.1691336,.3174082
440,-.10080432,.71546216,.20103488,.0652962,.03223828,.02624366,3663,265,185,8.339339,11.33681,.4178717,1.452603,.1630096,.1728092
441,-.05603868,.59737015,.28647965,.07064096,.0451103,.02501952,1733,167,100,7.844778,14.16189,.3768844,1.594626,.3381729,.2925563
442,-.20245765,.22934981,.72858299,.13527756,.13892145,.12719183,424,57,68,6.806604,11.64832,.4026846,1.405728,.3071823,.0400943
443,.0720711,.56440629,.42658681,.1705284,.07553716,.10108687,443,60,73,5.081264,16.25346,.5454546,1.485194,.1297994,.0225734
445,.15525861,.58785514,.44126754,.22655236,.10417344,.23088804,354,50,48,5.516949,9.622159,.7443609,1.616477,.15666,.0282486
446,-.00801463,.72472583,.75548407,.1153589,.112735,.26609093,105,29,31,4.180953,7.166667,.527027,1.413462,.3146485,.1428571
447,.41662762,.95821521,.24790199,.18319219,.08488547,.08658119,304,47,53,3.947368,6.26159,.5375,1.052632,.276424,.0657895
449,-.09767276,.58158395,.39205252,.07456048,.04388886,.02709222,1765,181,125,6.334278,13.848,.5361217,1.605353,.2587097,.6617564
450,-.34144114,.34660734,.69360844,.21153897,.06871349,.13958548,308,59,60,4.36039,10.16287,.5163934,1.603896,.6925915,.8636364
451,-.07834976,.70849221,.25049036,.04615288,.03254853,.01464326,3571,358,251,7.397928,14.76812,.4835931,1.613085,.0936392,.3122375
452,-.27580054,.48999129,.40946545,.15867579,.08458483,.10601561,266,31,42,5.973684,6.011364,.5778894,1.409091,.3237888,.6090226
456,.39480641,.54442523,.55040798,.33380242,.10674005,.1812606,192,39,37,3.802083,15.88482,.7516779,1.536842,.6878255,.7552083
