config_id,true_alpha,base_failure_rate,failure_sd,eta,n_reps,mean_alpha,median_alpha,bias,rel_bias,rmse,sd_hat,mean_se,coverage_95,reject_null,alpha_label
1,0.02,0.02,0.005,1,25,1.7618514097940858,0.8660657866216273,1.7418514097940858,87.09257048970429,4.540295378078812,4.279339389536148,2.7502971043848072,0.88,0.043478260869565216,alpha = 0.02
2,0.02,0.05,0.005,1,33,0.8155940297369606,0.7333248594091939,0.7955940297369606,39.77970148684803,0.9744480398652219,0.5713774757672941,0.9217233894952741,0.9696969696969697,0.030303030303030304,alpha = 0.02
3,0.02,0.09,0.005,1,25,0.4347988278273792,0.3191946919419423,0.4147988278273792,20.739941391368962,0.5361927385912024,0.34677770459943935,0.630795543279566,0.96,0,alpha = 0.02
4,0.02,0.15,0.005,1,25,0.3953917117702076,0.3518986666944993,0.3753917117702076,18.769585588510378,0.49413890019270096,0.3279581963609041,0.5426967786529086,1,0,alpha = 0.02
5,0.02,0.2,0.005,1,28,0.4520421140751346,0.41529249086435505,0.4320421140751346,21.602105703756727,0.5509208424570615,0.3481110304430039,0.46101569015083593,0.8214285714285714,0.11538461538461539,alpha = 0.02
6,0.02,0.02,0.01,1,31,1.4382373090514062,1.3489943878227302,1.4182373090514062,70.91186545257031,1.714185488257081,0.9787420416762799,1.634270375039579,0.967741935483871,0,alpha = 0.02
7,0.02,0.05,0.01,1,28,0.7234428708241705,0.5291119471745501,0.7034428708241705,35.17214354120852,0.9071318164022106,0.5832722277469191,0.8481643421102948,0.9285714285714286,0.037037037037037035,alpha = 0.02
8,0.02,0.09,0.01,1,27,0.6709322759048542,0.6602970976566979,0.6509322759048541,32.546613795242706,0.7491784550498634,0.37794990010877855,0.6930269487934594,0.9629629629629629,0.037037037037037035,alpha = 0.02
9,0.02,0.15,0.01,1,23,0.39811679248824805,0.2399684137667589,0.37811679248824803,18.9058396244124,0.5530465756443971,0.41266477368104615,0.5132286400753707,0.8260869565217391,0.13636363636363635,alpha = 0.02
10,0.02,0.2,0.01,1,29,0.3508812985490844,0.2978661087927864,0.3308812985490844,16.54406492745422,0.4204111460731015,0.26394194724111897,0.43570923861602323,0.896551724137931,0.07407407407407407,alpha = 0.02
11,0.02,0.05,0.02,1,29,0.6783644315254561,0.5334022363504947,0.6583644315254561,32.918221576272806,0.9219333640922173,0.6568051649224916,0.8922658836758337,0.9655172413793104,0.034482758620689655,alpha = 0.02
12,0.02,0.09,0.02,1,30,0.6259568716032662,0.5333294638394815,0.6059568716032662,30.29784358016331,0.7825138617144147,0.5035846128253636,0.6782069697579892,0.9666666666666667,0.06666666666666667,alpha = 0.02
13,0.02,0.15,0.02,1,27,0.5860453943544388,0.5002427424340316,0.5660453943544388,28.302269717721938,0.7126376375464024,0.4411965974397106,0.5614521807046801,0.8518518518518519,0.14814814814814814,alpha = 0.02
14,0.02,0.2,0.02,1,31,0.3266662012461688,0.26320143905546306,0.3066662012461688,15.333310062308438,0.3983460653745432,0.2584375032892446,0.4862067245910228,0.967741935483871,0.03225806451612903,alpha = 0.02
15,0.02,0.05,0.03,1,26,0.5796261980638797,0.4584830406205558,0.5596261980638797,27.98130990319398,0.7372127767965982,0.4894009037396918,0.9586671967374029,1,0,alpha = 0.02
16,0.02,0.09,0.03,1,30,0.447887346197444,0.3833032198595818,0.427887346197444,21.3943673098722,0.5469242495630844,0.3464677231186464,0.6557231523057241,0.9333333333333333,0.034482758620689655,alpha = 0.02
17,0.02,0.15,0.03,1,23,0.4247822615558223,0.33557953643445587,0.4047822615558223,20.239113077791117,0.5108362294832179,0.31862020736399477,0.5434974167785092,0.9565217391304348,0.043478260869565216,alpha = 0.02
18,0.02,0.2,0.03,1,23,0.31025849770604524,0.27186365465950485,0.2902584977060452,14.512924885302262,0.3568604645314061,0.21226977904040972,0.4533631096968715,0.9565217391304348,0,alpha = 0.02
19,0.02,0.09,0.05,1,22,0.4416918212024175,0.3871034468252981,0.42169182120241755,21.084591060120875,0.5188100533654862,0.30933702893599446,0.669479186262224,1,0,alpha = 0.02
20,0.02,0.15,0.05,1,26,0.2997387303318978,0.20513455092897204,0.2797387303318978,13.98693651659489,0.3886971193155294,0.27521802457169886,0.5267006254248554,1,0,alpha = 0.02
21,0.02,0.2,0.05,1,33,0.40359545976018574,0.2854970179424551,0.3835954597601857,19.179772988009287,0.5120183917852066,0.3444004198269561,0.4829465523795341,0.9696969696969697,0.06060606060606061,alpha = 0.02
22,0.02,0.09,0.08,1,27,0.5308312604894894,0.3561944244491421,0.5108312604894893,25.54156302447447,0.7268143739036217,0.5268697492787031,0.7122170858302462,0.9629629629629629,0.037037037037037035,alpha = 0.02
23,0.02,0.15,0.08,1,28,0.4387694400764842,0.364000469083809,0.4187694400764842,20.93847200382421,0.5165147571956842,0.30790512083904253,0.4955776486526132,0.9285714285714286,0.037037037037037035,alpha = 0.02
24,0.02,0.2,0.08,1,31,0.3699390912202999,0.2638163350119682,0.34993909122029987,17.49695456101499,0.48495077213020377,0.34128758150047667,0.47150623600382713,0.8387096774193549,0.10344827586206896,alpha = 0.02
25,0.05,0.02,0.005,1,23,5.363996162076448,0.7704501654479314,5.313996162076448,106.27992324152895,20.338907159682265,20.07367062564458,8.818904862597925,0.9130434782608695,0.045454545454545456,alpha = 0.05
26,0.05,0.05,0.005,1,23,0.7806990682122495,0.5538647845121837,0.7306990682122495,14.61398136424499,1.015242080426046,0.7206781254919121,0.953291813534639,0.9565217391304348,0.043478260869565216,alpha = 0.05
27,0.05,0.09,0.005,1,30,0.5833694478687075,0.500253859195523,0.5333694478687074,10.667388957374147,0.6898803539423244,0.44503227488826513,0.6399687614164193,0.9,0.03571428571428571,alpha = 0.05
28,0.05,0.15,0.005,1,24,0.44121985180751194,0.3374137144226978,0.39121985180751195,7.824397036150239,0.5309171970023742,0.36663465661926997,0.5193077072509666,0.9166666666666666,0.043478260869565216,alpha = 0.05
29,0.05,0.2,0.005,1,32,0.3596095122850908,0.2971640625773584,0.30960951228509076,6.192190245701815,0.4567130127197878,0.34112334485162327,0.4410644813717684,0.875,0.06666666666666667,alpha = 0.05
30,0.05,0.02,0.01,1,19,1.630124101883322,1.233709865066707,1.5801241018833219,31.602482037666437,2.169612290399916,1.5274903337161703,1.7174704718647975,0.9473684210526315,0.05263157894736842,alpha = 0.05
31,0.05,0.05,0.01,1,31,0.8221260463406745,0.6244035565865059,0.7721260463406746,15.442520926813492,0.9872791680964258,0.6254275138896102,0.8850968477861838,0.9354838709677419,0.06451612903225806,alpha = 0.05
32,0.05,0.09,0.01,1,24,0.5424400439609232,0.4047392722875298,0.49244004396092317,9.848800879218462,0.6292502219888371,0.40016341658846655,0.7302150241432959,1,0,alpha = 0.05
33,0.05,0.15,0.01,1,24,0.4572851136040627,0.4312537139396635,0.4072851136040627,8.145702272081254,0.5036327896809741,0.30262300796756775,0.5511500431970876,0.9583333333333334,0.041666666666666664,alpha = 0.05
34,0.05,0.2,0.01,1,27,0.44098686403793985,0.3653220214685328,0.39098686403793986,7.819737280758797,0.4993794518052498,0.31657700144535333,0.4732833269772727,0.8888888888888888,0.07692307692307693,alpha = 0.05
35,0.05,0.05,0.02,1,29,0.8817909864161058,0.7529462090239843,0.8317909864161057,16.635819728322115,1.1162449472296947,0.7575729473798363,1.0177167661427797,0.9655172413793104,0.034482758620689655,alpha = 0.05
36,0.05,0.09,0.02,1,28,0.654705650640035,0.4610476448914569,0.6047056506400351,12.094113012800701,0.7742093733771317,0.4923290994120452,0.7157980274360042,0.8928571428571429,0.10714285714285714,alpha = 0.05
37,0.05,0.15,0.02,1,32,0.33773504032293666,0.31596270572813767,0.2877350403229367,5.754700806458732,0.3605113276491716,0.2206780493841098,0.508167704523668,0.9375,0,alpha = 0.05
38,0.05,0.2,0.02,1,28,0.5072517081805753,0.3655928753660044,0.4572517081805753,9.145034163611506,0.6127614716907283,0.4154038598728875,0.5111820174403375,0.9285714285714286,0.07142857142857142,alpha = 0.05
39,0.05,0.05,0.03,1,21,0.6058978674053808,0.4636632855713782,0.5558978674053807,11.117957348107614,0.8115026057134391,0.6057967828393805,0.9261849835960584,0.9523809523809523,0.047619047619047616,alpha = 0.05
40,0.05,0.09,0.03,1,27,0.7039860340417533,0.669871603513728,0.6539860340417533,13.079720680835065,0.7848827571310518,0.44225239323783766,0.689142883785378,0.8888888888888888,0.07692307692307693,alpha = 0.05
41,0.05,0.15,0.03,1,25,0.3297188403047298,0.30035529850938797,0.2797188403047298,5.594376806094596,0.3765828798761493,0.25733416139167703,0.5139590202599109,0.96,0,alpha = 0.05
42,0.05,0.2,0.03,1,26,0.3742805853485772,0.3340996190114087,0.32428058534857723,6.485611706971544,0.40636997861364293,0.24975549632353283,0.4493281714264144,0.9615384615384616,0,alpha = 0.05
43,0.05,0.09,0.05,1,31,0.4982268382493253,0.40432503281970866,0.4482268382493253,8.964536764986505,0.6251627174629969,0.4430031929207995,0.6730687327189101,0.8709677419354839,0.06896551724137931,alpha = 0.05
44,0.05,0.15,0.05,1,25,0.5066598120182126,0.3954226004063562,0.45665981201821265,9.133196240364253,0.6111879541584867,0.41459384165400254,0.547515041594297,0.96,0.04,alpha = 0.05
45,0.05,0.2,0.05,1,27,0.374659583201575,0.3151078523911498,0.324659583201575,6.4931916640314995,0.4193693793205627,0.27051265051973555,0.47875620669074825,0.9259259259259259,0.07407407407407407,alpha = 0.05
46,0.05,0.09,0.08,1,30,0.4121706077046422,0.29781453751640874,0.36217060770464216,7.243412154092843,0.6397278378017942,0.5363518120118119,0.7040578886396508,0.9666666666666667,0.03333333333333333,alpha = 0.05
47,0.05,0.15,0.08,1,22,0.5068556301744016,0.4245140718513096,0.4568556301744016,9.137112603488031,0.6214549607619091,0.43120884518811375,0.55032057781162,0.9090909090909091,0.09090909090909091,alpha = 0.05
48,0.05,0.2,0.08,1,25,0.47046079355050757,0.3781801649054621,0.4204607935505076,8.40921587101015,0.5394540647850529,0.34493871602430076,0.49816881781669936,0.96,0.08,alpha = 0.05
49,0.1,0.02,0.005,1,31,2.050376664909563,1.0015847075044233,1.9503766649095629,19.503766649095628,3.6530965492067686,3.139933667807237,1.9288797974194936,0.9032258064516129,0.0967741935483871,alpha = 0.1
50,0.1,0.05,0.005,1,27,0.732268683051052,0.7535065059178949,0.632268683051052,6.322686830510519,0.8076387603132884,0.5120828639757734,0.9462625710111133,1,0,alpha = 0.1
51,0.1,0.09,0.005,1,27,0.5620602416721935,0.41311026303424697,0.4620602416721935,4.620602416721935,0.6480137096526702,0.46299180612530744,0.6873209561130852,0.9629629629629629,0.037037037037037035,alpha = 0.1
52,0.1,0.15,0.005,1,31,0.4912013386732048,0.3697649579084031,0.3912013386732048,3.9120133867320477,0.6097237989489496,0.47541081646564665,0.5610386613420371,0.9354838709677419,0.06451612903225806,alpha = 0.1
53,0.1,0.2,0.005,1,35,0.4332170375403721,0.398453134202699,0.3332170375403721,3.332170375403721,0.4264109813566603,0.2699534590608325,0.4748820545113987,1,0.05714285714285714,alpha = 0.1
54,0.1,0.02,0.01,1,26,1.3978108830123077,0.8430013993589134,1.2978108830123078,12.978108830123077,1.8474584723426588,1.3408733376885766,1.547592097166051,1,0,alpha = 0.1
55,0.1,0.05,0.01,1,32,1.0541487249767416,0.8255941562169047,0.9541487249767417,9.541487249767417,1.45974304347087,1.1224167306535253,0.9782467685243715,0.9375,0.0625,alpha = 0.1
56,0.1,0.09,0.01,1,30,0.725896793211106,0.6579204722975014,0.625896793211106,6.2589679321110605,0.7921153791602027,0.49378898692014145,0.7001402714701548,0.9333333333333333,0.1,alpha = 0.1
57,0.1,0.15,0.01,1,30,0.4731832281262902,0.29906201825763595,0.3731832281262902,3.7318322812629017,0.5976748588035254,0.47483156551711736,0.5310635455426638,0.9333333333333333,0.13333333333333333,alpha = 0.1
58,0.1,0.2,0.01,1,38,0.46116119683517226,0.4497155937880808,0.3611611968351723,3.6116119683517227,0.5098442205250786,0.36469688731838573,0.4674576904402091,0.9210526315789473,0.08108108108108109,alpha = 0.1
59,0.1,0.05,0.02,1,30,0.921719731637532,0.6177680024041072,0.821719731637532,8.21719731637532,1.2315198453848815,0.9329695705284717,0.9699617219236473,0.8666666666666667,0.13333333333333333,alpha = 0.1
60,0.1,0.09,0.02,1,21,0.36950094771399455,0.24691506439362929,0.2695009477139946,2.6950094771399455,0.4336818349372017,0.34816897017474846,0.6064024085688725,0.9047619047619048,0,alpha = 0.1
61,0.1,0.15,0.02,1,32,0.45354655147798173,0.33238515037901756,0.35354655147798175,3.5354655147798173,0.5112071517581065,0.37514740390227863,0.5467137798556643,0.9375,0.0625,alpha = 0.1
62,0.1,0.2,0.02,1,28,0.3228477994904466,0.29928144190825823,0.22284779949044659,2.2284779949044657,0.36900569771797803,0.29951280006634534,0.4379882868698443,0.8571428571428571,0.07692307692307693,alpha = 0.1
63,0.1,0.05,0.03,1,26,0.6806725953529501,0.558710023611862,0.5806725953529501,5.806725953529501,0.6968043521003421,0.3927974895496768,0.9148414206063441,1,0,alpha = 0.1
64,0.1,0.09,0.03,1,35,0.47275718305023795,0.3697065601109753,0.3727571830502379,3.727571830502379,0.588559467136442,0.4621211169676779,0.6679472758943117,0.9428571428571428,0.029411764705882353,alpha = 0.1
65,0.1,0.15,0.03,1,34,0.524913682761712,0.4513838270648842,0.424913682761712,4.24913682761712,0.6295026486827983,0.47144350201746704,0.5430500488641181,0.8823529411764706,0.11764705882352941,alpha = 0.1
66,0.1,0.2,0.03,1,35,0.3389820707210175,0.2963802549051737,0.23898207072101751,2.389820707210175,0.3627508428310625,0.2768866318602428,0.4673741764668205,0.9428571428571428,0.029411764705882353,alpha = 0.1
67,0.1,0.09,0.05,1,26,0.7515680147436372,0.7582817953951684,0.6515680147436371,6.515680147436371,0.7730934926601328,0.424332390206943,0.7072507937330778,0.9615384615384616,0.07692307692307693,alpha = 0.1
68,0.1,0.15,0.05,1,29,0.5730495829555426,0.4460688674879816,0.47304958295554267,4.7304958295554265,0.6121920984476652,0.39546963340858354,0.5525012553299286,0.9655172413793104,0.13793103448275862,alpha = 0.1
69,0.1,0.2,0.05,1,23,0.5186500476921484,0.3703494770442646,0.41865004769214836,4.186500476921483,0.5993771786872951,0.43857508000681134,0.46293048460835523,0.8260869565217391,0.22727272727272727,alpha = 0.1
70,0.1,0.09,0.08,1,24,0.6845483397618942,0.5974211636319995,0.5845483397618941,5.845483397618941,0.764291291601738,0.5029766182480137,0.6740324286355912,0.9583333333333334,0.08333333333333333,alpha = 0.1
71,0.1,0.15,0.08,1,27,0.5719013528670429,0.4793444667636123,0.4719013528670429,4.719013528670429,0.6829510736346281,0.5030959771487843,0.5350654203838822,0.8888888888888888,0.07692307692307693,alpha = 0.1
72,0.1,0.2,0.08,1,27,0.47117239070328343,0.3754092021653036,0.37117239070328345,3.7117239070328343,0.5179195282277105,0.3680894404624542,0.45941552569034216,0.8888888888888888,0.15384615384615385,alpha = 0.1
73,0.2,0.02,0.005,1,34,1.5104309748833558,1.1679338053379789,1.3104309748833556,6.552154874416778,1.868891249887532,1.352526878409479,1.8476749483629045,0.9411764705882353,0,alpha = 0.2
74,0.2,0.05,0.005,1,26,0.6523823844170188,0.6424371538751963,0.45238238441701883,2.261911922085094,0.6524312424771522,0.4794344299345129,0.9137706780147057,1,0,alpha = 0.2
75,0.2,0.09,0.005,1,30,0.45606100653656484,0.425313801895681,0.25606100653656483,1.2803050326828243,0.4038311411737204,0.31760800744457685,0.6629530481588016,1,0,alpha = 0.2
76,0.2,0.15,0.005,1,34,0.5051954108296444,0.41252280301570066,0.30519541082964435,1.5259770541482218,0.46994500750015605,0.3627311561263392,0.5336548536692711,0.9705882352941176,0.09090909090909091,alpha = 0.2
77,0.2,0.2,0.005,1,36,0.41611181262098457,0.3530872139016652,0.21611181262098453,1.0805590631049227,0.4059300076155817,0.3484945090374765,0.45522481421943156,0.9166666666666666,0.11764705882352941,alpha = 0.2
78,0.2,0.02,0.01,1,33,1.5211170363488358,1.2046362779482669,1.3211170363488356,6.605585181744178,1.7956121779832908,1.2349443903180328,1.6045963030471133,0.9090909090909091,0.15151515151515152,alpha = 0.2
79,0.2,0.05,0.01,1,34,1.0518043477336905,0.7933659701580144,0.8518043477336905,4.259021738668452,1.2419333605952232,0.9173767948258794,1.0313505022316187,0.9117647058823529,0.11764705882352941,alpha = 0.2
80,0.2,0.09,0.01,1,28,0.6812336068426722,0.5742915147718337,0.48123360684267213,2.4061680342133607,0.7178125451079471,0.5423793204455083,0.6458139401743479,0.8571428571428571,0.14814814814814814,alpha = 0.2
81,0.2,0.15,0.01,1,33,0.5159150491409995,0.4020172921482726,0.3159150491409995,1.5795752457049974,0.4793159171292181,0.36606297249452563,0.5479525489831507,0.9696969696969697,0.09090909090909091,alpha = 0.2
82,0.2,0.2,0.01,1,34,0.497475832589303,0.40510708576423105,0.297475832589303,1.4873791629465147,0.4691120758078273,0.3681865936524087,0.4667110177337564,0.9411764705882353,0.11764705882352941,alpha = 0.2
83,0.2,0.05,0.02,1,26,0.8248561022381883,0.6276602928043953,0.6248561022381882,3.124280511190941,0.9027896093562418,0.66450529528935,0.9675241593129007,0.9230769230769231,0.07692307692307693,alpha = 0.2
84,0.2,0.09,0.02,1,23,0.7471137698449035,0.6610901784630175,0.5471137698449036,2.7355688492245176,0.8229323672384938,0.6285385896007838,0.6925139800097638,0.9130434782608695,0.13043478260869565,alpha = 0.2
85,0.2,0.15,0.02,1,33,0.49995665369933884,0.4640401123633721,0.2999566536993388,1.499783268496694,0.41168887399919185,0.2863538703965762,0.551107673465165,1,0,alpha = 0.2
86,0.2,0.2,0.02,1,36,0.4479499150586501,0.37783500685615096,0.2479499150586501,1.2397495752932504,0.42640418893508186,0.3518233887578318,0.4872332945335832,1,0.1388888888888889,alpha = 0.2
87,0.2,0.05,0.03,1,34,0.9853535984543375,0.5974345615433315,0.7853535984543374,3.926767992271687,1.2391073408435942,0.9728531723894073,1.0034265282984658,0.9705882352941176,0.058823529411764705,alpha = 0.2
88,0.2,0.09,0.03,1,25,0.6345727344714077,0.5398690277903483,0.43457273447140776,2.172863672357039,0.7443157267519624,0.6167391057208548,0.663839674809666,0.92,0.125,alpha = 0.2
89,0.2,0.15,0.03,1,27,0.6330251652891148,0.6993628920698048,0.43302516528911483,2.165125826445574,0.6099078148146289,0.43768939713849064,0.5790542902959585,0.9629629629629629,0.07407407407407407,alpha = 0.2
90,0.2,0.2,0.03,1,38,0.4799014622110375,0.37505088348451593,0.2799014622110375,1.3995073110551874,0.4595885729763491,0.36941588146757737,0.4627957017115242,0.9210526315789473,0.10810810810810811,alpha = 0.2
91,0.2,0.09,0.05,1,34,0.7200831016136566,0.5638006545097499,0.5200831016136567,2.600415508068283,0.8572087613404865,0.6916579674469416,0.684723919485709,0.9117647058823529,0.12121212121212122,alpha = 0.2
92,0.2,0.15,0.05,1,27,0.620584962058953,0.5065031311321537,0.420584962058953,2.102924810294765,0.6265666801557694,0.4732758403699469,0.5622782553323322,0.9259259259259259,0.14814814814814814,alpha = 0.2
93,0.2,0.2,0.05,1,36,0.5309871955521304,0.493667196648502,0.3309871955521304,1.6549359777606518,0.49520172433847515,0.37356200747705504,0.4846695384160466,0.9444444444444444,0.16666666666666666,alpha = 0.2
94,0.2,0.09,0.08,1,28,0.7791779472549444,0.731990528460505,0.5791779472549443,2.8958897362747216,0.780795950978356,0.5332453479291037,0.6841778811433566,0.9285714285714286,0.10714285714285714,alpha = 0.2
95,0.2,0.15,0.08,1,30,0.5828850557794615,0.4508638642873643,0.3828850557794615,1.9144252788973075,0.5596491022503548,0.415152010021074,0.5419827811311624,0.9666666666666667,0.1,alpha = 0.2
96,0.2,0.2,0.08,1,39,0.4619951890954898,0.4306772946456135,0.2619951890954898,1.3099759454774489,0.3977300682525843,0.30315713292466573,0.48939962417799643,0.9743589743589743,0.05128205128205128,alpha = 0.2
97,0.4,0.02,0.005,1,36,1.275653514049799,0.9163588607920399,0.8756535140497991,2.1891337851244974,1.3732227041798604,1.072819711519432,1.5181791427145015,0.9444444444444444,0.029411764705882353,alpha = 0.4
98,0.4,0.05,0.005,1,32,0.7765882751304686,0.6360931246987501,0.3765882751304686,0.9414706878261715,0.8339963761131108,0.7560380440361433,0.9948999024597278,0.96875,0.03125,alpha = 0.4
99,0.4,0.09,0.005,1,35,0.7940650543106819,0.6997348272376652,0.39406505431068184,0.9851626357767045,0.6809443963365147,0.5634434606940636,0.6793778794887811,0.9142857142857143,0.14285714285714285,alpha = 0.4
100,0.4,0.15,0.005,1,38,0.6497486177491102,0.5312723574423818,0.24974861774911014,0.6243715443727753,0.49027090774324933,0.4275532290126511,0.5660864161118397,0.9736842105263158,0.21052631578947367,alpha = 0.4
101,0.4,0.2,0.005,1,44,0.6034172650598462,0.4629597518357388,0.20341726505984617,0.5085431626496154,0.472486807131629,0.4313868593570825,0.48819794467233363,0.9318181818181818,0.20454545454545456,alpha = 0.4
102,0.4,0.02,0.01,1,28,1.742728521259475,1.1853661252424537,1.3427285212594748,3.356821303148687,2.6272316863152034,2.2996291218666127,2.9470995398929674,1,0,alpha = 0.4
103,0.4,0.05,0.01,1,38,1.061012386216353,0.9547607999651275,0.661012386216353,1.6525309655408824,0.9597885697402044,0.7052267319356463,0.8909011570696557,0.868421052631579,0.1388888888888889,alpha = 0.4
104,0.4,0.09,0.01,1,39,0.7544573319281905,0.7768656409990927,0.3544573319281905,0.8861433298204762,0.6160302032680643,0.5104248807057655,0.6745849321378762,0.9743589743589743,0.07894736842105263,alpha = 0.4
105,0.4,0.15,0.01,1,35,0.5992994379196541,0.5350192419073035,0.19929943791965413,0.49824859479913536,0.5029142239172424,0.46847957370286214,0.5397681461675189,0.9714285714285714,0.17142857142857143,alpha = 0.4
106,0.4,0.2,0.01,1,41,0.6166902450971824,0.5180310007173126,0.21669024509718235,0.5417256127429558,0.47376602185937866,0.42654081947322336,0.4856842900638974,0.926829268292683,0.1951219512195122,alpha = 0.4
107,0.4,0.05,0.02,1,35,0.7831159921175496,0.5860746907929203,0.3831159921175496,0.957789980293874,0.9139037949388578,0.8418376241462711,0.8517837965150892,0.9142857142857143,0.14705882352941177,alpha = 0.4
108,0.4,0.09,0.02,1,38,0.6307945071172025,0.4754011312999553,0.23079450711720256,0.5769862677930063,0.5543462781769696,0.5107831898782405,0.7068171536871409,0.9736842105263158,0.10526315789473684,alpha = 0.4
109,0.4,0.15,0.02,1,42,0.7035259095507549,0.715166592576325,0.30352590955075487,0.7588147738768871,0.497205026678338,0.3985817586966697,0.544710041789141,1,0.19047619047619047,alpha = 0.4
110,0.4,0.2,0.02,1,43,0.5011480488725363,0.4056088830102949,0.10114804887253621,0.2528701221813405,0.398044387775686,0.38953456642593687,0.4602378772988366,0.9302325581395349,0.125,alpha = 0.4
111,0.4,0.05,0.03,1,34,0.7638158821590276,0.6100425672249359,0.3638158821590276,0.9095397053975689,0.6930046863088184,0.598695019506044,0.9023217958722649,0.9705882352941176,0.09090909090909091,alpha = 0.4
112,0.4,0.09,0.03,1,34,0.7807494882798279,0.6806425737055548,0.3807494882798279,0.9518737206995698,0.7310003593511725,0.6333964718106171,0.7269066747870834,0.9411764705882353,0.11764705882352941,alpha = 0.4
113,0.4,0.15,0.03,1,42,0.679592351675992,0.6716513252541454,0.279592351675992,0.69898087918998,0.4708442149821419,0.3834357023082797,0.5610355039378117,1,0.16666666666666666,alpha = 0.4
114,0.4,0.2,0.03,1,39,0.5789260782573261,0.5473288909293372,0.17892607825732612,0.44731519564331534,0.4235808829149598,0.38895415413537715,0.46214807788366186,0.9743589743589743,0.21052631578947367,alpha = 0.4
115,0.4,0.09,0.05,1,37,0.713848779157399,0.5321716923241171,0.313848779157399,0.7846219478934974,0.6173739460713608,0.5389813624132395,0.7071928261737462,0.972972972972973,0.08108108108108109,alpha = 0.4
116,0.4,0.15,0.05,1,38,0.6073304910860405,0.5068605738422298,0.20733049108604046,0.5183262277151012,0.4410321332917957,0.3944852815516755,0.5427347038760966,0.9736842105263158,0.13513513513513514,alpha = 0.4
117,0.4,0.2,0.05,1,41,0.6824392488410517,0.7438480005189232,0.2824392488410517,0.7060981221026292,0.46517972244181544,0.3742135099208413,0.4870217234709016,0.975609756097561,0.2926829268292683,alpha = 0.4
118,0.4,0.09,0.08,1,32,0.7355890901893433,0.6761662839090259,0.33558909018934324,0.838972725473358,0.6447526359262248,0.5593414783230344,0.6504475633348398,0.90625,0.16666666666666666,alpha = 0.4
119,0.4,0.15,0.08,1,36,0.7043631633302352,0.611145381126545,0.3043631633302351,0.7609079083255877,0.5581034031303626,0.4744418989615653,0.5558672274256058,0.9444444444444444,0.19444444444444445,alpha = 0.4
120,0.4,0.2,0.08,1,43,0.5050782758566176,0.5033312899259458,0.10507827585661751,0.2626956896415438,0.30460652715538833,0.289292189174621,0.48516675083765665,1,0.06976744186046512,alpha = 0.4
