true_alpha,base_failure_rate,failure_sd,n_reps,bias,rel_bias,rmse,coverage_95,reject_null
0.02,0.02,0.005,25,1.7418514097940858,87.09257048970429,4.540295378078812,0.88,0.043478260869565216
0.02,0.02,0.01,31,1.4182373090514062,70.91186545257031,1.714185488257081,0.967741935483871,0
0.02,0.05,0.005,33,0.7955940297369606,39.77970148684803,0.9744480398652219,0.9696969696969697,0.030303030303030304
0.02,0.05,0.01,28,0.7034428708241705,35.17214354120852,0.9071318164022106,0.9285714285714286,0.037037037037037035
0.02,0.05,0.02,29,0.6583644315254561,32.918221576272806,0.9219333640922173,0.9655172413793104,0.034482758620689655
0.02,0.05,0.03,26,0.5596261980638797,27.98130990319398,0.7372127767965982,1,0
0.02,0.09,0.005,25,0.4147988278273792,20.739941391368962,0.5361927385912024,0.96,0
0.02,0.09,0.01,27,0.6509322759048541,32.546613795242706,0.7491784550498634,0.9629629629629629,0.037037037037037035
0.02,0.09,0.02,30,0.6059568716032662,30.29784358016331,0.7825138617144147,0.9666666666666667,0.06666666666666667
0.02,0.09,0.03,30,0.427887346197444,21.3943673098722,0.5469242495630844,0.9333333333333333,0.034482758620689655
0.02,0.09,0.05,22,0.42169182120241755,21.084591060120875,0.5188100533654862,1,0
0.02,0.09,0.08,27,0.5108312604894893,25.54156302447447,0.7268143739036217,0.9629629629629629,0.037037037037037035
0.02,0.15,0.005,25,0.3753917117702076,18.769585588510378,0.49413890019270096,1,0
0.02,0.15,0.01,23,0.37811679248824803,18.9058396244124,0.5530465756443971,0.8260869565217391,0.13636363636363635
0.02,0.15,0.02,27,0.5660453943544388,28.302269717721938,0.7126376375464024,0.8518518518518519,0.14814814814814814
0.02,0.15,0.03,23,0.4047822615558223,20.239113077791117,0.5108362294832179,0.9565217391304348,0.043478260869565216
0.02,0.15,0.05,26,0.2797387303318978,13.98693651659489,0.3886971193155294,1,0
0.02,0.15,0.08,28,0.4187694400764842,20.93847200382421,0.5165147571956842,0.9285714285714286,0.037037037037037035
0.02,0.2,0.005,28,0.4320421140751346,21.602105703756727,0.5509208424570615,0.8214285714285714,0.11538461538461539
0.02,0.2,0.01,29,0.3308812985490844,16.54406492745422,0.4204111460731015,0.896551724137931,0.07407407407407407
0.02,0.2,0.02,31,0.3066662012461688,15.333310062308438,0.3983460653745432,0.967741935483871,0.03225806451612903
0.02,0.2,0.03,23,0.2902584977060452,14.512924885302262,0.3568604645314061,0.9565217391304348,0
0.02,0.2,0.05,33,0.3835954597601857,19.179772988009287,0.5120183917852066,0.9696969696969697,0.06060606060606061
0.02,0.2,0.08,31,0.34993909122029987,17.49695456101499,0.48495077213020377,0.8387096774193549,0.10344827586206896
0.05,0.02,0.005,23,5.313996162076448,106.27992324152895,20.338907159682265,0.9130434782608695,0.045454545454545456
0.05,0.02,0.01,19,1.5801241018833219,31.602482037666437,2.169612290399916,0.9473684210526315,0.05263157894736842
0.05,0.05,0.005,23,0.7306990682122495,14.61398136424499,1.015242080426046,0.9565217391304348,0.043478260869565216
0.05,0.05,0.01,31,0.7721260463406746,15.442520926813492,0.9872791680964258,0.9354838709677419,0.06451612903225806
0.05,0.05,0.02,29,0.8317909864161057,16.635819728322115,1.1162449472296947,0.9655172413793104,0.034482758620689655
0.05,0.05,0.03,21,0.5558978674053807,11.117957348107614,0.8115026057134391,0.9523809523809523,0.047619047619047616
0.05,0.09,0.005,30,0.5333694478687074,10.667388957374147,0.6898803539423244,0.9,0.03571428571428571
0.05,0.09,0.01,24,0.49244004396092317,9.848800879218462,0.6292502219888371,1,0
0.05,0.09,0.02,28,0.6047056506400351,12.094113012800701,0.7742093733771317,0.8928571428571429,0.10714285714285714
0.05,0.09,0.03,27,0.6539860340417533,13.079720680835065,0.7848827571310518,0.8888888888888888,0.07692307692307693
0.05,0.09,0.05,31,0.4482268382493253,8.964536764986505,0.6251627174629969,0.8709677419354839,0.06896551724137931
0.05,0.09,0.08,30,0.36217060770464216,7.243412154092843,0.6397278378017942,0.9666666666666667,0.03333333333333333
0.05,0.15,0.005,24,0.39121985180751195,7.824397036150239,0.5309171970023742,0.9166666666666666,0.043478260869565216
0.05,0.15,0.01,24,0.4072851136040627,8.145702272081254,0.5036327896809741,0.9583333333333334,0.041666666666666664
0.05,0.15,0.02,32,0.2877350403229367,5.754700806458732,0.3605113276491716,0.9375,0
0.05,0.15,0.03,25,0.2797188403047298,5.594376806094596,0.3765828798761493,0.96,0
0.05,0.15,0.05,25,0.45665981201821265,9.133196240364253,0.6111879541584867,0.96,0.04
0.05,0.15,0.08,22,0.4568556301744016,9.137112603488031,0.6214549607619091,0.9090909090909091,0.09090909090909091
0.05,0.2,0.005,32,0.30960951228509076,6.192190245701815,0.4567130127197878,0.875,0.06666666666666667
0.05,0.2,0.01,27,0.39098686403793986,7.819737280758797,0.4993794518052498,0.8888888888888888,0.07692307692307693
0.05,0.2,0.02,28,0.4572517081805753,9.145034163611506,0.6127614716907283,0.9285714285714286,0.07142857142857142
0.05,0.2,0.03,26,0.32428058534857723,6.485611706971544,0.40636997861364293,0.9615384615384616,0
0.05,0.2,0.05,27,0.324659583201575,6.4931916640314995,0.4193693793205627,0.9259259259259259,0.07407407407407407
0.05,0.2,0.08,25,0.4204607935505076,8.40921587101015,0.5394540647850529,0.96,0.08
0.1,0.02,0.005,31,1.9503766649095629,19.503766649095628,3.6530965492067686,0.9032258064516129,0.0967741935483871
0.1,0.02,0.01,26,1.2978108830123078,12.978108830123077,1.8474584723426588,1,0
0.1,0.05,0.005,27,0.632268683051052,6.322686830510519,0.8076387603132884,1,0
0.1,0.05,0.01,32,0.9541487249767417,9.541487249767417,1.45974304347087,0.9375,0.0625
0.1,0.05,0.02,30,0.821719731637532,8.21719731637532,1.2315198453848815,0.8666666666666667,0.13333333333333333
0.1,0.05,0.03,26,0.5806725953529501,5.806725953529501,0.6968043521003421,1,0
0.1,0.09,0.005,27,0.4620602416721935,4.620602416721935,0.6480137096526702,0.9629629629629629,0.037037037037037035
0.1,0.09,0.01,30,0.625896793211106,6.2589679321110605,0.7921153791602027,0.9333333333333333,0.1
0.1,0.09,0.02,21,0.2695009477139946,2.6950094771399455,0.4336818349372017,0.9047619047619048,0
0.1,0.09,0.03,35,0.3727571830502379,3.727571830502379,0.588559467136442,0.9428571428571428,0.029411764705882353
0.1,0.09,0.05,26,0.6515680147436371,6.515680147436371,0.7730934926601328,0.9615384615384616,0.07692307692307693
0.1,0.09,0.08,24,0.5845483397618941,5.845483397618941,0.764291291601738,0.9583333333333334,0.08333333333333333
0.1,0.15,0.005,31,0.3912013386732048,3.9120133867320477,0.6097237989489496,0.9354838709677419,0.06451612903225806
0.1,0.15,0.01,30,0.3731832281262902,3.7318322812629017,0.5976748588035254,0.9333333333333333,0.13333333333333333
0.1,0.15,0.02,32,0.35354655147798175,3.5354655147798173,0.5112071517581065,0.9375,0.0625
0.1,0.15,0.03,34,0.424913682761712,4.24913682761712,0.6295026486827983,0.8823529411764706,0.11764705882352941
0.1,0.15,0.05,29,0.47304958295554267,4.7304958295554265,0.6121920984476652,0.9655172413793104,0.13793103448275862
0.1,0.15,0.08,27,0.4719013528670429,4.719013528670429,0.6829510736346281,0.8888888888888888,0.07692307692307693
0.1,0.2,0.005,35,0.3332170375403721,3.332170375403721,0.4264109813566603,1,0.05714285714285714
0.1,0.2,0.01,38,0.3611611968351723,3.6116119683517227,0.5098442205250786,0.9210526315789473,0.08108108108108109
0.1,0.2,0.02,28,0.22284779949044659,2.2284779949044657,0.36900569771797803,0.8571428571428571,0.07692307692307693
0.1,0.2,0.03,35,0.23898207072101751,2.389820707210175,0.3627508428310625,0.9428571428571428,0.029411764705882353
0.1,0.2,0.05,23,0.41865004769214836,4.186500476921483,0.5993771786872951,0.8260869565217391,0.22727272727272727
0.1,0.2,0.08,27,0.37117239070328345,3.7117239070328343,0.5179195282277105,0.8888888888888888,0.15384615384615385
0.2,0.02,0.005,34,1.3104309748833556,6.552154874416778,1.868891249887532,0.9411764705882353,0
0.2,0.02,0.01,33,1.3211170363488356,6.605585181744178,1.7956121779832908,0.9090909090909091,0.15151515151515152
0.2,0.05,0.005,26,0.45238238441701883,2.261911922085094,0.6524312424771522,1,0
0.2,0.05,0.01,34,0.8518043477336905,4.259021738668452,1.2419333605952232,0.9117647058823529,0.11764705882352941
0.2,0.05,0.02,26,0.6248561022381882,3.124280511190941,0.9027896093562418,0.9230769230769231,0.07692307692307693
0.2,0.05,0.03,34,0.7853535984543374,3.926767992271687,1.2391073408435942,0.9705882352941176,0.058823529411764705
0.2,0.09,0.005,30,0.25606100653656483,1.2803050326828243,0.4038311411737204,1,0
0.2,0.09,0.01,28,0.48123360684267213,2.4061680342133607,0.7178125451079471,0.8571428571428571,0.14814814814814814
0.2,0.09,0.02,23,0.5471137698449036,2.7355688492245176,0.8229323672384938,0.9130434782608695,0.13043478260869565
0.2,0.09,0.03,25,0.43457273447140776,2.172863672357039,0.7443157267519624,0.92,0.125
0.2,0.09,0.05,34,0.5200831016136567,2.600415508068283,0.8572087613404865,0.9117647058823529,0.12121212121212122
0.2,0.09,0.08,28,0.5791779472549443,2.8958897362747216,0.780795950978356,0.9285714285714286,0.10714285714285714
0.2,0.15,0.005,34,0.30519541082964435,1.5259770541482218,0.46994500750015605,0.9705882352941176,0.09090909090909091
0.2,0.15,0.01,33,0.3159150491409995,1.5795752457049974,0.4793159171292181,0.9696969696969697,0.09090909090909091
0.2,0.15,0.02,33,0.2999566536993388,1.499783268496694,0.41168887399919185,1,0
0.2,0.15,0.03,27,0.43302516528911483,2.165125826445574,0.6099078148146289,0.9629629629629629,0.07407407407407407
0.2,0.15,0.05,27,0.420584962058953,2.102924810294765,0.6265666801557694,0.9259259259259259,0.14814814814814814
0.2,0.15,0.08,30,0.3828850557794615,1.9144252788973075,0.5596491022503548,0.9666666666666667,0.1
0.2,0.2,0.005,36,0.21611181262098453,1.0805590631049227,0.4059300076155817,0.9166666666666666,0.11764705882352941
0.2,0.2,0.01,34,0.297475832589303,1.4873791629465147,0.4691120758078273,0.9411764705882353,0.11764705882352941
0.2,0.2,0.02,36,0.2479499150586501,1.2397495752932504,0.42640418893508186,1,0.1388888888888889
0.2,0.2,0.03,38,0.2799014622110375,1.3995073110551874,0.4595885729763491,0.9210526315789473,0.10810810810810811
0.2,0.2,0.05,36,0.3309871955521304,1.6549359777606518,0.49520172433847515,0.9444444444444444,0.16666666666666666
0.2,0.2,0.08,39,0.2619951890954898,1.3099759454774489,0.3977300682525843,0.9743589743589743,0.05128205128205128
0.4,0.02,0.005,36,0.8756535140497991,2.1891337851244974,1.3732227041798604,0.9444444444444444,0.029411764705882353
0.4,0.02,0.01,28,1.3427285212594748,3.356821303148687,2.6272316863152034,1,0
0.4,0.05,0.005,32,0.3765882751304686,0.9414706878261715,0.8339963761131108,0.96875,0.03125
0.4,0.05,0.01,38,0.661012386216353,1.6525309655408824,0.9597885697402044,0.868421052631579,0.1388888888888889
0.4,0.05,0.02,35,0.3831159921175496,0.957789980293874,0.9139037949388578,0.9142857142857143,0.14705882352941177
0.4,0.05,0.03,34,0.3638158821590276,0.9095397053975689,0.6930046863088184,0.9705882352941176,0.09090909090909091
0.4,0.09,0.005,35,0.39406505431068184,0.9851626357767045,0.6809443963365147,0.9142857142857143,0.14285714285714285
0.4,0.09,0.01,39,0.3544573319281905,0.8861433298204762,0.6160302032680643,0.9743589743589743,0.07894736842105263
0.4,0.09,0.02,38,0.23079450711720256,0.5769862677930063,0.5543462781769696,0.9736842105263158,0.10526315789473684
0.4,0.09,0.03,34,0.3807494882798279,0.9518737206995698,0.7310003593511725,0.9411764705882353,0.11764705882352941
0.4,0.09,0.05,37,0.313848779157399,0.7846219478934974,0.6173739460713608,0.972972972972973,0.08108108108108109
0.4,0.09,0.08,32,0.33558909018934324,0.838972725473358,0.6447526359262248,0.90625,0.16666666666666666
0.4,0.15,0.005,38,0.24974861774911014,0.6243715443727753,0.49027090774324933,0.9736842105263158,0.21052631578947367
0.4,0.15,0.01,35,0.19929943791965413,0.49824859479913536,0.5029142239172424,0.9714285714285714,0.17142857142857143
0.4,0.15,0.02,42,0.30352590955075487,0.7588147738768871,0.497205026678338,1,0.19047619047619047
0.4,0.15,0.03,42,0.279592351675992,0.69898087918998,0.4708442149821419,1,0.16666666666666666
0.4,0.15,0.05,38,0.20733049108604046,0.5183262277151012,0.4410321332917957,0.9736842105263158,0.13513513513513514
0.4,0.15,0.08,36,0.3043631633302351,0.7609079083255877,0.5581034031303626,0.9444444444444444,0.19444444444444445
0.4,0.2,0.005,44,0.20341726505984617,0.5085431626496154,0.472486807131629,0.9318181818181818,0.20454545454545456
0.4,0.2,0.01,41,0.21669024509718235,0.5417256127429558,0.47376602185937866,0.926829268292683,0.1951219512195122
0.4,0.2,0.02,43,0.10114804887253621,0.2528701221813405,0.398044387775686,0.9302325581395349,0.125
0.4,0.2,0.03,39,0.17892607825732612,0.44731519564331534,0.4235808829149598,0.9743589743589743,0.21052631578947367
0.4,0.2,0.05,41,0.2824392488410517,0.7060981221026292,0.46517972244181544,0.975609756097561,0.2926829268292683
0.4,0.2,0.08,43,0.10507827585661751,0.2626956896415438,0.30460652715538833,1,0.06976744186046512
