coef_dist,coef_dist_se,hrr,eta,converged,log_like,coef_m,coef_m_se,patients,pcp_total,spec_total,mean_choice_size,mean_spec_failures,mean_pair_failures,mean_pcp_failures,spec_hhi,mean_vi,rho,tot_spec,tot_pcp
-.06622561,.00179717,1,1,1,-16708.45,.30061143,.1517304,7974,674,400,11.05142,22.0148,.5583107,3.027735,.0396767,.0385001,.8726562,163,563
-.06621837,.00179698,1,5,1,-16708.42,.67360436,.331668,7974,674,400,11.05142,22.0148,.5583107,3.027735,.0396767,.0385001,.8726562,163,563
-.07300193,.00493784,2,1,1,-4633.394,.10637676,.2868132,2815,171,150,14.74565,31.2254,.6542011,4.67263,.4367813,.0024867,.8857279,44,121
-.07299432,.00493448,2,5,1,-4633.321,.31030757,.5838897,2815,171,150,14.74565,31.2254,.6542011,4.67263,.4367813,.0024867,.8857279,44,121
-.07926209,.00648309,5,1,1,-6122.622,.35626203,.2845489,3197,273,174,10.45261,37.54563,.4846566,2.439769,.3788719,.0043791,.8902119,84,225
-.07928757,.00648836,5,5,1,-6122.906,.65308847,.6367112,3197,273,174,10.45261,37.54563,.4846566,2.439769,.3788719,.0043791,.8902119,84,225
-.07050373,.0039671,6,1,1,-7112.18,0,0,3958,295,214,11.69429,17.10228,.4364785,2.963237,.17748,.0141486,.8878747,62,237
-.07050143,.00396971,6,5,1,-7112.241,0,0,3958,295,214,11.69429,17.10228,.4364785,2.963237,.17748,.0141486,.8878747,62,237
-.04801487,.00362237,7,1,1,-3221.206,1.59e-114,0,1868,164,138,12.21306,18.208,.388983,2.626214,.223802,.0240899,.8977326,64,131
-.0480195,.00361679,7,5,1,-3221.21,,,1868,164,138,12.21306,18.208,.388983,2.626214,.223802,.0240899,.8977326,64,131
-.19300678,.03676152,9,1,1,-217.5457,2.3782125,1.3986,149,49,51,5.18792,18.21088,.368421,2.489796,.1229224,.0536913,.8896323,36,41
-.19592594,.03732372,9,5,1,-217.4525,5.7931114,2.956568,149,49,51,5.18792,18.21088,.368421,2.489796,.1229224,.0536913,.8896323,36,41
-.05135931,.00447893,10,1,1,-1593.892,.88410702,.3936842,1699,266,284,9.894644,19.01602,.4123435,2.08773,.11061,.0370806,.8875946,28,83
-.05131545,.00449005,10,5,1,-1594.551,1.477048,.8482915,1699,266,284,9.894644,19.01602,.4123435,2.08773,.11061,.0370806,.8875946,28,83
-.05918436,.00668627,11,1,1,-10711.95,1.427e-20,6.69e-18,6300,602,367,19.20572,26.46061,.568403,5.300909,.1421855,.0114286,.8984973,90,375
-.05919561,.00669362,11,5,1,-10711.95,,,6300,602,367,19.20572,26.46061,.568403,5.300909,.1421855,.0114286,.8984973,90,375
-.06555899,.00975536,14,1,1,-8304.85,0,0,3600,420,258,13.85472,33.09129,.5878151,4.163976,.2445769,.0175,.8988599,81,311
-.0655544,.00974841,14,5,1,-8305.058,,,3600,420,258,13.85472,33.09129,.5878151,4.163976,.2445769,.0175,.8988599,81,311
-.03618112,.00249016,15,1,1,-6377.457,.73691402,.3198847,4608,364,288,10.82834,28.67045,.3900929,2.319511,.2072553,.0405816,.9064314,25,218
-.03624534,.00249739,15,5,1,-6377.366,1.5987298,.7483195,4608,364,288,10.82834,28.67045,.3900929,2.319511,.2072553,.0405816,.9064314,25,218
-.04728983,.00475767,16,1,1,-3895.538,.09797909,.3642571,2026,182,134,11.10266,21.48737,.4808415,2.655275,.2472892,.2729516,.8912866,53,138
-.047308,.00475056,16,5,1,-3895.577,0,0,2026,182,134,11.10266,21.48737,.4808415,2.655275,.2472892,.2729516,.8912866,53,138
-.05173826,.00898908,18,1,1,-2115.379,0,0,1445,92,84,9.829758,20.94653,.5182872,2.830555,.3223462,.2574394,.8934417,31,78
-.05174609,.00898883,18,5,1,-2115.447,,,1445,92,84,9.829758,20.94653,.5182872,2.830555,.3223462,.2574394,.8934417,31,78
-.06073983,.00210914,19,1,1,-19927.94,0,0,10718,582,289,12.6838,33.54679,.52513,2.798798,.0859526,.0841575,.890951,114,497
-.06074554,.00211347,19,5,1,-19928.13,0,0,10718,582,289,12.6838,33.54679,.52513,2.798798,.0859526,.0841575,.890951,114,497
-.06412703,.00607514,21,1,1,-2608.971,.46115295,.4579913,2972,243,165,8.068641,32.29871,.7176109,2.135455,.221752,.1813594,.8999118,51,174
-.06417962,.00609343,21,5,1,-2609.186,.79819646,1.17962,2972,243,165,8.068641,32.29871,.7176109,2.135455,.221752,.1813594,.8999118,51,174
-.03681575,.00735843,22,1,1,-1697.664,1.0816693,.4081968,1206,124,129,12.20813,26.4746,.3455233,2.75624,.2385626,.2852405,.8666135,31,87
-.03671598,.00737643,22,5,1,-1698.486,2.2778798,.9824526,1206,124,129,12.20813,26.4746,.3455233,2.75624,.2385626,.2852405,.8666135,31,87
-.11675665,.00516521,23,1,1,-10478.42,0,0,5671,501,344,10.08447,23.67465,.4422151,1.894159,.1335274,.0774114,.9264475,116,392
-.11676609,.00516549,23,5,1,-10478.58,,,5671,501,344,10.08447,23.67465,.4422151,1.894159,.1335274,.0774114,.9264475,116,392
-.04814463,.00333167,25,1,1,-4584.793,.61771917,.3576628,3242,209,204,12.58267,22.43335,.4206212,2.532488,.092399,.0271437,.9098133,58,153
-.04811288,.00334082,25,5,1,-4586.136,.75317269,.7638728,3242,209,204,12.58267,22.43335,.4206212,2.532488,.092399,.0271437,.9098133,58,153
-.0377561,.0046185,31,1,1,-2832.305,,,2110,127,124,10.53649,26.0823,.7497056,3.602094,.2369803,.0492891,.8943369,39,99
-.0377561,.0046185,31,5,1,-2832.305,,,2110,127,124,10.53649,26.0823,.7497056,3.602094,.2369803,.0492891,.8943369,39,99
-.07500022,.00485125,33,1,1,-5720.402,.2024215,.4276121,3105,282,176,10.0219,28.53652,.375,2.044251,.292503,.0866345,.9212126,73,219
-.07499715,.00486827,33,5,1,-5720.605,0,0,3105,282,176,10.0219,28.53652,.375,2.044251,.292503,.0866345,.9212126,73,219
-.06108613,.00536437,43,1,1,-4926.893,.3034157,.3743699,3063,210,147,10.43226,31.62152,.3690795,2.078181,.4532851,.029383,.9160314,33,172
-.06107155,.00536072,43,5,1,-4926.802,.72447949,.8771508,3063,210,147,10.43226,31.62152,.3690795,2.078181,.4532851,.029383,.9160314,33,172
-.13329992,.00365808,56,1,1,-23488.87,.01751673,.1638558,12863,955,535,9.212858,38.9764,.6467373,2.216669,.0293402,.0289979,.902185,169,786
-.13330042,.00365822,56,5,1,-23488.77,0,0,12863,955,535,9.212858,38.9764,.6467373,2.216669,.0293402,.0289979,.902185,169,786
-.06300029,.00396583,58,1,1,-5540.512,.27799661,.3097493,3302,239,217,11.98244,21.04807,.5113537,2.312842,.0567536,.1926105,.9039915,92,192
-.06292874,.00396653,58,5,1,-5540.903,0,0,3302,239,217,11.98244,21.04807,.5113537,2.312842,.0567536,.1926105,.9039915,92,192
-.02893946,.00365658,62,1,1,-1451.934,.16331058,.6379642,1112,139,116,7.988309,27.48148,.8152562,2.480543,.184841,.0305755,.9148552,53,93
-.02888319,.00370202,62,5,1,-1451.96,,,1112,139,116,7.988309,27.48148,.8152562,2.480543,.184841,.0305755,.9148552,53,93
-.05198388,.0051404,65,1,1,-3879.027,,,2092,282,172,7.819312,20.94511,.3400143,1.470504,.0765865,.040631,.9219502,74,225
-.05198388,.0051404,65,5,1,-3879.027,,,2092,282,172,7.819312,20.94511,.3400143,1.470504,.0765865,.040631,.9219502,74,225
-.0610204,.00965827,69,1,1,-2401.594,.35061084,.3577412,1948,204,164,8.235626,28.05003,.5827489,2.738009,.3891745,.0087269,.9089514,25,125
-.06108191,.00965584,69,5,1,-2401.887,.43888102,.7557688,1948,204,164,8.235626,28.05003,.5827489,2.738009,.3891745,.0087269,.9089514,25,125
-.05098988,.00502486,73,1,1,-3610.554,.76925773,.334033,2718,137,165,12.97241,22.76229,.465007,3.340859,.1081291,.080206,.9059179,23,72
-.05100478,.00501851,73,5,1,-3609.788,1.6836982,.7091602,2718,137,165,12.97241,22.76229,.465007,3.340859,.1081291,.080206,.9059179,23,72
-.06131537,.00233157,77,1,1,-18098.12,.10819558,.2102965,9013,621,405,12.74958,20.02534,.4210872,2.491314,.0559338,.1900588,.9127458,136,473
-.06131723,.00233162,77,5,1,-18098.28,.0667748,.5143787,9013,621,405,12.74958,20.02534,.4210872,2.491314,.0559338,.1900588,.9127458,136,473
-.07027647,.00601086,78,1,1,-2842.98,,,1904,125,112,11.24632,28.86649,.4706289,2.645943,.1696467,.039916,.9129474,41,101
-.07027647,.00601086,78,5,1,-2842.98,,,1904,125,112,11.24632,28.86649,.4706289,2.645943,.1696467,.039916,.9129474,41,101
-.05939511,.0037793,79,1,1,-3429.902,0,0,2295,365,320,8.107625,16.80705,.6108727,2.237073,.0448737,.124183,.8896798,128,265
-.05939482,.00378088,79,5,1,-3429.913,.00047524,.1538176,2295,365,320,8.107625,16.80705,.6108727,2.237073,.0448737,.124183,.8896798,128,265
-.07874195,.00376289,80,1,1,-12631.67,.52290567,.2542426,6719,579,376,9.996428,17.23513,.4535762,1.817801,.0590421,.1739842,.9168507,109,442
-.07874385,.00376233,80,5,1,-12632.28,1.0445741,.6185194,6719,579,376,9.996428,17.23513,.4535762,1.817801,.0590421,.1739842,.9168507,109,442
-.12836999,.00931292,81,1,1,-5966.693,.58209164,.3677347,3021,316,207,11.78616,17.09188,.324449,2.163,.1035033,.0334326,.9179432,90,258
-.12841035,.00932205,81,5,1,-5967.389,.97556922,.862924,3021,316,207,11.78616,17.09188,.324449,2.163,.1035033,.0334326,.9179432,90,258
-.07250574,.00758266,82,1,1,-5461.783,.31959394,.3939508,2917,281,179,10.2434,25.77935,.3590957,1.875774,.0775207,.1258142,.9135098,68,218
-.07255683,.00758795,82,5,1,-5461.453,.97952225,.9612958,2917,281,179,10.2434,25.77935,.3590957,1.875774,.0775207,.1258142,.9135098,68,218
-.05625157,.00495619,83,5,1,-2697.472,,,2011,160,132,9.802586,15.997,.3290627,1.851648,.1935968,.0417703,.9318573,23,114
-.06025036,.00652377,85,1,1,-3681.545,0,0,2060,229,133,8.798544,31.55474,.3277193,1.720195,.1750627,.2111651,.9227112,59,191
-.06027465,.00652352,85,5,1,-3681.596,,,2060,229,133,8.798544,31.55474,.3277193,1.720195,.1750627,.2111651,.9227112,59,191
-.06360452,.00371719,86,1,1,-4597.349,.17065796,.3346521,2999,186,108,9.794265,18.56678,.4433476,2.04396,.1145422,.174058,.923167,32,159
-.06362071,.00372324,86,5,1,-4597.167,.55187157,.670745,2999,186,108,9.794265,18.56678,.4433476,2.04396,.1145422,.174058,.923167,32,159
-.06103164,.01705969,87,1,1,-2893.442,.00137242,.1718341,1393,116,113,10.59009,24.6633,.2903907,1.768898,.2215616,.3194544,.9120719,56,96
-.06103397,.01705073,87,5,1,-2893.439,.0841901,.9783413,1393,116,113,10.59009,24.6633,.2903907,1.768898,.2215616,.3194544,.9120719,56,96
-.07800999,.00668932,89,1,1,-3870.854,.28525222,.3843404,2153,169,129,10.89178,17.00513,.4018146,2.035415,.1298438,.1114724,.9263889,57,126
-.07796264,.0066844,89,5,1,-3870.973,.41320713,.7310392,2153,169,129,10.89178,17.00513,.4018146,2.035415,.1298438,.1114724,.9263889,57,126
-.03651893,.00482359,91,1,1,-3048.616,1.0727734,.505667,1759,188,151,10.91416,21.74072,.3740522,2.819738,.0934711,.2211484,.9054496,78,152
-.03656115,.0048304,91,5,1,-3048.052,2.5780971,1.148014,1759,188,151,10.91416,21.74072,.3740522,2.819738,.0934711,.2211484,.9054496,78,152
-.0452223,.00377051,96,1,1,-6823.354,7.770e-44,0,3310,311,182,11.28852,22.98842,.4129663,2.028259,.1079693,.0129909,.9147258,82,278
-.04521918,.00376957,96,5,1,-6823.358,,,3310,311,182,11.28852,22.98842,.4129663,2.028259,.1079693,.0129909,.9147258,82,278
-.08126368,.01252893,101,1,1,-1807.062,,,1101,132,114,9.49228,15.12477,.398293,1.982633,.1566778,.1298819,.9208864,48,97
-.08126368,.01252893,101,5,1,-1807.062,,,1101,132,114,9.49228,15.12477,.398293,1.982633,.1566778,.1298819,.9208864,48,97
-.03769322,.00330467,104,1,1,-3260.467,.70710691,.4779764,2257,206,148,9.907843,45.1361,.5461493,2.617411,.492412,.0948161,.9146168,47,144
-.03769299,.00329192,104,5,1,-3261.347,1.0549122,1.016866,2257,206,148,9.907843,45.1361,.5461493,2.617411,.492412,.0948161,.9146168,47,144
-.06473263,.00389396,105,1,1,-2057.061,.00638251,.3063377,2161,213,172,7.453031,12.53997,.257329,1.199252,.1597764,.0522906,.9345601,27,129
-.0647326,.00389364,105,5,1,-2057.061,.01264334,1.13818,2161,213,172,7.453031,12.53997,.257329,1.199252,.1597764,.0522906,.9345601,27,129
-.05185809,.00648845,106,1,1,-3607.058,2.147e-48,0,1995,213,137,9.609022,35.5139,.4705046,2.661119,.3712386,.1598998,.9038889,53,171
-.05192249,.00649739,106,5,1,-3606.939,.39119542,.84894,1995,213,137,9.609022,35.5139,.4705046,2.661119,.3712386,.1598998,.9038889,53,171
-.03765041,.01034851,107,1,1,-2575.882,.12666987,.3268122,1302,96,104,13.70507,16.33385,.4135071,2.972179,.1383149,.109063,.8892753,32,68
-.03765863,.01036268,107,5,1,-2575.929,.09459823,.6591434,1302,96,104,13.70507,16.33385,.4135071,2.972179,.1383149,.109063,.8892753,32,68
-.09843448,.00570121,109,5,1,-5775.975,,,3146,332,241,10.15099,26.94592,.5026764,2.388765,.1119827,.0104895,.9089001,113,269
-.11422017,.00397579,110,1,1,-13829.11,,,6564,648,373,9.292353,28.99509,.4501379,2.265962,.1227582,.0457038,.893467,139,539
-.11422017,.00397579,110,5,1,-13829.11,,,6564,648,373,9.292353,28.99509,.4501379,2.265962,.1227582,.0457038,.893467,139,539
-.1226413,.0035983,111,1,1,-16643.75,.36395305,.167074,8250,743,392,9.322424,29.64171,.4999138,2.573238,.0793108,.0252121,.891109,167,640
-.12262773,.00359893,111,5,1,-16644.69,.63235129,.3583615,8250,743,392,9.322424,29.64171,.4999138,2.573238,.0793108,.0252121,.891109,167,640
-.05722214,.00326899,112,1,1,-16659.58,.04637748,.2029417,7012,461,270,12.17855,45.09106,.4661262,2.835463,.2742204,.0085568,.906777,158,414
-.05723096,.00326699,112,5,1,-16659.57,0,0,7012,461,270,12.17855,45.09106,.4661262,2.835463,.2742204,.0085568,.906777,158,414
-.06977841,.00298136,113,1,1,-27479.35,.30052167,.1570799,11938,1049,622,11.22399,29.6123,.4871994,2.547049,.0746205,.0214441,.9048451,233,888
-.06979047,.00298259,113,5,1,-27478.32,.80808461,.3367695,11938,1049,622,11.22399,29.6123,.4871994,2.547049,.0746205,.0214441,.9048451,233,888
-.0688891,.00989506,115,1,1,-5169.382,.27925299,.242982,3031,351,210,9.415375,47.2606,.5502622,3.319417,.4182936,.0280435,.8996788,47,248
-.06890534,.0098912,115,5,1,-5169.662,.39187116,.4888178,3031,351,210,9.415375,47.2606,.5502622,3.319417,.4182936,.0280435,.8996788,47,248
-.06889246,.00785799,116,5,1,-6150.002,,,3137,414,269,9.539369,38.31186,.5824338,2.884123,.3033585,.0290086,.8910608,69,282
-.08793463,.00302807,118,1,1,-27406.72,.05986767,.1411162,13756,1435,961,14.37656,39.77007,.5366399,3.528373,.0634974,.0327857,.8937355,93,769
-.08793324,.00302817,118,5,1,-27406.76,.09535717,.3035815,13756,1435,961,14.37656,39.77007,.5366399,3.528373,.0634974,.0327857,.8937355,93,769
-.09847583,.00210886,119,1,1,-33418.22,.22144136,.1119912,15739,1794,1131,14.13489,56.67555,.66546,4.437416,.0550641,.0534977,.9001724,99,995
-.09847954,.00210958,119,5,1,-33419.39,.26379066,.2413197,15739,1794,1131,14.13489,56.67555,.66546,4.437416,.0550641,.0534977,.9001724,99,995
-.07056472,.00578519,120,1,1,-4703.417,.31712435,.2824149,3253,331,186,9.925607,35.58636,.572165,2.901943,.3852161,.070704,.8932745,70,254
-.07049727,.00578188,120,5,1,-4703.938,.27764318,.6614792,3253,331,186,9.925607,35.58636,.572165,2.901943,.3852161,.070704,.8932745,70,254
-.0984877,.00531008,122,1,1,-6152.617,0,0,2786,338,270,10.09368,27.71701,.6546142,3.06765,.0883028,.0412778,.8776525,70,243
-.09849758,.00530554,122,5,1,-6152.677,,,2786,338,270,10.09368,27.71701,.6546142,3.06765,.0883028,.0412778,.8776525,70,243
-.07288889,.00302666,123,1,1,-20908.99,.01123212,.1236582,10751,722,423,12.20724,61.82333,.6698607,3.476906,.1796653,.0747837,.8852943,85,507
-.07288996,.00302641,123,5,1,-20908.99,.02696727,.2740455,10751,722,423,12.20724,61.82333,.6698607,3.476906,.1796653,.0747837,.8852943,85,507
-.06468449,.00795535,124,1,1,-3136.772,.34634154,.3299483,1727,221,176,8.898668,39.3774,.5628931,2.941176,.4365963,.5732484,.8759016,62,158
-.06469767,.00795597,124,5,1,-3137.176,.31877769,.6756041,1727,221,176,8.898668,39.3774,.5628931,2.941176,.4365963,.5732484,.8759016,62,158
-.10584051,.00891951,127,1,1,-2140.097,.85527717,.5876467,2015,415,425,8.721092,24.65217,.477293,2.044776,.0711259,.0307692,.9077257,54,165
-.10587923,.00893019,127,5,1,-2140.733,1.320787,1.563106,2015,415,425,8.721092,24.65217,.477293,2.044776,.0711259,.0307692,.9077257,54,165
-.07255083,.00333239,129,1,1,-11516.96,.14624304,.212494,8215,676,506,14.26086,45.63042,.636153,4.339766,.0905864,.0116859,.8976577,108,390
-.07253324,.00333445,129,5,1,-11517.24,.07723905,.4248632,8215,676,506,14.26086,45.63042,.636153,4.339766,.0905864,.0116859,.8976577,108,390
-.07770393,.00208013,130,1,1,-33644.82,.22676848,.1251384,19003,1858,1311,11.69326,36.0116,.7346767,3.678123,.0226477,.0479924,.8905231,220,1120
-.07770918,.00208103,130,5,1,-33644.64,.47309203,.2601576,19003,1858,1311,11.69326,36.0116,.7346767,3.678123,.0226477,.0479924,.8905231,220,1120
-.06229365,.00345249,131,1,1,-6345.654,.75098186,.3389776,3964,347,280,13.95787,27.0754,.5529287,3.416307,.1198514,.0953582,.9067987,66,214
-.06223811,.00345873,131,5,1,-6345.496,1.5431161,.6434926,3964,347,280,13.95787,27.0754,.5529287,3.416307,.1198514,.0953582,.9067987,66,214
-.04406933,.00629617,133,1,1,-1753.158,4.52e-126,0,1552,131,154,10.33763,36.59327,.8443114,3.197156,.3461455,.0393041,.8753764,38,84
-.04405576,.00630754,133,5,1,-1753.162,,,1552,131,154,10.33763,36.59327,.8443114,3.197156,.3461455,.0393041,.8753764,38,84
-.07962026,.00295574,134,1,1,-8302.273,.21726338,.1952737,5487,443,317,11.88227,22.85281,.5,3.345878,.0999402,.126663,.8890252,62,261
-.07960518,.00295591,134,5,1,-8302.53,.34152285,.4531156,5487,443,317,11.88227,22.85281,.5,3.345878,.0999402,.126663,.8890252,62,261
-.11684432,.00533236,137,5,1,-16712.59,,,7788,816,550,13.21225,48.90818,.553413,3.537261,.1758663,.0387776,.913891,80,510
-.03206817,.01314421,139,1,1,-3599.284,.34877171,.3108534,1812,290,205,9.01766,25.84275,.4821592,2.823627,.2535245,.0248344,.8769396,53,193
-.03216935,.01315549,139,5,1,-3599.521,.63307037,.7946237,1812,290,205,9.01766,25.84275,.4821592,2.823627,.2535245,.0248344,.8769396,53,193
-.08545278,.00605872,140,1,1,-2268.74,,,2464,221,173,8.787744,18.80607,.6393443,3.006953,.142137,.03125,.8952862,44,149
-.08545278,.00605872,140,5,1,-2268.74,,,2464,221,173,8.787744,18.80607,.6393443,3.006953,.142137,.03125,.8952862,44,149
-.07770967,.00438577,141,1,1,-7474.345,0,0,3891,479,362,11.19841,31.61756,.4681892,2.696225,.2501926,.1369828,.8899305,97,334
-.07771196,.00438297,141,5,1,-7474.45,,,3891,479,362,11.19841,31.61756,.4681892,2.696225,.2501926,.1369828,.8899305,97,334
-.01501404,.00770417,142,1,1,-546.7382,1.8992026,1.177393,708,65,74,10.58051,31.79399,.3961039,2.376956,.1973611,.1101695,.8776349,29,48
-.0153639,.00783165,142,5,1,-546.6072,4.1328357,2.513624,708,65,74,10.58051,31.79399,.3961039,2.376956,.1973611,.1101695,.8776349,29,48
-.07915666,.0021334,144,1,1,-42712.81,.34924505,.1434929,18566,1270,726,11.95432,26.47047,.4031224,2.274353,.0813143,.0365722,.9071889,221,1000
-.07917642,.00213425,144,5,1,-42712.15,.82685312,.3416504,18566,1270,726,11.95432,26.47047,.4031224,2.274353,.0813143,.0365722,.9071889,221,1000
-.09136891,.00503365,145,1,1,-6488.046,.28184602,.2546694,3173,225,175,12.45698,17.43531,.3712785,2.869427,.2815811,.0135518,.9068937,57,178
-.09133792,.00502455,145,5,1,-6488.639,.21819773,.5953987,3173,225,175,12.45698,17.43531,.3712785,2.869427,.2815811,.0135518,.9068937,57,178
-.06651619,.01312968,146,1,1,-3152.067,0,0,1869,126,75,10.71215,36.62413,.5870166,3.689451,.4331329,.0053505,.8970761,24,103
-.05015886,.00297045,147,1,1,-3692.399,.03002008,.318972,2384,227,192,10.04866,23.27738,.466199,2.458564,.1591201,.0192953,.8996856,78,187
-.09273919,.00596749,148,1,1,-2876.327,.55888552,.3128083,1504,161,122,9.489362,22.8191,.6973214,3.499665,.2707143,.2573138,.8716896,75,143
-.0928039,.00597196,148,5,1,-2876.738,1.0361879,.6932726,1504,161,122,9.489362,22.8191,.6973214,3.499665,.2707143,.2573138,.8716896,75,143
-.04165395,.00304666,149,1,1,-7366.305,.24688615,.2311854,4999,346,305,11.47309,35.26285,.675,3.449678,.1698469,.0784157,.9024804,46,209
-.04163041,.00304528,149,5,1,-7366.552,.37603089,.4897247,4999,346,305,11.47309,35.26285,.675,3.449678,.1698469,.0784157,.9024804,46,209
-.05857023,.00437342,151,1,1,-4780.068,.11073501,.2915987,3056,270,192,10.23298,14.92105,.4576271,2.37311,.1487024,.3275523,.9009904,39,197
-.06372436,.0054528,152,1,1,-2332.961,,,1262,96,81,10.97861,9.215608,.4164905,2.594226,.0916225,.0198098,.9061006,19,67
-.06372436,.0054528,152,5,1,-2332.961,,,1262,96,81,10.97861,9.215608,.4164905,2.594226,.0916225,.0198098,.9061006,19,67
-.02737271,.01164928,154,1,1,-2293.329,.08409718,.4873564,1484,244,131,6.493935,32.83685,.7771689,2.688391,.128817,.2486523,.9061968,76,201
-.02763688,.01162738,154,5,1,-2293.137,.5786218,.8732108,1484,244,131,6.493935,32.83685,.7771689,2.688391,.128817,.2486523,.9061968,76,201
-.06950115,.00507825,155,1,1,-14173.37,0,0,5345,543,280,12.13901,35.70171,.668941,3.467781,.0706084,.053508,.8746015,155,487
-.10908409,.00478328,156,1,1,-9901.44,.30202831,.2511003,3834,731,319,6.149452,35.20556,.5018821,2.280702,.1044222,.1356286,.8881692,169,660
-.10911407,.00478298,156,5,1,-9901.261,.73291636,.5421631,3834,731,319,6.149452,35.20556,.5018821,2.280702,.1044222,.1356286,.8881692,169,660
-.07655317,.00423438,158,1,1,-9789.84,.33093742,.2666154,4748,655,317,10.25358,31.46312,.6135537,2.631479,.0925746,.0494945,.9037908,153,533
-.076535,.0042322,158,5,1,-9790.359,.45660318,.5911977,4748,655,317,10.25358,31.46312,.6135537,2.631479,.0925746,.0494945,.9037908,153,533
-.055932,.0037203,161,1,1,-20158.67,,,7853,699,306,11.15064,39.37155,.4568041,2.535181,.3854575,.1049281,.9076349,140,626
-.055932,.0037203,161,5,1,-20158.67,,,7853,699,306,11.15064,39.37155,.4568041,2.535181,.3854575,.1049281,.9076349,140,626
-.09811211,.01030505,163,1,1,-7661.993,.15399259,.2798894,3161,433,214,9.274913,30.74713,.537997,2.875996,.2089237,.2603607,.8989275,113,366
-.09816654,.0103085,163,5,1,-7662.16,.0552655,.6809655,3161,433,214,9.274913,30.74713,.537997,2.875996,.2089237,.2603607,.8989275,113,366
-.07310042,.00510069,164,1,1,-8778.412,.21120702,.2217005,4112,609,299,9.303745,30.59099,.7924099,3.372554,.115218,.0744163,.8791265,147,502
-.07311253,.00509982,164,5,1,-8778.588,.33204543,.4825025,4112,609,299,9.303745,30.59099,.7924099,3.372554,.115218,.0744163,.8791265,147,502
-.14089966,.00473661,166,1,1,-17521.21,.43167734,.2069119,6726,841,378,9.97755,30.96654,.6311927,2.776763,.0731936,.2276241,.8978431,176,746
-.14093823,.00473678,166,5,1,-17521.88,.79595138,.468481,6726,841,378,9.97755,30.96654,.6311927,2.776763,.0731936,.2276241,.8978431,176,746
-.08412981,.00385618,170,1,1,-8688.834,.0541338,.2449161,4729,346,230,10.7731,32.53447,.8545155,3.403826,.1824092,.2180165,.8984025,89,292
-.08413901,.00385688,170,5,1,-8688.863,,,4729,346,230,10.7731,32.53447,.8545155,3.403826,.1824092,.2180165,.8984025,89,292
-.07278522,.00255306,171,1,1,-9383.243,.26295672,.2281814,5386,519,316,9.551059,28.19357,.8360738,3.059791,.1493839,.2695878,.8969237,149,440
-.07278875,.00255327,171,5,1,-9383.629,.38977445,.5062529,5386,519,316,9.551059,28.19357,.8360738,3.059791,.1493839,.2695878,.8969237,149,440
-.06952602,.00305692,172,1,1,-5091.563,,,4372,405,267,9.646615,24.16543,.6546698,3.439436,.1079793,.1349497,.8926806,114,297
-.06952602,.00305692,172,5,1,-5091.563,,,4372,405,267,9.646615,24.16543,.6546698,3.439436,.1079793,.1349497,.8926806,114,297
-.0411186,.00271966,173,1,1,-2674.186,.41534561,.3131373,1679,222,176,8.722454,20.24041,.7005742,2.979641,.1301631,.4860036,.8745469,77,181
-.04111926,.00272147,173,5,1,-2674.337,.78873059,.6694827,1679,222,176,8.722454,20.24041,.7005742,2.979641,.1301631,.4860036,.8745469,77,181
-.05669974,.0072377,175,1,1,-2325.162,,,1387,103,84,9.149964,14.98479,.4680851,2.661103,.3396837,.1824081,.9005198,27,82
-.05669974,.0072377,175,5,1,-2325.162,,,1387,103,84,9.149964,14.98479,.4680851,2.661103,.3396837,.1824081,.9005198,27,82
-.07746783,.00404346,179,1,1,-10204.92,.17703393,.1834539,4958,336,250,12.06091,22.07669,.4337418,2.894716,.2236769,.0699879,.8943921,85,266
-.07746365,.00404545,179,5,1,-10204.91,.406345,.4121326,4958,336,250,12.06091,22.07669,.4337418,2.894716,.2236769,.0699879,.8943921,85,266
-.06266414,.00304956,180,1,1,-8180.246,4.454e-07,.0000758,3952,389,249,9.039221,24.43615,.4193793,2.073556,.2498504,.1024798,.8993222,102,319
-.06266863,.00304926,180,5,1,-8180.223,.11799552,.5900151,3952,389,249,9.039221,24.43615,.4193793,2.073556,.2498504,.1024798,.8993222,102,319
-.07407458,.0046214,181,1,1,-6265.597,0,0,2849,342,236,10.29309,23.58452,.4983642,2.711245,.1488373,.0979291,.8873649,132,305
-.07409072,.00462177,181,5,1,-6265.66,,,2849,342,236,10.29309,23.58452,.4983642,2.711245,.1488373,.0979291,.8873649,132,305
-.05444867,.00152981,183,5,1,-34702.29,,,14975,1066,524,12.26584,22.0546,.5191777,2.563456,.0706503,.1835726,.8992292,208,900
-.03786069,.00765316,184,1,1,-2468.342,,,1378,150,105,8.847605,31.45818,.5818354,2.48,.4835187,.3744557,.9023482,56,124
-.03786069,.00765316,184,5,1,-2468.342,,,1378,150,105,8.847605,31.45818,.5818354,2.48,.4835187,.3744557,.9023482,56,124
-.08220856,.01058929,185,1,1,-1957.978,0,0,1044,109,99,9.898467,21.57308,.4255618,2.189605,.4721451,.0296935,.8975404,74,100
-.08222941,.01059021,185,5,1,-1958.002,.04578192,.9671481,1044,109,99,9.898467,21.57308,.4255618,2.189605,.4721451,.0296935,.8975404,74,100
-.05232575,.00803497,186,1,1,-3693.948,.62402168,.3965964,1779,247,150,9.913997,24.10321,.6175711,3.355894,.0826098,.1495222,.885742,98,226
-.05235978,.0080361,186,5,1,-3694.402,1.1358713,.9531437,1779,247,150,9.913997,24.10321,.6175711,3.355894,.0826098,.1495222,.885742,98,226
-.10342924,.00630942,187,1,1,-8739.192,.39426423,.2340861,4305,388,250,9.412543,25.00047,.4062992,2.302358,.1605464,.0891986,.9143654,95,304
-.1034004,.00630426,187,5,1,-8739.912,.60278248,.5270005,4305,388,250,9.412543,25.00047,.4062992,2.302358,.1605464,.0891986,.9143654,95,304
-.09219539,.0090885,190,1,1,-4146.029,.5086111,.3112027,2270,163,97,9.305727,36.47062,.5853932,2.596731,.7916455,.0229075,.9147918,50,146
-.09214767,.00908367,190,5,1,-4146.192,.93358433,.6172025,2270,163,97,9.305727,36.47062,.5853932,2.596731,.7916455,.0229075,.9147918,50,146
-.0733509,.00347844,191,1,1,-9013.177,.33651188,.2655227,4768,278,185,10.08431,31.67516,.7720531,3.224563,.3533031,.0664849,.9047807,65,245
-.07338544,.00348274,191,5,1,-9011.463,1.1055131,.533388,4768,278,185,10.08431,31.67516,.7720531,3.224563,.3533031,.0664849,.9047807,65,245
-.06099731,.00259671,192,1,1,-15457.63,.41289361,.2199253,7250,466,293,12.79572,18.52862,.467538,2.081845,.2533203,.1091034,.9078286,102,371
-.06101731,.00259293,192,5,1,-15458.18,.81997587,.5070176,7250,466,293,12.79572,18.52862,.467538,2.081845,.2533203,.1091034,.9078286,102,371
-.05453742,.01168943,193,1,1,-1472.073,,,998,110,108,8.687375,18.44198,.6005188,2.665323,.2108907,.3016032,.9025025,41,68
-.05453742,.01168943,193,5,1,-1472.073,,,998,110,108,8.687375,18.44198,.6005188,2.665323,.2108907,.3016032,.9025025,41,68
-.06845047,.00449785,194,1,1,-4418.681,.95974181,.3191241,2250,224,149,10.29467,17.85388,.4387692,2.568803,.2808281,.1506667,.9063794,66,188
-.0684368,.00449753,194,5,1,-4421.035,1.3783642,.7274051,2250,224,149,10.29467,17.85388,.4387692,2.568803,.2808281,.1506667,.9063794,66,188
-.05982143,.00781541,195,1,1,-1652.246,1.0177179,.4715755,1155,123,119,9.579221,18.8973,.569161,3.08094,.5049718,.0406926,.8956402,32,87
-.05981829,.00779717,195,5,1,-1652.766,1.636796,.8591052,1155,123,119,9.579221,18.8973,.569161,3.08094,.5049718,.0406926,.8956402,32,87
-.04989678,.00609365,196,1,1,-3454.284,.33399517,.355057,1766,128,114,11.35844,12.58281,.3931559,2.968697,.364512,.0317101,.9114877,40,104
-.04990969,.00607831,196,5,1,-3453.813,1.0852882,.7777858,1766,128,114,11.35844,12.58281,.3931559,2.968697,.364512,.0317101,.9114877,40,104
-.06560245,.00695515,197,1,1,-3022.289,.12096322,.3635644,1569,130,117,12.65392,17.42271,.4872029,3.038437,.2702874,.2383684,.895503,45,100
-.06558137,.00695549,197,5,1,-3022.106,.52179376,.7566782,1569,130,117,12.65392,17.42271,.4872029,3.038437,.2702874,.2383684,.895503,45,100
-.06398587,.00268997,200,1,1,-7127.354,.33197416,.3450239,3948,221,151,10.79103,25.21155,.5480984,2.919009,.2706454,.3467579,.9043582,72,196
-.06396948,.00269244,200,5,1,-7127.874,.4310042,.7988447,3948,221,151,10.79103,25.21155,.5480984,2.919009,.2706454,.3467579,.9043582,72,196
-.05152415,.00263107,201,1,1,-14846.68,0,0,8764,495,305,10.23209,26.71859,.5458108,2.547895,.1011415,.0933364,.9095187,96,402
-.05154234,.00263149,201,5,1,-14847.01,,,8764,495,305,10.23209,26.71859,.5458108,2.547895,.1011415,.0933364,.9095187,96,402
-.04612809,.00965077,203,1,1,-5022.203,,,2200,209,107,9.585,41.65736,.4637874,2.256398,.4001698,.0109091,.8873783,59,188
-.04612809,.00965077,203,5,1,-5022.203,,,2200,209,107,9.585,41.65736,.4637874,2.256398,.4001698,.0109091,.8873783,59,188
-.06793911,.00351147,204,1,1,-5195.444,2.031e-10,5.59e-08,3212,325,258,10.16002,17.37155,.5024826,2.354173,.068309,.0958904,.8801379,109,263
-.06793641,.00350852,204,5,1,-5195.421,.13913124,.6583432,3212,325,258,10.16002,17.37155,.5024826,2.354173,.068309,.0958904,.8801379,109,263
-.08190991,.00299778,205,1,1,-27178.08,.00024483,.0135185,11041,689,349,12.71071,29.65961,.4452565,2.724565,.0925723,.1971742,.893957,147,591
-.08191039,.00299814,205,5,1,-27177.99,0,0,11041,689,349,12.71071,29.65961,.4452565,2.724565,.0925723,.1971742,.893957,147,591
-.07035882,.01560631,207,1,1,-466.322,,,433,73,84,8.863741,19.29138,.3886926,2.723898,.1595667,.0531178,.8817866,40,56
-.07035882,.01560631,207,5,1,-466.322,,,433,73,84,8.863741,19.29138,.3886926,2.723898,.1595667,.0531178,.8817866,40,56
-.06424674,.00442888,208,1,1,-3301.249,.40554456,.283096,2959,211,165,9.814465,31.2582,.9115674,4.414052,.3303984,.0898952,.8740544,64,158
-.06426206,.00442525,208,5,1,-3300.425,1.0713981,.54268,2959,211,165,9.814465,31.2582,.9115674,4.414052,.3303984,.0898952,.8740544,64,158
-.05665189,.00809465,209,1,1,-1837.421,,,1344,131,111,9.119792,17.63099,.4758064,2.392215,.4894804,.0029762,.906994,41,112
-.05665189,.00809465,209,5,1,-1837.421,,,1344,131,111,9.119792,17.63099,.4758064,2.392215,.4894804,.0029762,.906994,41,112
-.08065416,.00546716,210,1,1,-3157.589,.2242531,.3666964,1916,169,124,9.804802,17.38515,.4313099,1.955121,.4247159,.0354906,.8955535,47,128
-.08067114,.00546728,210,5,1,-3157.444,.69217862,.9063794,1916,169,124,9.804802,17.38515,.4313099,1.955121,.4247159,.0354906,.8955535,47,128
-.05761377,.00674193,212,1,1,-1787.74,.68088127,.5377517,1075,60,74,10.81581,10.07771,.4768293,3.091589,.2603725,.0148837,.8999567,43,52
-.05762052,.00674318,212,5,1,-1787.396,1.4940081,.9732324,1075,60,74,10.81581,10.07771,.4768293,3.091589,.2603725,.0148837,.8999567,43,52
-.08151255,.00368726,213,1,1,-6172.026,.00872941,.2146328,3398,171,117,11.00618,18.33126,.4798061,2.164602,.1320771,.0741613,.9020431,51,153
-.08149539,.00368577,213,5,1,-6172.007,0,0,3398,171,117,11.00618,18.33126,.4798061,2.164602,.1320771,.0741613,.9020431,51,153
-.0593043,.00673632,214,1,1,-2551.692,0,0,1663,106,89,10.365,20.44532,.4790123,2.759417,.2814535,.0901984,.9045936,28,92
-.05929459,.00673635,214,5,1,-2551.744,0,0,1663,106,89,10.365,20.44532,.4790123,2.759417,.2814535,.0901984,.9045936,28,92
-.00001155,.04676099,217,1,1,-689.672,,,979,84,84,10.9428,20.02675,.4277108,2.505155,.3792211,.0091931,.8960755,16,59
-.00001155,.04676099,217,5,1,-689.672,,,979,84,84,10.9428,20.02675,.4277108,2.505155,.3792211,.0091931,.8960755,16,59
-.1929617,.03895216,218,1,1,-382.4208,,,303,65,55,4.584158,10.42953,.3432836,1.406667,.1089762,.1254125,.9004056,19,44
-.1929617,.03895216,218,5,1,-382.4208,,,303,65,55,4.584158,10.42953,.3432836,1.406667,.1089762,.1254125,.9004056,19,44
-.08585437,.00554081,219,1,1,-5264.344,.10985459,.24445,2844,245,174,10.718,21.91504,.422592,2.650283,.1781261,.0625879,.8869998,66,198
-.08584304,.0055378,219,5,1,-5264.441,.03306358,.587537,2844,245,174,10.718,21.91504,.422592,2.650283,.1781261,.0625879,.8869998,66,198
-.08339717,.0103264,220,1,1,-515.8097,,,422,71,78,9.402843,11.98812,.256,1.733333,.0765594,.1137441,.8987572,39,49
-.08339717,.0103264,220,5,1,-515.8097,,,422,71,78,9.402843,11.98812,.256,1.733333,.0765594,.1137441,.8987572,39,49
-.08319576,.00458616,222,1,1,-8836.51,6.483e-76,0,5045,544,327,8.478097,22.24066,.4017217,1.777556,.0921841,.1839445,.9038284,101,378
-.0832065,.00458931,222,5,1,-8836.504,.08823348,.5264233,5045,544,327,8.478097,22.24066,.4017217,1.777556,.0921841,.1839445,.9038284,101,378
-.09234812,.0033453,223,1,1,-45633.32,.12663687,.1194727,16134,1004,448,13.9573,37.00293,.4185775,2.738752,.0732799,.0340275,.8972574,208,905
-.0923525,.00334525,223,5,1,-45633.92,.08192477,.2841716,16134,1004,448,13.9573,37.00293,.4185775,2.738752,.0732799,.0340275,.8972574,208,905
-.06471563,.00281457,225,1,1,-9198.154,.16696994,.2458231,5401,464,375,13.8791,36.19781,.5931087,3.424428,.1284693,.0079615,.9033172,83,290
-.06470056,.00281428,225,5,1,-9198.214,.2875585,.4864903,5401,464,375,13.8791,36.19781,.5931087,3.424428,.1284693,.0079615,.9033172,83,290
-.11179324,.00534973,226,1,1,-7230.815,,,2863,474,292,8.833042,28.05636,.3426574,2.18625,.1203666,.0080335,.8999529,137,410
-.11179324,.00534973,226,5,1,-7230.815,,,2863,474,292,8.833042,28.05636,.3426574,2.18625,.1203666,.0080335,.8999529,137,410
-.10634075,.00214079,227,5,1,-64572.89,,,24112,1632,680,12.89287,26.48726,.4694514,2.214506,.0279492,.1172445,.8977005,224,1372
-.1002027,.00488977,230,1,1,-6812.127,.39106276,.2861548,3926,308,287,10.73612,30.64771,.3793632,1.990532,.1910511,.0524707,.9075528,127,250
-.10015082,.00488792,230,5,1,-6812.68,.62590966,.6455703,3926,308,287,10.73612,30.64771,.3793632,1.990532,.1910511,.0524707,.9075528,127,250
-.09946883,.0094564,231,1,1,-2502.307,,,1505,291,192,7.383389,19.56837,.3870588,1.634538,.0954475,.1488372,.9065243,102,225
-.09946883,.0094564,231,5,1,-2502.307,,,1505,291,192,7.383389,19.56837,.3870588,1.634538,.0954475,.1488372,.9065243,102,225
-.08136114,.00246536,232,1,1,-15971.22,.48456363,.189477,6857,816,368,9.259589,30.206,.4613472,2.517862,.0465921,.1160858,.8853771,160,707
-.08133885,.00246617,232,5,1,-15972.91,.82972905,.4358852,6857,816,368,9.259589,30.206,.4613472,2.517862,.0465921,.1160858,.8853771,160,707
-.10083758,.00746514,233,1,1,-6518.313,.25288331,.2588274,2783,356,173,9.204096,26.67473,.4435967,2.736387,.086945,.0506647,.8864973,94,317
-.10082739,.00746704,233,5,1,-6518.751,.21442144,.6040725,2783,356,173,9.204096,26.67473,.4435967,2.736387,.086945,.0506647,.8864973,94,317
-.07922713,.00330017,234,1,1,-17294.52,0,0,7099,723,309,10.39259,37.44323,.5004527,2.998304,.0484148,.0449359,.8775913,125,650
-.07922303,.00330165,234,5,1,-17294.58,,,7099,723,309,10.39259,37.44323,.5004527,2.998304,.0484148,.0449359,.8775913,125,650
-.05544972,.00541079,235,1,1,-7553.366,.32844828,.2724836,3174,401,259,9.611217,28.78522,.5623853,2.821598,.2299609,.026465,.8828076,126,331
-.05545506,.00541131,235,5,1,-7553.52,.65499511,.5815004,3174,401,259,9.611217,28.78522,.5623853,2.821598,.2299609,.026465,.8828076,126,331
-.07990783,.00429731,236,1,1,-5512.968,.94855338,.3199907,2908,410,252,8.200481,17.12444,.4132681,1.939247,.1029073,.1478679,.8988634,94,310
-.07987119,.00429592,236,5,1,-5514.492,1.8891863,.7770865,2908,410,252,8.200481,17.12444,.4132681,1.939247,.1029073,.1478679,.8988634,94,310
-.09155124,.00407698,238,1,1,-5928.971,.16635085,.2376823,3257,395,280,9.057108,21.91086,.5719222,2.695719,.0891614,.2591342,.8956567,118,304
-.09155926,.00408379,238,5,1,-5928.668,.56112504,.5191426,3257,395,280,9.057108,21.91086,.5719222,2.695719,.0891614,.2591342,.8956567,118,304
-.08408166,.00390046,239,1,1,-7455.922,.31650184,.2541845,4023,407,271,8.78598,46.4145,.5096774,2.537481,.1055776,.0454884,.8964732,104,327
-.08407135,.00390109,239,5,1,-7456.3,.52240807,.5429696,4023,407,271,8.78598,46.4145,.5096774,2.537481,.1055776,.0454884,.8964732,104,327
-.04675061,.00495671,240,1,1,-812.5355,1.5309807,.5628331,907,121,116,9.001102,15.49336,.5037936,2.370575,.3191458,.0176406,.909151,14,57
-.04678077,.00491934,240,5,1,-812.8682,2.8105641,1.165994,907,121,116,9.001102,15.49336,.5037936,2.370575,.3191458,.0176406,.909151,14,57
-.07369007,.00930588,242,1,1,-2538.513,.51565594,.547688,1296,155,123,9.204475,16.57977,.3382022,2.003101,.3619994,.0470679,.8986557,45,115
-.07366856,.00932043,242,5,1,-2538.198,1.3829367,1.138792,1296,155,123,9.204475,16.57977,.3382022,2.003101,.3619994,.0470679,.8986557,45,115
-.04795669,.00543037,243,1,1,-1395.214,.47559452,.5190859,1135,184,188,10.32599,17.37931,.5192308,2.370796,.2051994,.014978,.8957086,33,82
-.04795528,.00543249,243,5,1,-1395.334,.84436245,1.185908,1135,184,188,10.32599,17.37931,.5192308,2.370796,.2051994,.014978,.8957086,33,82
-.12952373,.01057114,244,1,1,-6864.613,.53198151,.2687337,2807,490,202,7.720698,33.48016,.3222477,2.390357,.0734592,.0302814,.8957478,109,440
-.12957057,.01057227,244,5,1,-6865.071,1.0476692,.6214274,2807,490,202,7.720698,33.48016,.3222477,2.390357,.0734592,.0302814,.8957478,109,440
-.11359401,.00626636,245,1,1,-9669.845,.33111587,.2280894,4417,562,227,8.774734,50.37719,.397763,2.824533,.0802049,.0418836,.8825176,107,490
-.11361658,.00626775,245,5,1,-9669.899,.72682547,.5353411,4417,562,227,8.774734,50.37719,.397763,2.824533,.0802049,.0418836,.8825176,107,490
-.07179435,.0039511,246,1,1,-6947.816,.34229459,.1956431,4357,499,327,10.25109,26.00069,.7652201,3.487073,.0540098,.1097085,.8820184,107,310
-.07177492,.00395022,246,5,1,-6948.062,.6303611,.4155408,4357,499,327,10.25109,26.00069,.7652201,3.487073,.0540098,.1097085,.8820184,107,310
-.06707307,.00830317,248,1,1,-1676.256,1.1873848,.6250835,892,130,113,8.719731,21.31419,.2829268,1.957351,.3029721,.2186099,.9077706,53,98
-.06713801,.00828816,248,5,1,-1676.037,2.7107959,1.214103,892,130,113,8.719731,21.31419,.2829268,1.957351,.3029721,.2186099,.9077706,53,98
-.08356155,.00692783,249,1,1,-3324.677,.4379593,.4939113,1999,270,219,10.43372,16.37688,.3148009,1.900955,.3744566,.0145073,.9015326,42,157
-.08358945,.00692605,249,5,1,-3325.108,.62432218,1.129254,1999,270,219,10.43372,16.37688,.3148009,1.900955,.3744566,.0145073,.9015326,42,157
-.03309282,.00378479,250,1,1,-2896.268,.29025999,.4453554,1523,224,149,8.203546,13.43564,.3458418,2.203557,.27047,.4694681,.9006609,36,150
-.03310495,.00378722,250,5,1,-2896.265,.6947193,1.091342,1523,224,149,8.203546,13.43564,.3458418,2.203557,.27047,.4694681,.9006609,36,150
-.05256442,.00258554,251,1,1,-16449.51,.20353315,.2140558,6576,1003,551,8.42868,11.79169,.3718619,1.963461,.1444165,.2317518,.8991604,270,787
-.0527984,.00261448,251,5,1,-2595787,.20035099,.5082818,6576,1003,551,8.42868,11.79169,.3718619,1.963461,.1444165,.2317518,.8991604,270,787
-.08180323,.00758741,253,1,1,-1245.026,,,1513,222,151,8.003965,15.59398,.506599,2.268309,.2275372,.6226041,.8981574,70,144
-.08180323,.00758741,253,5,1,-1245.026,,,1513,222,151,8.003965,15.59398,.506599,2.268309,.2275372,.6226041,.8981574,70,144
-.08298532,.00771821,254,1,1,-665.6398,.30387627,.8941321,394,101,75,5.243655,10.90746,.2378855,1.918575,.4580638,.0431472,.9077892,40,76
-.08299915,.00772881,254,5,1,-665.6568,.62583921,2.083161,394,101,75,5.243655,10.90746,.2378855,1.918575,.4580638,.0431472,.9077892,40,76
-.08258816,.00595653,256,1,1,-5531.754,.42383311,.3913762,2033,366,201,7.240039,13.88538,.3336192,1.679684,.256348,.0570585,.9045172,112,306
-.08263997,.00594662,256,5,1,-5532.37,.36952898,.9555277,2033,366,201,7.240039,13.88538,.3336192,1.679684,.256348,.0570585,.9045172,112,306
-.02731744,.00992472,257,1,1,-1362.833,.17220012,.4430061,1000,90,63,7.434,16.70612,.4721485,2.377131,.337576,.195,.8921906,22,74
-.02731251,.00992357,257,5,1,-1362.801,.45685873,1.004403,1000,90,63,7.434,16.70612,.4721485,2.377131,.337576,.195,.8921906,22,74
-.02575576,.00350607,258,1,1,-2437.492,0,0,1425,111,92,11.28,15.16973,.588577,3.312588,.3593027,.1635088,.891216,37,89
-.02576081,.00350244,258,5,1,-2437.512,2.274e-10,2.01e-07,1425,111,92,11.28,15.16973,.588577,3.312588,.3593027,.1635088,.891216,37,89
-.0518873,.00321969,259,1,1,-4214.214,.02779623,.2985633,3862,265,191,10.06603,32.54119,1.408807,5.162029,.3106572,.027188,.8970865,64,213
-.06266974,.01780058,260,1,1,-623.5333,.10194276,.4758027,814,78,76,9.837838,18.61139,1.161392,4.069136,.1545014,.0110565,.8952689,25,58
-.06267551,.01780851,260,5,1,-623.4962,.38425222,1.074291,814,78,76,9.837838,18.61139,1.161392,4.069136,.1545014,.0110565,.8952689,25,58
-.0511733,.00477416,261,1,1,-1063.506,.68736917,.6542447,722,80,78,10.79224,17.37151,.5072464,3.158774,.172501,.0124654,.8918071,38,58
-.05117049,.00473755,261,5,1,-1063.697,1.3254052,1.601174,722,80,78,10.79224,17.37151,.5072464,3.158774,.172501,.0124654,.8918071,38,58
-.05338918,.00442671,262,1,1,-3030.431,.00771506,.3156416,1993,144,119,9.86001,19.18278,.4555329,2.562531,.1253653,.0030105,.8976625,38,116
-.05338762,.00443197,262,5,1,-3030.431,.00006032,.0253196,1993,144,119,9.86001,19.18278,.4555329,2.562531,.1253653,.0030105,.8976625,38,116
-.09677041,.00794112,263,1,1,-1319.074,.04338382,.5019843,1028,112,111,13.68482,16.23288,.4678523,3.204102,.2422047,.0379377,.9030411,41,78
-.09680964,.00793081,263,5,1,-1318.99,.52572752,1.240832,1028,112,111,13.68482,16.23288,.4678523,3.204102,.2422047,.0379377,.9030411,41,78
-.05113056,.00353687,264,1,1,-5258.517,0,0,3930,328,212,10.3916,31.04036,1.782047,6.435661,.3047214,.1340967,.8955719,71,222
-.05114514,.00352688,264,5,1,-5258.598,,,3930,328,212,10.3916,31.04036,1.782047,6.435661,.3047214,.1340967,.8955719,71,222
-.0303236,.00354185,267,1,1,-4460.162,.30618617,.3164392,2883,185,158,9.790843,35.56898,.8471338,3.765527,.318634,.1952827,.8906506,65,153
-.03022497,.00355266,267,5,1,-4459.437,.87060542,.6399238,2883,185,158,9.790843,35.56898,.8471338,3.765527,.318634,.1952827,.8906506,65,153
-.09274445,.00417197,268,1,1,-33180.66,.10450919,.1254423,13535,740,372,13.56749,23.91451,.5379318,2.940708,.0524281,.0616919,.8888143,123,623
-.09274213,.00417179,268,5,1,-33180.79,.19076612,.3002191,13535,740,372,13.56749,23.91451,.5379318,2.940708,.0524281,.0616919,.8888143,123,623
-.04704182,.00248825,270,1,1,-6847.637,.5446756,.2170567,3779,354,263,9.190262,19.44179,.5287275,2.69705,.2249293,.4556761,.9036166,66,230
-.04705076,.00249029,270,5,1,-6848.376,.93446936,.4423527,3779,354,263,9.190262,19.44179,.5287275,2.69705,.2249293,.4556761,.9036166,66,230
-.0782766,.00204663,273,1,1,-41903.18,.11347592,.1331914,14456,879,465,13.87037,19.339,.5085607,2.883829,.0485246,.0860542,.8851518,190,722
-.07826934,.00204637,273,5,1,-204201.6,0,0,14456,879,465,13.87037,19.339,.5085607,2.883829,.0485246,.0860542,.8851518,190,722
-.05019502,.01125668,275,1,1,-913.3985,1.0332174,.8834589,873,78,76,9.597939,12.11839,.4963925,2.526437,.3038449,.4112256,.918797,14,42
-.05023707,.01123508,275,5,1,-912.8757,2.3739638,1.72349,873,78,76,9.597939,12.11839,.4963925,2.526437,.3038449,.4112256,.918797,14,42
-.04434963,.00604369,276,1,1,-3027.864,.12567068,.4104659,2254,213,166,9.511091,12.55799,.4552553,2.267083,.1658497,.0687666,.9101292,33,129
-.04435218,.00604072,276,5,1,-3027.924,.05670573,.8386816,2254,213,166,9.511091,12.55799,.4552553,2.267083,.1658497,.0687666,.9101292,33,129
-.04087255,.00264087,277,1,1,-12089.68,.22824587,.2397842,5946,345,179,12.66061,23.6449,.5560034,3.317267,.1978914,.012109,.9105357,90,298
-.0408832,.00264169,277,5,1,-12090.17,.2307405,.5170602,5946,345,179,12.66061,23.6449,.5560034,3.317267,.1978914,.012109,.9105357,90,298
-.04618053,.00285726,278,1,1,-22540.94,.13412311,.1669931,10670,535,264,14.63805,20.9113,.6859025,3.231936,.095163,.1666354,.9117503,111,470
-.04617535,.002857,278,5,1,-22541.29,.06509029,.3606468,10670,535,264,14.63805,20.9113,.6859025,3.231936,.095163,.1666354,.9117503,111,470
-.08818731,.00608855,279,1,1,-7452.246,.02938961,.2325487,5384,512,401,12.74071,27.64442,.7243243,2.987498,.1040294,.0146731,.8919203,42,267
-.08818091,.00608845,279,5,1,-7452.204,0,0,5384,512,401,12.74071,27.64442,.7243243,2.987498,.1040294,.0146731,.8919203,42,267
-.07039608,.00978645,281,1,1,-877.7446,,,1473,253,202,8.007468,13.80274,.3034411,1.792323,.146227,.4046164,.920732,53,131
-.07039608,.00978645,281,5,1,-877.7446,,,1473,253,202,8.007468,13.80274,.3034411,1.792323,.146227,.4046164,.920732,53,131
-.07497077,.00288727,282,1,1,-9047.616,0,0,5396,646,358,9.162713,26.90347,.5884427,2.201939,.1106437,.198295,.9036422,132,462
-.07496828,.00288734,282,5,1,-9047.637,,,5396,646,358,9.162713,26.90347,.5884427,2.201939,.1106437,.198295,.9036422,132,462
-.06038276,.00114864,283,1,1,-55465.89,0,0,20336,1440,695,14.09028,43.77399,.5223916,2.753216,.0863726,.0046223,.9000834,306,1230
-.06038093,.00114861,283,5,1,-55466.3,,,20336,1440,695,14.09028,43.77399,.5223916,2.753216,.0863726,.0046223,.9000834,306,1230
-.08492053,.00552756,284,1,1,-10431.39,0,0,4127,480,329,11.14102,29.559,.4911752,2.548686,.0492707,.0096923,.8978504,160,409
-.08492188,.00552703,284,5,1,-10431.49,,,4127,480,329,11.14102,29.559,.4911752,2.548686,.0492707,.0096923,.8978504,160,409
-.06843622,.00381018,285,1,1,-8671.516,1.3045935,.3694355,5414,590,415,11.37643,36.81923,.3807634,2.428148,.1530244,.0755449,.9056245,209,476
-.06855963,.00380812,285,5,1,-8672.493,2.8381608,.8219661,5414,590,415,11.37643,36.81923,.3807634,2.428148,.1530244,.0755449,.9056245,209,476
-.10678162,.00569887,288,1,1,-8730.972,.21577385,.2658872,3636,491,331,9.496699,29.85046,.3667954,2.138398,.0855979,.0134763,.9023452,190,418
-.10676705,.00569874,288,5,1,-8730.956,.52128792,.6236185,3636,491,331,9.496699,29.85046,.3667954,2.138398,.0855979,.0134763,.9023452,190,418
-.08277061,.0103772,289,5,1,-4537.684,,,2104,368,290,8.606939,29.74085,.4154995,2.178674,.0435762,.0480038,.8942186,148,299
-.07934279,.01429334,291,1,1,-3280.36,1.093794,.3917961,1563,267,218,10.15227,31.72698,.3870588,2.626444,.0622435,.0127959,.8936919,118,223
-.07963393,.01431509,291,5,1,-3281.375,2.3768065,.932788,1563,267,218,10.15227,31.72698,.3870588,2.626444,.0622435,.0127959,.8936919,118,223
-.10907103,.00825355,292,1,1,-5294.068,.03943347,.3996635,2089,328,251,8.333174,29.30665,.5315534,2.67535,.074206,.0378171,.903614,136,294
-.10908348,.00825216,292,5,1,-5293.872,.55627844,.9908553,2089,328,251,8.333174,29.30665,.5315534,2.67535,.074206,.0378171,.903614,136,294
-.08701257,.00251551,295,1,1,-16801.95,.18087623,.1836516,8680,866,582,9.490668,25.58894,.4393448,2.124494,.1167281,.0733871,.9012915,177,642
-.08701593,.00251534,295,5,1,-16802.39,.19251649,.3989573,8680,866,582,9.490668,25.58894,.4393448,2.124494,.1167281,.0733871,.9012915,177,642
-.06059699,.00457006,296,1,1,-2959.6,,,1754,213,190,8.402509,21.97136,.4082605,1.915808,.1327632,.2428734,.9023938,63,148
-.06059699,.00457006,296,5,1,-2959.6,,,1754,213,190,8.402509,21.97136,.4082605,1.915808,.1327632,.2428734,.9023938,63,148
-.05797996,.01664392,297,1,1,-1343.073,.20095237,.603983,638,186,153,5.876175,29.35238,.5924855,2.626183,.0658651,.0485893,.9020386,89,151
-.05793426,.016647,297,5,1,-1343.111,,,638,186,153,5.876175,29.35238,.5924855,2.626183,.0658651,.0485893,.9020386,89,151
-.07375683,.00512788,299,1,1,-5631.551,.57703473,.3591768,2723,278,210,9.539111,12.77819,.3143596,1.601548,.0981407,.0400294,.9082733,55,199
-.07377247,.00511738,299,5,1,-5631.945,1.2737326,.9611654,2723,278,210,9.539111,12.77819,.3143596,1.601548,.0981407,.0400294,.9082733,55,199
-.07826479,.0071273,300,1,1,-2340.645,.05679571,.3779617,1646,180,136,6.954435,28.1025,.618862,2.339427,.1826889,.3584447,.9041908,50,144
-.07829059,.00713453,300,5,1,-2340.56,.33775721,.8033595,1646,180,136,6.954435,28.1025,.618862,2.339427,.1826889,.3584447,.9041908,50,144
-.05222371,.00188961,301,1,1,-47563.11,.02723429,.1301958,16665,1159,607,15.43852,33.90529,.4868727,2.684644,.0437241,.0456046,.8989061,193,922
-.05222698,.00188947,301,5,1,-47563.03,.13073059,.3184253,16665,1159,607,15.43852,33.90529,.4868727,2.684644,.0437241,.0456046,.8989061,193,922
-.12385549,.00773295,303,5,1,-15985.35,,,5517,731,481,12.58456,29.71551,.7236218,3.286623,.03459,.0445895,.8991175,217,558
-.07270504,.00446636,304,1,1,-2103.065,.00888727,.516026,1853,281,250,8.19374,13.41215,.3391916,1.615385,.0697275,.1284404,.8988168,71,161
-.07270453,.0044697,304,5,1,-2103.065,.00189063,.5820645,1853,281,250,8.19374,13.41215,.3391916,1.615385,.0697275,.1284404,.8988168,71,161
-.09255279,.00545676,307,1,1,-9197.549,.15316134,.2087092,4996,423,294,10.97838,28.01757,.3624101,2.148006,.3297988,.0190152,.9060247,54,313
-.09256427,.00545877,307,5,1,-9197.741,.1585723,.4638591,4996,423,294,10.97838,28.01757,.3624101,2.148006,.3297988,.0190152,.9060247,54,313
-.08602338,.00331361,308,1,1,-11816.25,.01809727,.2353237,4807,567,380,9.990847,27.03808,.5106531,2.504698,.0578388,.166424,.8997651,180,473
-.08601978,.00331328,308,5,1,-11816.24,0,0,4807,567,380,9.990847,27.03808,.5106531,2.504698,.0578388,.166424,.8997651,180,473
-.05639025,.00304907,309,1,1,-7548.737,2.269e-73,0,4834,405,295,11.29934,23.14975,.4063463,2.159168,.1283122,.1243277,.9130118,69,287
-.05638974,.00304968,309,5,1,-7548.744,,,4834,405,295,11.29934,23.14975,.4063463,2.159168,.1283122,.1243277,.9130118,69,287
-.09234741,.003148,311,1,1,-26092.15,.21376923,.161077,11328,810,446,11.9977,28.36092,.4883204,2.312606,.3663298,.0828919,.9012374,149,651
-.09232957,.00314656,311,5,1,-26092.87,.2970662,.3851414,11328,810,446,11.9977,28.36092,.4883204,2.312606,.3663298,.0828919,.9012374,149,651
-.08536468,.00680565,313,1,1,-3052.678,0,0,1963,224,138,9.561386,23.35249,.4625796,2.332651,.2700087,.0545084,.9072973,68,188
-.08536363,.00680828,313,5,1,-3052.707,,,1963,224,138,9.561386,23.35249,.4625796,2.332651,.2700087,.0545084,.9072973,68,188
-.04784043,.00284686,314,1,1,-10193.17,.08737688,.1976572,5652,378,254,11.95789,26.55888,.6285178,3.356427,.1467929,.0507785,.8974909,91,317
-.04783152,.00284753,314,5,1,-10193.25,.06973072,.3877178,5652,378,254,11.95789,26.55888,.6285178,3.356427,.1467929,.0507785,.8974909,91,317
-.06111065,.00270258,318,1,1,-11207.1,.35660586,.2098076,7362,633,330,10.88509,27.56172,.4108626,2.452885,.0938022,.0218691,.890561,109,470
-.06112575,.00269999,318,5,1,-11206.83,.89095702,.5216534,7362,633,330,10.88509,27.56172,.4108626,2.452885,.0938022,.0218691,.890561,109,470
-.05275897,.0042484,319,1,1,-4586.196,.3954446,.2635322,3668,286,196,9.719738,44.60656,.5705566,3.234295,.2155744,.0324427,.9009115,36,195
-.05274869,.00424071,319,5,1,-4586.964,.38823026,.5330526,3668,286,196,9.719738,44.60656,.5705566,3.234295,.2155744,.0324427,.9009115,36,195
-.0582022,.00309682,320,1,1,-4449.305,0,0,3679,393,241,8.764067,18.29676,.4081633,1.930959,.1227372,.1674368,.9068365,113,321
-.05823084,.00309866,320,5,1,-4449.27,.2422294,.7575829,3679,393,241,8.764067,18.29676,.4081633,1.930959,.1227372,.1674368,.9068365,113,321
.00249083,.00518426,321,1,1,-927.7767,.79516841,.7337794,1611,129,125,9.739913,16.75877,.586072,3.041823,.4178809,.2489137,.9162198,20,66
.00246396,.00515132,321,5,1,-927.8756,1.562796,1.582732,1611,129,125,9.739913,16.75877,.586072,3.041823,.4178809,.2489137,.9162198,20,66
-.05684797,.0034604,322,5,1,-3232.841,,,2322,271,183,8.313953,16.634,.5361481,2.572912,.1971566,.4672696,.9022207,54,192
-.05711975,.00785148,323,1,1,-811.1532,0,0,721,105,75,8.099861,16.27121,.4961538,2.682386,.2529216,.2163662,.9046116,18,51
-.05712304,.00786851,323,5,1,-811.1644,0,0,721,105,75,8.099861,16.27121,.4961538,2.682386,.2529216,.2163662,.9046116,18,51
-.12641387,.05347493,324,1,1,-274.8764,.23078938,.9833542,614,88,79,8.027687,17.80296,1.015284,3.403941,.3289425,.539088,.9017871,9,35
-.1265369,.05363102,324,5,1,-274.897,.20412179,1.468742,614,88,79,8.027687,17.80296,1.015284,3.403941,.3289425,.539088,.9017871,9,35
-.10020055,.00821769,325,1,1,-4980.71,.11128273,.2976534,2506,348,187,8.923783,21.76369,.4314888,2.033414,.2887401,.0802075,.8853566,82,272
-.10018585,.00821566,325,5,1,-4980.752,.17031246,.6779296,2506,348,187,8.923783,21.76369,.4314888,2.033414,.2887401,.0802075,.8853566,82,272
-.13024925,.00539607,326,1,1,-4800.206,0,0,2742,313,194,9.454412,16.41412,.3665521,1.970696,.1661586,.0495988,.8979144,77,243
-.13025011,.0053958,326,5,1,-4800.226,,,2742,313,194,9.454412,16.41412,.3665521,1.970696,.1661586,.0495988,.8979144,77,243
-.05055484,.00214002,327,1,1,-21929.07,0,0,8441,595,304,12.08873,32.63861,.4228571,2.391144,.1077775,.1811397,.89059,119,513
-.05056198,.00214055,327,5,1,-21929.23,,,8441,595,304,12.08873,32.63861,.4228571,2.391144,.1077775,.1811397,.89059,119,513
-.05071908,.00220365,328,1,1,-15758.02,.04482984,.17929,9753,737,346,10.94238,22.40704,.4206863,2.4,.0983818,.2003486,.8945412,123,612
-.05072058,.00220385,328,5,1,-15758.03,.07533143,.4057165,9753,737,346,10.94238,22.40704,.4206863,2.4,.0983818,.2003486,.8945412,123,612
-.07499326,.00155588,329,1,1,-26762.66,.32211466,.1590925,12077,958,458,9.947255,33.5745,.436235,2.089162,.1116184,.0728658,.8980352,189,816
-.07500686,.00155493,329,5,1,-26762.67,.72870312,.3670349,12077,958,458,9.947255,33.5745,.436235,2.089162,.1116184,.0728658,.8980352,189,816
-.0796446,.00308449,330,1,1,-12619.01,.14469841,.2175378,5872,474,286,10.56948,23.00531,.5514874,2.56312,.1182494,.0303134,.898766,130,416
-.07963203,.00308441,330,5,1,-12619.26,.07134361,.5195404,5872,474,286,10.56948,23.00531,.5514874,2.56312,.1182494,.0303134,.898766,130,416
-.09412707,.01683625,331,1,1,-1722.398,.13379705,.4742502,1563,182,104,7.886756,28.12468,.4210526,2.20683,.2325682,.2232886,.8805727,40,142
-.09412375,.01684967,331,5,1,-1722.11,.69431301,.9891403,1563,182,104,7.886756,28.12468,.4210526,2.20683,.2325682,.2232886,.8805727,40,142
-.07856573,.00592285,332,1,1,-5068.537,0,0,2311,282,161,8.724361,21.96256,.8952194,3.882123,.2061626,.093466,.9013235,89,251
-.07856939,.0059198,332,5,1,-5068.544,.046837,.8619985,2311,282,161,8.724361,21.96256,.8952194,3.882123,.2061626,.093466,.9013235,89,251
-.09631331,.00306265,334,1,1,-12742.89,0,0,6245,520,337,10.63811,21.41175,.5811688,2.583856,.0753303,.1471577,.8962041,138,423
-.09628919,.00305942,334,5,1,-12743.17,,,6245,520,337,10.63811,21.41175,.5811688,2.583856,.0753303,.1471577,.8962041,138,423
-.09146207,.00451263,335,1,1,-7578.38,.09292593,.2658927,3800,298,258,12.04184,17.63603,.3757017,2.48745,.110851,.0618421,.9010572,102,242
-.09143295,.00451327,335,5,1,-7578.45,6.932e-67,0,3800,298,258,12.04184,17.63603,.3757017,2.48745,.110851,.0618421,.9010572,102,242
-.04183516,.00503697,336,1,1,-1815.834,,,1471,118,105,12.73555,27.60986,.6695485,3.135836,.1546717,.1332427,.8925076,56,92
-.04183516,.00503697,336,5,1,-1815.834,,,1471,118,105,12.73555,27.60986,.6695485,3.135836,.1546717,.1332427,.8925076,56,92
-.05043976,.00222109,339,1,1,-27174.96,.15057986,.1425383,12683,684,327,14.40416,30.29157,.5715849,3.158028,.1090269,.0898841,.8902022,133,592
-.05046383,.0022261,339,5,1,-27173.76,.56774984,.3203345,12683,684,327,14.40416,30.29157,.5715849,3.158028,.1090269,.0898841,.8902022,133,592
-.05224226,.00222931,340,1,1,-19935.1,0,0,8991,544,291,12.2081,37.71941,.5584753,2.764357,.1139052,.1554888,.8906246,111,464
-.05227126,.00222994,340,5,1,-19935.5,,,8991,544,291,12.2081,37.71941,.5584753,2.764357,.1139052,.1554888,.8906246,111,464
.02336281,.00514058,341,1,1,-2941.939,.39791122,.530366,1967,142,90,8.737672,15.08321,.2912192,1.843509,.5390165,.0010168,.9259715,13,95
.02333746,.00515636,341,5,1,-2941.819,.98125707,1.154314,1967,142,90,8.737672,15.08321,.2912192,1.843509,.5390165,.0010168,.9259715,13,95
-.08321892,.0048108,342,1,1,-3793.041,.62853701,.5137331,2832,239,160,9.447034,14.48165,.3308787,1.934496,.2213335,.2288136,.9174173,46,180
-.08321025,.00481135,342,5,1,-3792.441,1.6565817,1.174131,2832,239,160,9.447034,14.48165,.3308787,1.934496,.2213335,.2288136,.9174173,46,180
-.06784196,.00401238,343,1,1,-3196.677,.36518184,.3648797,2632,214,183,9.692629,24.95763,.5987493,2.209745,.2293222,.0258359,.9138137,30,140
-.06779086,.0040063,343,5,1,-3197.016,.45070003,.7415475,2632,214,183,9.692629,24.95763,.5987493,2.209745,.2293222,.0258359,.9138137,30,140
-.09325558,0,344,1,1,-5934.312,.43537036,0,3505,498,375,9.452782,10.80962,.3230257,1.745538,.0601789,.0853067,.9154719,113,307
-.0933015,0,344,5,1,-5933.744,1.3835724,0,3505,498,375,9.452782,10.80962,.3230257,1.745538,.0601789,.0853067,.9154719,113,307
-.07572944,.0196485,345,1,1,-883.761,0,0,614,100,75,5.996743,12.01314,.1829268,1.064039,.5200798,.0325733,.9381301,28,71
-.07582286,.01968572,345,5,1,-883.6439,1.0334725,1.875267,614,100,75,5.996743,12.01314,.1829268,1.064039,.5200798,.0325733,.9381301,28,71
-.10387858,.00293727,346,1,1,-20982.69,0,0,8860,702,400,11.7105,40.97865,.4214092,2.622091,.1299839,.1671558,.8924934,200,606
-.04160453,.0041125,347,1,1,-1979.381,.38718404,.3686662,1157,122,108,8.969749,21.03729,.4025317,2.323529,.3578869,.0872947,.8819133,42,101
-.04161772,.0041067,347,5,1,-1979.527,.72732763,.8620033,1157,122,108,8.969749,21.03729,.4025317,2.323529,.3578869,.0872947,.8819133,42,101
-.07861887,.00529303,350,1,1,-4153.006,0,0,3095,244,158,8.495961,19.22692,.3683981,1.962963,.1735954,.2995153,.9071011,62,202
-.07862759,.00529562,350,5,1,-4153.047,,,3095,244,158,8.495961,19.22692,.3683981,1.962963,.1735954,.2995153,.9071011,62,202
-.07604866,.00320958,351,1,1,-5032.865,.06379536,.2684676,3517,344,318,9.385271,18.24342,.4718543,2.251213,.0875632,.1666193,.8996468,107,255
-.07605708,.00320867,351,5,1,-5032.812,.24437388,.5683575,3517,344,318,9.385271,18.24342,.4718543,2.251213,.0875632,.1666193,.8996468,107,255
-.08999286,.00364253,352,1,1,-12582.04,.18007975,.1947241,6144,515,312,11.0887,20.88336,.4786845,2.450008,.2230827,.1404622,.8910679,158,437
-.09001688,.00364513,352,5,1,-12581.89,.47675302,.4393171,6144,515,312,11.0887,20.88336,.4786845,2.450008,.2230827,.1404622,.8910679,158,437
-.07400538,0,354,1,1,-384.9774,.84485153,0,363,64,73,7.272727,13.84254,.3495146,1.651934,.1137673,.0661157,.8920887,40,47
-.0737852,0,354,5,1,-385.2236,1.3089656,0,363,64,73,7.272727,13.84254,.3495146,1.651934,.1137673,.0661157,.8920887,40,47
-.1290637,.0058362,355,1,1,-9480.748,0,0,4330,458,239,11.02125,28.29867,.4021739,2.41595,.1639614,.012933,.8853014,135,406
-.12906022,.0058356,355,5,1,-9480.774,3.272e-24,2.97e-21,4330,458,239,11.02125,28.29867,.4021739,2.41595,.1639614,.012933,.8853014,135,406
-.11418173,.00234778,356,1,1,-44997.44,.19836244,.1227083,16349,1379,608,11.8176,34.07463,.372797,2.220078,.1294995,.014007,.8956172,268,1208
-.11418928,.00234672,356,5,1,-44997.27,.49221364,.2989398,16349,1379,608,11.8176,34.07463,.372797,2.220078,.1294995,.014007,.8956172,268,1208
-.09631034,.00354134,357,1,1,-10731.42,.17793583,.2470131,5771,568,419,9.17432,15.57666,.3895617,1.848991,.0469878,.1152313,.8911334,154,441
-.09632042,.0035406,357,5,1,-10731.52,.35844446,.5941663,5771,568,419,9.17432,15.57666,.3895617,1.848991,.0469878,.1152313,.8911334,154,441
-.09284468,.00478937,358,1,1,-8732.542,.54088853,.3163033,4178,396,242,10.13427,33.17727,.3861691,2.101972,.2482203,.0330302,.9075301,135,352
-.09286804,.00478581,358,5,1,-8734.544,.50814265,.7165344,4178,396,242,10.13427,33.17727,.3861691,2.101972,.2482203,.0330302,.9075301,135,352
-.06987366,.00664281,359,1,1,-1663.331,.07320167,.4860369,1116,154,118,7.058244,24.71903,.5682657,2.340827,.3104004,.5403226,.8918377,44,125
-.06986741,.00663886,359,5,1,-1663.345,.01215083,.8815497,1116,154,118,7.058244,24.71903,.5682657,2.340827,.3104004,.5403226,.8918377,44,125
-.0957964,.00565076,360,1,1,-4101.613,.16068275,.3269734,2486,258,225,9.291231,34.18178,.5018909,2.844166,.2835625,.033387,.8885651,58,186
-.09579761,.00565078,360,5,1,-4101.685,.25241126,.6319849,2486,258,225,9.291231,34.18178,.5018909,2.844166,.2835625,.033387,.8885651,58,186
-.06056117,.01424046,362,1,1,-2262.627,1.2658393,.4523059,1805,172,140,10.25042,28.56232,.327572,2.360491,.1842629,.1357341,.8981158,41,133
-.06072198,.01428627,362,5,1,-2262.786,3.0356698,1.137978,1805,172,140,10.25042,28.56232,.327572,2.360491,.1842629,.1357341,.8981158,41,133
-.08880003,.00841012,363,1,1,-5742.304,0,0,2861,296,183,10.01223,23.19718,.5725894,2.351702,.3703761,.1321216,.8946396,107,269
-.08879137,.0084067,363,5,1,-5742.31,0,0,2861,296,183,10.01223,23.19718,.5725894,2.351702,.3703761,.1321216,.8946396,107,269
-.07791645,.00422842,364,1,1,-12086.27,,,5052,525,297,10.03444,21.97691,.364366,1.840127,.1145955,.0568092,.9054794,152,453
-.07791645,.00422842,364,5,1,-12086.27,,,5052,525,297,10.03444,21.97691,.364366,1.840127,.1145955,.0568092,.9054794,152,453
-.05781598,.00306103,365,1,1,-6299.077,.15797478,.2845006,5927,505,362,9.791632,29.51129,.6710083,2.813258,.1037395,.1255272,.9160782,59,317
-.05784154,.00306274,365,5,1,-6298.947,.41226997,.5543088,5927,505,362,9.791632,29.51129,.6710083,2.813258,.1037395,.1255272,.9160782,59,317
-.05852265,.00155037,366,1,1,-12022.65,,,6161,430,286,11.14543,28.08082,.5352586,2.527442,.0864475,.2067846,.9092413,122,356
-.05852265,.00155037,366,5,1,-12022.65,,,6161,430,286,11.14543,28.08082,.5352586,2.527442,.0864475,.2067846,.9092413,122,356
-.03147365,.00432584,367,1,1,-2060.353,0,0,1461,159,133,7.743327,32.38912,.6617916,2.82989,.2452096,.2094456,.8960031,62,138
-.03148008,.00432906,367,5,1,-2060.407,,,1461,159,133,7.743327,32.38912,.6617916,2.82989,.2452096,.2094456,.8960031,62,138
-.06967458,.00390354,368,1,1,-13047.16,0,0,6037,383,189,11.29385,32.11332,.4398496,2.388426,.3437949,.3579592,.9234123,57,324
-.06969614,.00390558,368,5,1,-13047.37,,,6037,383,189,11.29385,32.11332,.4398496,2.388426,.3437949,.3579592,.9234123,57,324
-.07629274,.00492555,369,1,1,-3202.42,0,0,1637,210,133,9.920587,20.55356,.3969171,1.965496,.154854,.1105681,.8962234,71,190
-.07630165,.00492453,369,5,1,-3202.441,,,1637,210,133,9.920587,20.55356,.3969171,1.965496,.154854,.1105681,.8962234,71,190
-.03904054,.00319291,370,1,1,-2330.926,0,0,1654,201,194,9.95647,17.97319,.570056,2.761557,.4357952,.1529625,.905345,18,71
-.03901378,.00314913,370,5,1,-2330.936,,,1654,201,194,9.95647,17.97319,.570056,2.761557,.4357952,.1529625,.905345,18,71
-.03556621,0,371,1,1,-10150.99,.61738344,0,7057,598,432,10.85305,19.3765,.6568646,3.345792,.1298681,.3124557,.8972266,71,317
-.03556496,.00182321,371,5,1,-10152.61,.96155619,.4056327,7057,598,432,10.85305,19.3765,.6568646,3.345792,.1298681,.3124557,.8972266,71,317
-.06900161,.00497116,373,1,1,-7902.643,.24291373,.2155458,4071,313,191,10.59912,46.82124,.4478591,2.480465,.3879984,.0358634,.8981651,66,253
-.06895263,.00496606,373,5,1,-7902.97,.34580419,.4933892,4071,313,191,10.59912,46.82124,.4478591,2.480465,.3879984,.0358634,.8981651,66,253
-.02909373,.00362744,374,1,1,-2641.769,0,0,1744,165,119,10.47821,23.19699,.7582781,3.398844,.182058,.065367,.8661098,50,122
-.02909112,.00362673,374,5,1,-2641.779,.01304098,.846436,1744,165,119,10.47821,23.19699,.7582781,3.398844,.182058,.065367,.8661098,50,122
-.08101945,.00781983,375,1,1,-1578.229,.61835865,.4805835,1147,137,139,8.537053,18.48587,.3904383,2.116197,.217573,.0374891,.8827782,31,93
-.08113181,.00780675,375,5,1,-1578.523,1.2116965,1.202832,1147,137,139,8.537053,18.48587,.3904383,2.116197,.217573,.0374891,.8827782,31,93
-.06774389,.00508399,376,1,1,-2577.465,.85441458,.4381958,1546,162,135,8.689522,15.24264,.344246,1.680601,.190446,.1532988,.8833473,33,129
-.06766561,.00509288,376,5,1,-2578.756,1.2940141,.9656692,1546,162,135,8.689522,15.24264,.344246,1.680601,.190446,.1532988,.8833473,33,129
-.05688013,.00240922,377,1,1,-17245.95,,,7603,563,307,11.6454,29.73576,.365731,2.011916,.3352711,.0110483,.8986753,83,461
-.05688013,.00240922,377,5,1,-17245.95,,,7603,563,307,11.6454,29.73576,.365731,2.011916,.3352711,.0110483,.8986753,83,461
-.07610667,.00353701,379,1,1,-9999.331,.26893675,.2223212,5404,413,284,12.19893,23.48278,.6435297,3.032893,.1677677,.0181347,.8912336,89,314
-.05953768,.00173901,380,1,1,-31709.14,.37383139,.143483,14492,923,480,12.86399,22.5457,.4345028,2.590947,.1060477,.076249,.8953211,186,750
-.05955779,.00174014,380,5,1,-31708.35,.93209429,.3287922,14492,923,480,12.86399,22.5457,.4345028,2.590947,.1060477,.076249,.8953211,186,750
-.0628031,.00573649,383,1,1,-4000.626,.38116021,.2717318,2653,150,150,12.89031,24.8992,.5229941,4.694002,.1241998,.0060309,.8728625,23,101
-.06276979,.00575685,383,5,1,-4000.675,.78538985,.5903499,2653,150,150,12.89031,24.8992,.5229941,4.694002,.1241998,.0060309,.8728625,23,101
-.05428749,.00239531,385,1,1,-11564.55,0,0,5979,489,334,14.28634,19.10268,.4026549,2.615462,.0811599,.098177,.9051508,89,337
-.05427816,.00239207,385,5,1,-11564.73,,,5979,489,334,14.28634,19.10268,.4026549,2.615462,.0811599,.098177,.9051508,89,337
-.04715705,.00581053,386,1,1,-1738.59,.94780951,.3880171,1788,144,126,11.43065,27.43975,.3756098,2.519685,.3189383,.0178971,.8859038,39,105
-.04726946,.00580102,386,5,1,-1738.534,2.058638,.8748291,1788,144,126,11.43065,27.43975,.3756098,2.519685,.3189383,.0178971,.8859038,39,105
-.02742911,.00605844,388,1,1,-1595.454,1.3124287,.4528364,1003,99,83,8.922234,17.77085,.6016371,3.160643,.1596258,.3908275,.8803558,31,74
-.02725005,.00605148,388,5,1,-1597.451,2.1112222,1.021479,1003,99,83,8.922234,17.77085,.6016371,3.160643,.1596258,.3908275,.8803558,31,74
-.0727075,.01195976,390,1,1,-2476.219,0,0,1833,154,165,10.17458,18.09582,.3268934,2.314286,.2501973,.0060011,.9121166,21,88
-.07262769,.01197674,390,5,1,-2476.236,,,1833,154,165,10.17458,18.09582,.3268934,2.314286,.2501973,.0060011,.9121166,21,88
-.06531729,.00184657,391,1,1,-42291.69,.26275655,.1377582,17415,1182,629,14.01792,29.70404,.7615181,3.149515,.0425263,.0486362,.8911108,209,972
-.06535996,.0018431,391,5,1,-42288.09,.92263172,.3465824,17415,1182,629,14.01792,29.70404,.7615181,3.149515,.0425263,.0486362,.8911108,209,972
-.04880462,.0053233,393,1,1,-1899.779,.29510178,.4703148,1930,132,158,10.2829,13.18424,.8100437,3.033351,.1031953,.1067358,.9046893,25,88
-.0487999,.00534142,393,5,1,-1899.91,.38318449,1.007155,1930,132,158,10.2829,13.18424,.8100437,3.033351,.1031953,.1067358,.9046893,25,88
-.07877389,.00362061,394,1,1,-16239.31,.24393786,.2022816,7693,588,343,11.90823,26.10118,.5111198,2.668931,.1222781,.1006109,.8944834,136,470
-.07877034,.00361893,394,5,1,-16239.77,.37408716,.4441831,7693,588,343,11.90823,26.10118,.5111198,2.668931,.1222781,.1006109,.8944834,136,470
-.07665205,.00993504,396,1,1,-799.165,.237193,.6018747,982,152,135,5.649694,36.04004,.6230366,2.870902,.1140467,.0112016,.9090641,12,97
-.0767511,.00994437,396,5,1,-799.0654,.74002158,1.207427,982,152,135,5.649694,36.04004,.6230366,2.870902,.1140467,.0112016,.9090641,12,97
-.04142397,.00174719,397,1,1,-26335.04,0,0,12374,1173,775,12.33086,22.65441,.5287697,2.5792,.0590025,.0408922,.8917395,191,718
-.05031989,.00671481,399,1,1,-2534.981,.90228831,.3860859,1416,143,107,9.414548,25.93305,.5157292,3.426638,.2370866,.2492938,.8919772,45,121
-.05030294,.00671567,399,5,1,-2535.229,1.8824576,.8582199,1416,143,107,9.414548,25.93305,.5157292,3.426638,.2370866,.2492938,.8919772,45,121
-.05379155,.01032771,402,1,1,-1356.959,.56886788,.5530766,1289,153,122,6.975174,31.01641,.5821206,2.8375,.133843,.0093095,.9010074,12,111
-.053977,.01031523,402,5,1,-1357.318,.70573792,1.14749,1289,153,122,6.975174,31.01641,.5821206,2.8375,.133843,.0093095,.9010074,12,111
-.0673469,.00856267,406,1,1,-606.538,.42071675,.4426886,985,87,118,11.28223,15.42343,.8732395,2.858896,.1670262,.1228426,.9034517,10,36
-.06739222,.00847766,406,5,1,-606.3986,1.1601354,.9280943,985,87,118,11.28223,15.42343,.8732395,2.858896,.1670262,.1228426,.9034517,10,36
-.02580416,.01102211,411,1,1,-810.5239,1.0819969,.7096431,745,80,89,7.657718,11.78869,.3275261,1.867925,.1932075,.2912752,.8980367,18,49
-.02595889,.01103335,411,5,1,-811.4274,1.3155574,1.470716,745,80,89,7.657718,11.78869,.3275261,1.867925,.1932075,.2912752,.8980367,18,49
-.03603438,.0051603,413,1,1,-810.635,,,1273,207,112,6.545954,22.00796,.4116331,2.04996,.4169064,.5388845,.8949306,50,125
-.03603438,.0051603,413,5,1,-810.635,,,1273,207,112,6.545954,22.00796,.4116331,2.04996,.4169064,.5388845,.8949306,50,125
-.02540175,.00318665,416,1,1,-7270.296,.4942376,.2716246,3738,362,230,11.55939,28.6618,.5034143,3.215713,.175441,.2295345,.8990064,86,275
-.02541528,.00317602,416,5,1,-7270.897,.86786137,.5823439,3738,362,230,11.55939,28.6618,.5034143,3.215713,.175441,.2295345,.8990064,86,275
-.03031598,.00669896,417,5,1,-874.8754,,,953,83,112,9.912907,21.95026,.5869873,2.697355,.411598,.0062959,.9046421,26,56
-.06780333,.00677072,420,1,1,-1442.655,,,1327,119,127,10.79427,24.01436,.6010363,3.167171,.200229,.094951,.8888842,28,79
-.06780333,.00677072,420,5,1,-1442.655,,,1327,119,127,10.79427,24.01436,.6010363,3.167171,.200229,.094951,.8888842,28,79
-.07886446,.00689946,421,1,1,-3027.541,0,0,2312,164,97,10.73443,21.51414,.4242607,2.56106,.1851503,.3032007,.9051521,46,138
-.07891968,.00689784,421,5,1,-3027.554,.2017687,.7911015,2312,164,97,10.73443,21.51414,.4242607,2.56106,.1851503,.3032007,.9051521,46,138
-.03647184,.00508317,422,1,1,-3457.174,.02938134,.3290172,2067,167,113,12.43638,19.44651,.6424502,3.309605,.3067624,.3938074,.8833019,58,130
-.03650767,.00509557,422,5,1,-3457.104,.27062917,.6756471,2067,167,113,12.43638,19.44651,.6424502,3.309605,.3067624,.3938074,.8833019,58,130
-.08986216,0,423,1,1,-9098.321,.17102641,0,8502,620,384,11.71113,18.0535,.5444542,2.903962,.0907843,.2045401,.8960218,119,417
-.0899205,0,423,5,1,-9098.605,.09468114,0,8502,620,384,11.71113,18.0535,.5444542,2.903962,.0907843,.2045401,.8960218,119,417
-.06479531,.00445642,424,1,1,-2520.508,.37179229,.420751,2408,280,249,8.487957,13.5382,.4614918,1.846956,.0956036,.1644518,.923804,37,161
-.06478351,.00445376,424,5,1,-2520.675,.58747845,.9186558,2408,280,249,8.487957,13.5382,.4614918,1.846956,.0956036,.1644518,.923804,37,161
-.10462315,.00328286,426,1,1,-22001.89,.33883358,.1647498,8628,646,401,13.82313,24.35458,.412844,2.432244,.1131251,.0295549,.9040932,149,547
-.10460413,.00328388,426,5,1,-22002.8,.59427806,.3998125,8628,646,401,13.82313,24.35458,.412844,2.432244,.1131251,.0295549,.9040932,149,547
-.07244958,.00333826,427,1,1,-6077.116,0,0,4613,347,210,9.769998,25.10583,.43127,2.474155,.1485996,.1901149,.9060807,97,286
-.07244796,.00333825,427,5,1,-6077.101,0,0,4613,347,210,9.769998,25.10583,.43127,2.474155,.1485996,.1901149,.9060807,97,286
-.12927888,.01446373,428,1,1,-2240.754,.60554834,.4230366,2118,171,111,9.907932,25.75629,.3209581,2.180654,.3409893,.03305,.9068512,30,126
-.12925406,.01444852,428,5,1,-2240.553,1.3843623,.8983981,2118,171,111,9.907932,25.75629,.3209581,2.180654,.3409893,.03305,.9068512,30,126
-.05723806,.00476369,429,1,1,-11835.23,.31220461,.2163495,5010,294,186,13.64331,36.14661,.4795918,3.075211,.2050462,.1357285,.8981998,77,259
-.05722117,.0047615,429,5,1,-11835.31,.67519595,.4601594,5010,294,186,13.64331,36.14661,.4795918,3.075211,.2050462,.1357285,.8981998,77,259
-.05437363,.00246232,430,1,1,-19816.06,.12591416,.1792813,8523,443,256,12.75537,40.94059,.4084553,2.696047,.2025751,.0508037,.9079294,77,386
-.0543173,.00246758,430,5,1,-19816.33,0,0,8523,443,256,12.75537,40.94059,.4084553,2.696047,.2025751,.0508037,.9079294,77,386
-.06198314,.00203786,431,1,1,-25440.3,.05977546,.1467918,10963,722,379,13.47314,28.3959,.4861358,2.674694,.2762841,.0332026,.9005131,156,599
-.06199085,.00203555,431,5,1,-25440.38,5.79e-165,0,10963,722,379,13.47314,28.3959,.4861358,2.674694,.2762841,.0332026,.9005131,156,599
-.06412776,.0030951,432,1,1,-7869.122,.25585901,.2804293,4713,302,240,9.533206,36.61277,.4792013,2.514511,.2085226,.1198812,.9062933,68,254
-.06409539,.00309258,432,5,1,-7868.806,.64639651,.5735352,4713,302,240,9.533206,36.61277,.4792013,2.514511,.2085226,.1198812,.9062933,68,254
-.0715601,.00380327,435,1,1,-5458.259,.2215465,.2496072,2708,317,239,12.363,18.87868,.4260012,2.731354,.1269053,.0487445,.8896462,115,265
-.07155718,.00380321,435,5,1,-5458.372,.4022696,.6044933,2708,317,239,12.363,18.87868,.4260012,2.731354,.1269053,.0487445,.8896462,115,265
-.05816886,.00458485,437,1,1,-3477.128,.74333949,.4423999,1924,336,219,10.09252,13.08938,.3465608,2.079664,.2529046,.1767152,.90352,78,242
-.0582825,.00462237,437,5,1,-3476.518,1.8423304,.8782269,1924,336,219,10.09252,13.08938,.3465608,2.079664,.2529046,.1767152,.90352,78,242
-.08879546,.00654002,438,1,1,-3544.355,0,0,1758,252,148,8.590444,21.62306,.5502431,2.652874,.5615324,.019909,.9068204,74,193
-.08874888,.00653869,438,5,1,-3544.353,.10161289,.6527702,1758,252,148,8.590444,21.62306,.5502431,2.652874,.5615324,.019909,.9068204,74,193
-.0704213,.00374064,439,1,1,-22338.65,.13131803,.1762103,10386,856,443,11.11438,16.03458,.376453,2.004067,.2178254,.2157712,.9202057,138,648
-.07040141,.00374144,439,5,1,-22338.9,.07715089,.3983778,10386,856,443,11.11438,16.03458,.376453,2.004067,.2178254,.2157712,.9202057,138,648
-.09483956,.00863526,441,1,1,-4324.992,.37222585,.348347,2979,335,192,9.562941,18.83593,.4220878,2.18265,.3023978,.278617,.9021764,80,246
-.09482882,.00863615,441,5,1,-4325.31,.50182124,.7336643,2979,335,192,9.562941,18.83593,.4220878,2.18265,.3023978,.278617,.9021764,80,246
-.05960334,.00716419,442,1,1,-1298.461,.45532892,.4051353,1144,130,134,9.90035,17.59083,.4019851,1.851101,.2817956,.0305944,.899595,33,76
-.059633,.00718345,442,5,1,-1297.998,1.4260521,.9681919,1144,130,134,9.90035,17.59083,.4019851,1.851101,.2817956,.0305944,.899595,33,76
-.09636688,.00755819,444,1,1,-2457.755,.01753318,.3604414,1525,127,105,8.111475,24.61508,.6993243,2.887863,.1809058,.1291803,.8894021,32,102
-.09638191,.00754768,444,5,1,-2457.748,.0895203,.7581882,1525,127,105,8.111475,24.61508,.6993243,2.887863,.1809058,.1291803,.8894021,32,102
-.07459516,.00582184,445,1,1,-2197.778,.28281712,.4418459,1684,141,120,9.739905,16.06695,.4743378,2.346659,.175071,.0587886,.9010683,38,110
-.07456194,.00582164,445,5,1,-2197.704,.72224983,1.026675,1684,141,120,9.739905,16.06695,.4743378,2.346659,.175071,.0587886,.9010683,38,110
-.04688087,.0076278,446,1,1,-830.1713,,,630,132,111,5.785714,11.84219,.8605769,1.89172,.1112774,.3047619,.9130208,44,92
-.04688087,.0076278,446,5,1,-830.1713,,,630,132,111,5.785714,11.84219,.8605769,1.89172,.1112774,.3047619,.9130208,44,92
-.06092998,.00615065,447,1,1,-2978.045,.16224704,.3839581,1958,217,162,8.730337,14.67438,.6191155,2.052308,.1828521,.2574055,.9080515,40,142
-.06091879,.00615846,447,5,1,-2978.037,.36852044,.8094954,1958,217,162,8.730337,14.67438,.6191155,2.052308,.1828521,.2574055,.9080515,40,142
-.01700743,.00272679,448,1,1,-1633.232,.90838883,.3539093,1381,138,111,7.350471,17.35157,.5665666,1.786492,.2299297,.6719768,.9023485,35,106
-.01699867,.00271631,448,5,1,-1634.23,1.5165877,.8083389,1381,138,111,7.350471,17.35157,.5665666,1.786492,.2299297,.6719768,.9023485,35,106
-.06409587,.00227829,449,1,1,-8095.749,.10149476,.27647,5754,517,303,9.083073,15.53787,.5469613,2.317405,.0992006,.5427529,.9070594,125,410
-.06409269,.00227921,449,5,1,-8095.831,.0506038,.5984018,5754,517,303,9.083073,15.53787,.5469613,2.317405,.0992006,.5427529,.9070594,125,410
-.04099343,.0039573,450,1,1,-1705.052,0,0,1629,246,200,6.685697,11.45628,.4368291,1.833436,.1655789,.4511971,.9130719,66,173
-.04094841,.00395075,450,5,1,-1705.034,.31487867,1.053398,1629,246,200,6.685697,11.45628,.4368291,1.833436,.1655789,.4511971,.9130719,66,173
-.07360274,.00197058,451,1,1,-33665.53,.04374796,.1399829,14620,1146,548,10.89439,24.7436,.567075,2.570114,.0842737,.3322161,.8952579,220,951
-.07360814,.00197028,451,5,1,-33665.45,0,0,14620,1146,548,10.89439,24.7436,.567075,2.570114,.0842737,.3322161,.8952579,220,951
-.04034961,.00620049,452,1,1,-925.8256,.70547636,.7997453,834,119,115,7.010791,15.55889,1.808081,3.121394,.1450552,.4292566,.9168631,62,88
-.0404047,.00620566,452,5,1,-926.1935,.61831333,2.190674,834,119,115,7.010791,15.55889,1.808081,3.121394,.1450552,.4292566,.9168631,62,88
-.06364243,.00784144,456,1,1,-1130.666,.20530786,.5615128,1025,112,99,7.692683,14.08219,.4673629,2.18903,.2337057,.2829268,.9062909,21,79
-.06359793,.00786165,456,5,1,-1130.732,,,1025,112,99,7.692683,14.08219,.4673629,2.18903,.2337057,.2829268,.9062909,21,79
,,12,,,,,,9537,,,,,,,,,.9104056,152,755
,,102,,,,,,3183,,,,,,,,,.9117658,71,241
,,103,,,,,,5869,,,,,,,,,.8987313,112,518
,,150,,,,,,887,,,,,,,,,.9223096,15,87
,,188,,,,,,993,,,,,,,,,.8794129,73,95
,,216,,,,,,457,,,,,,,,,.8893357,37,78
,,221,,,,,,487,,,,,,,,,.88613,28,72
,,274,,,,,,2657,,,,,,,,,.9072461,46,174
,,280,,,,,,2071,,,,,,,,,.8920304,34,155
,,293,,,,,,2327,,,,,,,,,.9082913,56,234
,,312,,,,,,4131,,,,,,,,,.8964161,132,421
,,315,,,,,,642,,,,,,,,,.9133193,57,108
,,382,,,,,,1125,,,,,,,,,.8932502,26,91
,,400,,,,,,1783,,,,,,,,,.9057449,39,126
,,412,,,,,,7306,,,,,,,,,.9037971,100,420
,,418,,,,,,826,,,,,,,,,.9046266,43,92
,,440,,,,,,6399,,,,,,,,,.9093635,82,377
,,443,,,,,,2883,,,,,,,,,.8941217,74,246
,,457,,,,,,506,,,,,,,,,.8750946,31,70
