hrr,coef_m,pij_diff_full,pij_diff_current,pij_diff_fullfam,health_full,health_current,health_fullfam,health_base,n_cases,corr_fe_qual,fe_sd,fe_range,qual_sd,corr_realloc_qual_full,corr_realloc_qual_fullfam,realloc_to_highq_full,realloc_to_lowq_full,realloc_to_highq_fullfam,realloc_to_lowq_fullfam,fe_mean_highqual,fe_mean_lowqual,n_specs,eta
1,.23126517,.3049049,.2318874,.3525618,.0005054,.0010271,-.0005775,.8720628,6507,.0610359,.8529309,4.466155,.0536416,.0289997,-.0188308,144.7685,-144.7685,129.4082,-129.4083,.6686797,.7061201,159,1
2,.09191267,.1474278,.1322205,.1917094,-.0000592,.0004269,-.0028269,.884815,2142,.2591583,.8793734,4.877545,.0414323,-.004981,-.177692,-20.53286,20.53286,-24.54252,24.54252,.7904399,.3825665,40,1
5,.28421617,.1818177,.1606361,.2185941,.0021219,.0024391,-.004129,.8916625,2773,.0569865,3.14171,17.03189,.0486559,.0887084,-.1066629,106.8453,-106.8454,-144.3533,144.3533,1.051642,.7103188,82,1
6,0,.2802057,.2122245,.3224893,-.0025196,-.0001144,-.0041625,.889644,3016,.2519022,.6327857,2.727859,.0400983,-.2258274,-.193964,-1.86033,1.860334,-104.0626,104.0626,.3012368,.0613138,52,1
7,0,.198765,.1635588,.2251014,.0000579,.0012107,-.0049305,.8953258,1403,.2506213,1.025507,4.049901,.047426,.0050724,-.2300441,4.410667,-4.41067,-89.47044,89.47044,.5529622,-.0359505,61,1
9,1.8607966,.3467481,.2857014,.3472498,-.0046212,-.0015512,-.0017107,.8910313,122,-.1745091,6.629132,24.48558,.046041,-.1791207,-.0677836,-5.502532,5.502532,-1.2972,1.2972,-.0336326,2.047311,33,1
10,.72477554,.1479401,.1204291,.167965,.0013207,.0006785,.0020143,.8858372,876,-.2669428,4.509885,17.68846,.045503,.1579358,.1867008,28.89549,-28.89549,14.22986,-14.22986,-3.546107,-1.168521,26,1
11,9.552e-51,.2799683,.2305886,.2993766,.0021863,.0009206,.0017168,.8979091,3317,-.005771,.8705613,4.480669,.039589,.1756767,.0997717,22.99624,-22.99623,5.396798,-5.396798,.5085523,.5637422,89,1
14,0,.2683728,.2122184,.3021143,.0014798,.0005004,.0011884,.896781,2927,-.0436686,.7950618,3.531495,.0386479,.0722249,.0381307,152.2237,-152.2237,156.2273,-156.2273,-.8660291,-.8077061,79,1
15,.5647073,.3150942,.2091186,.3376431,-.0015865,-.0005383,-.0029143,.904195,3007,.1654308,.5929519,2.152934,.0397728,-.1189814,-.1982249,-203.5092,203.5091,-179.6799,179.6799,-.0749145,-.5473195,24,1
16,.08683799,.220985,.1759457,.2446216,.0002624,.0009087,-.0027544,.8905006,1676,.0977119,3.14931,15.96839,.0363594,.0476685,-.1973114,13.30431,-13.30431,-69.78676,69.78675,.579933,-.8020703,44,1
18,0,.288655,.1928914,.2873437,.0003099,.0002903,.0023143,.8885023,1170,-.0896209,2.526251,13.67725,.0385107,.0131022,.1507062,90.54806,-90.54806,48.43866,-48.43866,-1.117865,-.2859882,27,1
19,0,.2736995,.2128243,.3021094,.0014856,.0028333,-.0027015,.8911069,8155,-.0439927,.9281774,4.521065,.0422451,.0767123,-.1138364,183.6885,-183.6885,21.16189,-21.16189,-1.113466,-1.166448,110,1
21,.32495662,.1952511,.1523692,.2714637,-.0012769,-.000459,-.0008223,.9025668,1494,.3630318,3.808863,16.08728,.0282101,-.1402004,-.0419297,-33.03298,33.03299,-34.60004,34.60004,-.3177048,-1.087751,43,1
22,.86843341,.1339474,.1188479,.1426417,.0012569,.0010039,.0028088,.8586521,808,.0676013,2.745325,15.84597,.029316,.2552565,.5391271,22.773,-22.773,35.48137,-35.48136,.0559935,-1.215823,30,1
23,0,.3461385,.2588012,.398008,-.0016977,.0005157,-.0087668,.927015,4278,.1467625,3.74882,18.97931,.0418294,-.0549599,-.2149325,-134.2779,134.2779,-404.6116,404.6116,-.1235919,-1.1185,111,1
25,.49501493,.2281814,.1770731,.2537091,.0015133,.0016716,-.0038847,.9103762,2264,.1284877,.9304806,4.946466,.0527751,.041161,-.1451939,100.687,-100.687,-59.9753,59.97531,1.016196,.5108304,53,1
31,0,.2255595,.1764731,.3522371,.0050308,.0036999,-.0054778,.8915147,1687,.0039077,3.177869,14.751,.0712504,.2256514,-.0736329,60.99212,-60.99212,-129.6566,129.6566,-2.195307,-1.080941,36,1
33,.17992742,.2531533,.1989437,.2978301,-.0008485,-.0002614,-.0037169,.9204323,2388,.0099747,4.252224,17.37953,.0490009,-.0553192,-.0957887,25.91027,-25.91026,-72.08537,72.08537,-2.292361,-2.705291,72,1
43,.23550929,.2466897,.201472,.3093019,.0007355,.0016684,-.0061332,.9122523,2335,.1687588,.8631765,3.766849,.0603579,.0734762,-.1267717,49.2668,-49.2668,-118.1372,118.1371,-.4705532,-.9985358,32,1
56,.03487122,.4359024,.2705762,.4985474,.0003121,.0030589,-.0077698,.9051131,10297,.2963104,.9374997,5.525842,.0466204,.0090556,-.1863353,74.45512,-74.45512,-726.6414,726.6414,-.5601375,-1.07369,163,1
58,.22168099,.3354501,.2247029,.386343,-.0034443,-.0001268,-.0058709,.9030399,2558,-.1028291,3.547332,18.73199,.0490048,-.0807957,-.1703778,-119.4697,119.4697,-154.0719,154.0719,-.5803716,.4287764,91,1
62,.11598491,.3146199,.2054905,.4151929,.0034063,.0019709,-.0033492,.9170497,894,-.0144339,.7395068,3.779748,.0492499,.0889849,-.0513975,82.21329,-82.21329,-12.07938,12.07938,.2967218,.2787669,51,1
69,.26954513,.1551162,.1186655,.1796845,.0013733,.0009679,-.0002147,.9096537,1551,.4054312,.991806,3.093742,.0414558,.1613619,-.0208062,48.91337,-48.91337,26.14692,-26.14692,.7631204,-.2031,22,1
73,.62559749,.1476325,.1212676,.1837656,-.0017617,.0000873,-.0047132,.9031489,1843,-.0843312,.9188275,3.108615,.0429414,-.3683484,-.2918192,-26.03194,26.03194,-118.2448,118.2448,-.7668164,-.5402687,19,1
77,.04753712,.4909479,.3035719,.5231535,-.0032638,-.0004912,-.0036843,.9119815,7125,.3107475,.9898563,5.286044,.0453185,-.1286752,-.0996491,-345.0327,345.0327,-401.3152,401.3152,.9684984,.4021326,134,1
78,0,.2014568,.1582659,.2546569,.0000243,.0003159,-.0058815,.9122827,1500,-.1766321,3.912504,17.35061,.0484219,.0009018,-.1853549,26.09499,-26.09499,-145.235,145.235,-.4844156,.1096069,40,1
79,1.93e-289,.4102681,.2933217,.4459266,.0023027,-.0000211,.0029847,.8899007,1431,-.0743416,2.783942,16.74524,.0362746,.0811417,.0794287,91.22192,-91.22192,111.8791,-111.8791,-1.0226,-.3053239,124,1
80,.40051015,.4132546,.2767068,.441142,-.0019851,-.0001318,-.0041245,.9175275,5214,.0186007,4.27901,15.87944,.0297262,-.1585693,-.2692379,-172.0342,172.0342,-350.8434,350.8434,-2.174162,-1.215737,104,1
81,.42220529,.3381506,.2608182,.3651642,.0000133,.0001015,-.0031707,.9177712,2335,.0434008,3.737262,19.22147,.0504031,.0003271,-.0929245,-39.18252,39.18253,-74.05672,74.05672,-2.172074,-2.467766,88,1
82,.28769163,.3861026,.2839417,.4182124,-.002791,-.0018896,-.0029299,.9141724,2198,-.076912,1.01414,4.611808,.0515741,-.116162,-.0792971,-25.5249,25.5249,89.67112,-89.67112,.3170306,.4366441,66,1
83,0,.2025678,.1636486,.2719263,.0009645,.0007051,-.0036914,.9314904,1458,.2633469,1.144286,3.885655,.0234581,.1789968,-.391713,18.47327,-18.47327,-122.6237,122.6237,.6964228,.5425028,22,1
85,0,.3730395,.2408773,.4151687,-.0030302,-.0001029,-.0078186,.9219478,1645,.1697742,.9576464,4.182187,.0494397,-.0713347,-.167268,-153.6241,153.6241,-199.9069,199.9069,-.382099,-.560805,57,1
86,.14109477,.2721326,.1823036,.3019724,-.001369,-.0008335,-.0012936,.9230541,2454,-.3573846,1.90382,5.882471,.0437164,-.0607474,-.090345,-26.71128,26.71127,-25.97167,25.97167,-.2732312,.0653803,31,1
87,3.357e-72,.2636672,.1906521,.3032707,.0001042,-.0001013,-.0016585,.9095395,1182,.3590715,2.441182,18.08891,.0519933,.0069187,-.0492611,-1.461506,1.461499,-18.55791,18.5579,-1.268149,-2.118072,55,1
89,.2342996,.2923332,.1994322,.3461876,.0019807,.0006673,.0004809,.9263518,1768,-.0660335,4.41641,17.02011,.0368371,.0940436,.0163061,85.14858,-85.14858,21.71418,-21.71418,-.6657974,.4547332,54,1
91,.8158453,.389884,.280595,.4302939,-.0001071,-.0005946,-.00045,.9066479,1239,.1832522,4.381639,17.73448,.0450461,-.0039002,-.0111709,-25.07488,25.07488,-24.56609,24.56609,-1.927276,-2.229298,77,1
96,7.971e-07,.4109813,.2898171,.4300474,-.0013792,-.0004412,-.0065349,.9147939,2749,.0491873,2.979374,16.62306,.0438477,-.0688902,-.1859258,3.628873,-3.62887,-189.5492,189.5492,-.478595,-1.275309,80,1
101,2.052e-14,.3270515,.2286165,.3591033,.0036385,.0019923,-.004019,.9180401,818,.120325,2.256701,16.34633,.0356877,.0900671,-.1944061,39.34425,-39.34425,-25.77941,25.7794,-.0227681,-.6767216,47,1
104,.52530518,.1745086,.1545585,.1973609,.0020316,.0017218,-.00158,.9181592,1803,.0230348,3.790662,16.52187,.0374771,.1111242,-.0888702,91.10757,-91.10758,-20.60424,20.60424,-2.675879,-2.394655,44,1
105,.02366156,.1470982,.1205119,.1974193,.0005492,.0004347,-.0013845,.937984,1342,.0862068,.7894986,2.876235,.0246154,.1667661,-.2009896,26.38351,-26.38351,-51.63607,51.63607,1.062655,.7852518,24,1
106,.01264566,.279316,.2289362,.2933441,-.0014346,-.0009114,-.0019679,.9027476,1584,-.0770792,3.593438,16.98777,.03791,-.0692601,-.0674332,-89.15767,89.15766,-88.10055,88.10054,-.7038341,-.0714756,51,1
107,.12823314,.1394627,.1206342,.1546125,.0011151,.0009829,.0014575,.88677,1008,.0506515,.7106112,2.694026,.0422277,.1274344,.10178,17.16323,-17.16323,33.44334,-33.44333,-.8302842,-.5686185,30,1
109,0,.2959773,.2141235,.3738277,-.0002278,-.0000602,-.0022737,.9090265,2344,.0103422,2.815784,15.94936,.0363148,-.0135739,-.0577297,30.76678,-30.76679,8.096366,-8.096366,-.4976422,-.3151307,112,1
111,.27195489,.3158014,.2315613,.3870673,.001077,.0012867,-.0010153,.8911202,6939,.24813,2.154898,15.939,.0381275,.0670941,-.0378693,40.74223,-40.74223,-134.9634,134.9634,.005229,-.8323851,165,1
112,.0315068,.2762357,.2063111,.35448,.0001316,.0008887,-.0047323,.9070022,6448,.0107176,2.572972,18.16616,.0412989,.0051839,-.1058249,-7.041092,7.041091,-468.6588,468.6589,-.8596808,-.3497485,157,1
113,.21662467,.354877,.2442166,.4171864,-.0023356,-.0004176,-.0049002,.9052221,9738,-.0286835,2.151124,19.275,.0469415,-.1048238,-.1194377,-342.3729,342.3729,-755.1557,755.1557,-.2601929,-.0305933,226,1
115,.23176601,.2068871,.1730124,.2726222,.0007942,.0009081,-.0010345,.900917,2359,-.1145063,2.383894,16.84372,.0396736,.0426428,-.0341358,52.93361,-52.93361,-124.5573,124.5573,-1.951267,-1.111298,43,1
118,.05525466,.2355183,.1935428,.2809709,.0016114,.0020886,-.0035316,.8934534,10535,.298841,.9616858,4.257415,.0420112,.0710563,-.2268499,230.8232,-230.8231,-457.6495,457.6495,-.3524064,-.8344619,90,1
119,.17143807,.2315565,.1914206,.2657057,.0007529,.0010128,-.0019479,.8999613,13065,.2537226,.836368,4.246542,.0493969,.0426846,-.1083098,329.4063,-329.4063,-193.3682,193.3682,.3791963,.0125391,83,1
120,.26576411,.2759602,.2082626,.3372291,.0003666,.0029627,-.0066688,.8930165,2407,.0224678,2.770287,17.07932,.039155,.0239467,-.1496101,-26.87202,26.87202,-207.0401,207.04,.8700814,.9142929,68,1
122,0,.2490134,.1942289,.2971251,.0015938,-.0004878,.0050183,.8734524,2409,.1359535,.9361821,4.613106,.0376283,.2076667,.1983499,25.58435,-25.58434,92.94896,-92.94897,.3302723,.0403538,65,1
123,2.786e-07,.2887353,.2193175,.3355875,-.0023612,-.0005914,-.0035588,.8856226,8666,.270257,.8207175,4.174113,.0459644,-.142508,-.1205154,-175.5017,175.5017,-237.9132,237.9132,.3905172,.1423167,79,1
124,.32045084,.2071815,.1673188,.2807939,-.0008375,-.0003602,-.0016873,.8818688,1422,.1129209,.806422,3.677497,.0490866,-.0652798,-.046871,-37.31587,37.31587,-68.92147,68.92148,-.621927,-1.121104,60,1
127,.67874093,.2971027,.204586,.3233666,-.004445,-.0008184,-.0053854,.9067549,1104,-.0147062,4.211082,18.38649,.0433418,-.1599501,-.151138,-45.49623,45.49622,-75.50728,75.50728,-1.698009,-1.832499,52,1
129,.13868132,.2445262,.1887601,.3237387,.0033304,.0031599,-.0049496,.8929004,4813,.2729394,1.893921,16.82725,.0428481,.1662369,-.1320718,212.8011,-212.8011,-234.7676,234.7676,-2.005959,-2.570018,103,1
130,.18781298,.3008626,.2184581,.3753499,-.0007072,.0000443,-.0039646,.8906578,14492,.1656955,1.044684,4.260036,.0489675,-.0267941,-.1225921,180.5924,-180.5924,-330.0525,330.0525,.2522625,-.0660944,208,1
131,.57293667,.1900057,.1589732,.2465747,.0019564,.0012622,.0002434,.905878,2702,-.0611403,2.852326,17.62022,.0405878,.1242374,.0096875,66.02262,-66.02261,-81.198,81.19798,-.5234924,.227497,65,1
133,.02024575,.151036,.1328763,.2218372,.0019093,.0018797,.0000729,.8807002,1131,.0114743,4.026485,15.79732,.0410307,.1056042,.0019471,-7.094335,7.094328,79.72253,-79.72253,-1.666752,.6774573,35,1
134,.1650311,.240395,.1868235,.2666314,.0015444,.0012446,-.002485,.8903267,3681,.1568956,.9423452,3.628691,.0418542,.075738,-.1498862,91.97009,-91.9701,-141.3037,141.3036,1.118255,.962881,58,1
137,0,.2211554,.1901402,.2449148,.0012435,.0014471,-.0025232,.9139891,6787,.1076317,1.607311,6.070511,.036637,.0423816,-.1524669,272.3271,-272.3272,-69.35748,69.35748,2.138737,1.869961,79,1
139,.25614431,.3106169,.2501214,.3209235,-.0029584,-.0020097,-.0010568,.8796466,1395,.0582767,.7875726,3.15827,.0508319,-.1397481,-.0407169,-102.8741,102.8741,-81.03974,81.03974,-1.308702,-1.264004,51,1
140,6.432e-17,.191039,.1572582,.2390607,.0014766,.0007487,.0025575,.8908287,1461,.1566015,.8864065,3.543183,.0338966,.1872405,.2249157,26.03134,-26.03133,22.71398,-22.71399,-.0681413,-.3228857,34,1
141,0,.3432125,.256703,.3623623,-.0020875,-.0005654,-.0035561,.8900962,2741,.0177773,2.9915,18.23033,.047027,-.0947953,-.1026759,-86.88519,86.88519,-129.1619,129.1619,.0939322,-.0365208,94,1
142,1.4927727,.2886621,.2399755,.3131544,-.0005901,.0007915,-.0008437,.8778358,287,.1781409,4.173207,14.18175,.0387659,-.0483564,-.036222,-.3578551,.3578537,-9.011183,9.011186,.5336534,-2.523587,28,1
144,.26790447,.4015033,.2811811,.4504189,.0000946,.0019442,-.004265,.9049647,15575,.1298421,.7892901,4.461057,.0424917,.0037883,-.1462825,-125.9974,125.9974,-823.5236,823.5236,-.7756145,-.864366,210,1
145,.20424075,.205689,.1644406,.2207018,.0034734,.002421,-.0009349,.9040453,2729,.2747603,.8520284,3.51541,.0447471,.1915397,-.0568909,62.14336,-62.14336,-26.67556,26.67557,-.199679,-.3209237,53,1
146,0,.161314,.1335403,.1769666,-.0004878,-.0002153,-.0032411,.8975803,1494,.3682954,.8036001,2.974358,.048242,-.0439933,-.213553,24.48984,-24.48984,-12.55529,12.55529,2.086636,1.91489,21,1
147,.04830338,.2043388,.1662282,.2595885,.0014147,.0013516,-.0016244,.9022384,1764,-.1847927,5.367152,19.41882,.0358727,.1219209,-.0867796,8.372286,-8.372288,-30.66507,30.66507,-1.685842,-.3414155,77,1
148,.42185289,.2520151,.1972686,.3030766,.0010105,.0000272,.0003822,.8701462,1321,.1345454,1.007721,4.442724,.0460678,.0738345,.0091558,-4.412977,4.412978,34.45777,-34.45778,.5911986,.3846457,71,1
149,.17447827,.2787128,.2099136,.349032,.0017822,.0029022,-.0082561,.9016099,3482,.2589195,.5641248,3.054347,.0445085,.1045069,-.2833003,84.3045,-84.3045,-238.6023,238.6023,-.1473937,-.3780741,38,1
151,.10223203,.2171765,.1669916,.2450624,.0012506,.0001993,.0012166,.903949,2216,.3969155,.8053775,3.6019,.0442256,.1753152,.1015938,70.92253,-70.92253,61.19568,-61.19569,.13939,-.4094543,36,1
152,1.529e-13,.1181659,.1059099,.1299066,-.0006429,-.000531,-.0007029,.9124153,1067,-.1536558,.8851051,3.708203,.0459857,-.0822533,-.1521277,10.08363,-10.08362,9.338001,-9.338004,.0797323,.4255057,18,1
154,.06596196,.3935829,.2675286,.5117693,-.0016353,.0008203,-.0070813,.9058775,1201,-.0621349,3.339335,15.90678,.0338276,-.0763222,-.1072193,-76.60933,76.60933,-208.8285,208.8285,-.5116461,-.4109537,75,1
155,0,.4240583,.3097435,.4269966,-.001069,-.0006988,.0002186,.8746434,4568,-.0415384,2.386393,18.07671,.0391735,-.0352046,.0059544,-129.2826,129.2826,-84.69696,84.69697,-.0647767,.3106066,153,1
156,.23128576,.5186079,.421459,.5211945,-.004167,-.0019341,-.00437,.8881616,3346,-.1059218,2.824106,18.16493,.0381231,-.1523346,-.1585268,-213.7127,213.7127,-226.9778,226.9778,-.9345069,-.0264054,165,1
158,.25392719,.3850927,.2787047,.4498786,-.001294,.0004102,-.0052201,.9038853,3562,.0254316,2.432249,18.49845,.0336247,-.0408096,-.1116252,16.41715,-16.41716,-233.3909,233.3909,-.393114,-.9067467,151,1
161,1.034e-14,.4442931,.2988527,.4512383,-.0037985,-.0006088,-.0066934,.9075203,7013,.1538055,.9761356,4.380492,.0357621,-.1420553,-.2108287,-450.285,450.285,-808.0842,808.0842,-.3695725,-.5964198,136,1
163,.10967801,.3884813,.3197033,.3950389,-.0016884,-.0012894,-.0019409,.8991974,2533,.1182631,3.594875,17.28637,.0429657,-.07481,-.0719405,-22.72788,22.72788,-43.32705,43.32706,.4866239,.0583096,111,1
164,.17357291,.3841033,.3094108,.417326,-.001571,-.0023797,.001232,.8786588,3075,.1317393,3.45766,18.58148,.0394506,-.0408708,.0330765,-67.11734,67.11736,8.278422,-8.278423,-.1967397,-.7492826,144,1
166,.33042166,.4470747,.325858,.4708671,-.0018501,-.0009207,-.0026215,.898741,5828,.0695754,.7875234,4.58035,.0370659,-.0828598,-.0790757,-269.606,269.6061,-390.8914,390.8914,-.1121453,-.218218,171,1
170,.06191334,.247627,.1773698,.3028926,.0023162,.0013111,-.0011742,.8950424,4187,.1535914,1.12182,4.731866,.0367722,.1386195,-.0493468,181.4698,-181.4698,-120.6801,120.6801,-.3862216,-.7362688,76,1
171,.20478611,.36085,.2476552,.4404888,.000276,.0002113,-.003077,.8976152,4538,.0759153,2.383562,17.42994,.0335931,.005747,-.1017774,241.1263,-241.1263,-43.93843,43.93843,1.323671,.9752672,142,1
172,6.330e-15,.2361823,.186278,.2874194,-.0023518,-.0018069,-.0051906,.8906881,2716,.0397109,1.815369,17.32696,.0486553,-.1190064,-.1660517,-103.4247,103.4247,-180.4949,180.4949,-.637039,-.9872383,98,1
173,.31129462,.3762085,.2766679,.4393907,-.0003325,-.0016093,.0015805,.8748552,1344,-.0077636,.8423277,3.643915,.0453703,-.0105454,.0393811,11.2903,-11.2903,81.47672,-81.47672,-.5242342,-.4381814,71,1
175,1.401e-20,.2144365,.1690605,.2693538,-.0024644,.0003186,-.0066755,.8997463,1141,-.0607282,.6434684,2.718524,.0404924,-.3155353,-.2975524,10.92015,-10.92015,-61.73735,61.73735,.2558409,.4718763,26,1
179,.15222137,.2007977,.1666761,.2434009,.0011827,.0015607,-.0047238,.8949512,4310,-.0889569,1.065611,4.236506,.0386952,.1139212,-.2886017,76.02036,-76.02036,-254.2614,254.2614,-.4032435,-.4735782,79,1
180,.00536682,.3306239,.2427602,.3744874,-.0005123,.0006804,-.0036812,.9002474,3413,.0273372,2.62799,15.99489,.055622,-.0190003,-.0721631,-59.08685,59.08685,-178.5007,178.5007,-.5170968,-.3125284,97,1
181,0,.3815131,.2821355,.4222813,-.000618,.0002753,-.0019777,.8869259,2299,-.0432814,1.98641,16.28659,.039821,-.0217614,-.0474081,.7380492,-.7380414,-15.34062,15.34062,-.1561241,.1284316,127,1
183,0,.476389,.3027745,.5031391,-.0045125,-.0006253,-.0061863,.8991864,12237,.1864461,.6679499,3.506649,.053786,-.1331471,-.1722916,-528.8224,528.8224,-838.8971,838.897,.3907532,.1339129,197,1
184,7.323e-17,.2435011,.1823245,.3545068,.0029961,.0017973,-.0013717,.9038888,1226,-.0016727,.5674218,2.100881,.0366933,.1531537,-.0264116,40.2686,-40.2686,-142.1712,142.1712,.4998522,.3550981,52,1
185,2.054e-35,.1877823,.1663576,.2772332,-.001219,-.0009254,-.0023165,.8969459,924,-.0160816,1.245644,5.233926,.0507284,-.0469221,-.0445128,-22.02795,22.02795,10.29986,-10.29986,.7599955,.5668764,72,1
186,.50966163,.3254919,.2658308,.3646577,.000179,.0007953,-.002272,.8851486,1436,.0608419,2.574033,15.87586,.04036,.0050005,-.0503604,22.17108,-22.17108,-62.90661,62.9066,-.3142363,-1.074458,97,1
187,.31273902,.2858198,.2220555,.3584569,.0000201,.0007036,-.0035295,.9156904,3776,.0212926,2.65302,15.21096,.0402558,.0025426,-.1133883,11.8608,-11.8608,-183.993,183.993,-.5472153,-.5013575,84,1
190,.40120033,.1169881,.1060986,.1532776,.0003431,.0003505,-.001245,.9163836,2100,-.0126595,.7347254,3.342777,.0343998,.0258895,-.0606134,28.66167,-28.66167,-96.65652,96.65651,-.2364019,-.383301,45,1
191,.24012072,.3837596,.2288694,.4313393,-.0004587,-.0003603,.0004093,.9058149,4380,.1953931,1.07234,4.542846,.0328401,-.0363998,.0183783,-36.6546,36.65461,15.60021,-15.6002,.0760318,-.1044162,62,1
192,.31283267,.3299646,.2355383,.3586836,-.0003673,-.0002627,-.0004889,.9075066,6126,.2312503,.8986647,3.613244,.0481056,-.0191142,-.0213183,75.79425,-75.79426,104.812,-104.812,-.4042735,-.7564568,96,1
193,7.288e-14,.30284,.1891318,.3573867,.0012206,.0001243,-.0027173,.9020933,848,-.2403869,.776709,2.995834,.0315232,.0346671,-.0971914,-73.46428,73.46428,-27.30335,27.30335,.7044899,1.06608,40,1
194,.75441572,.2436462,.1994159,.2865931,.0017756,.0018876,-.0021164,.9072512,1981,-.0200087,2.921303,16.97935,.0402879,.0883054,-.1210879,43.87241,-43.87241,-86.55731,86.5573,.6387535,1.218036,59,1
195,.8201153,.2034497,.1670814,.27239,-.0010326,.0027346,-.0080311,.8944098,945,.0792189,.6963723,2.75612,.0355537,-.1313928,-.2723148,-1.777467,1.777464,-82.61194,82.61194,.4518368,.1981136,30,1
196,.26814015,.2366484,.1883529,.2629252,-.0017752,-.0004263,-.0013517,.9118226,1567,-.0767791,2.378137,15.40066,.0314896,-.1372341,-.1245893,-87.82955,87.82955,-21.14804,21.14804,.2373972,1.352624,38,1
197,.08050392,.2696218,.1894622,.2890514,.0011461,.0010751,-.0019654,.893653,1290,.3291987,2.370458,15.89581,.0363482,.1037862,-.1303215,15.56993,-15.56993,-31.85702,31.85702,.9113581,-.0841031,43,1
200,.31147605,.2182721,.1712752,.2909398,.0022396,.0021436,-.0018863,.9051341,3562,-.0491032,1.902666,15.48997,.0343779,.2321345,-.0705694,142.8538,-142.8538,-171.569,171.569,-.6160078,-.4574058,66,1
201,0,.2480995,.184431,.2918296,.0001238,.0008915,-.0052983,.9104221,7281,.3440303,.8792246,3.787188,.0483061,.0091473,-.233767,-5.700224,5.700213,-440.1613,440.1613,.3163925,-.2748708,81,1
203,3.124e-16,.1600939,.1465418,.1849071,-.000918,-.0008429,-.0021624,.8868234,2080,.1077311,1.028626,4.629985,.0477039,-.0371236,-.0738008,-63.08785,63.08785,67.90491,-67.90491,-.6983224,-.5539306,58,1
204,6.139e-26,.2770585,.2141929,.3085119,-.0032964,-.0015044,-.0041224,.8794305,2317,.1623508,1.774348,15.42045,.0543066,-.0823992,-.116491,-71.61945,71.61945,-80.92194,80.92195,-.3024681,-.707663,107,1
205,7.481e-06,.3291474,.2449135,.3734661,-.001262,.0005647,-.0060648,.8943674,9695,.2478254,.8205251,3.783421,.0534763,-.0770586,-.2067496,-93.32062,93.32062,-609.9893,609.9894,-.3487164,-.6942548,123,1
207,1.085e-18,.3044035,.2572578,.3254687,.0008249,.0002203,.0010648,.8809973,234,.0411626,2.218027,14.65242,.0469705,.0372412,.0381119,3.8557,-3.855701,3.492829,-3.492828,.3933573,-.3747502,37,1
208,.31231564,.2081731,.1675518,.269986,-.0000259,.0006027,-.0031998,.8749019,1864,-.0175005,3.619318,16.18174,.0419056,-.0024652,-.1489029,1.103242,-1.103242,-47.49934,47.49934,-.9890549,-1.064936,59,1
209,4.397e-29,.1787401,.1447211,.2051513,.0007248,.0014846,-.0066245,.9057384,1047,.3186883,.7163907,3.381675,.0454047,.0687548,-.3374016,8.305215,-8.305219,-78.19485,78.19485,-.311047,-.530112,37,1
210,.15717646,.1663398,.1489718,.2140679,-.000815,.0021782,-.0087574,.8948606,1514,-.0750515,3.214128,16.88801,.043893,-.0812832,-.2869292,-22.34938,22.34938,-102.2533,102.2533,-.715471,.0821451,45,1
212,.4783503,.2319523,.1586665,.3020681,.0030648,.0016041,-.003522,.906783,857,.1585981,.8465499,3.659015,.0422084,.1269998,-.1436629,13.55936,-13.55935,-59.78637,59.78637,.8683741,.5693384,41,1
213,.00855342,.1962023,.1574023,.2729132,.0001059,.0007455,-.0049163,.901872,2875,.3021091,.8881758,4.453001,.0550839,.0079429,-.2006222,45.06115,-45.06115,-213.8905,213.8905,.2943961,-.4071839,49,1
214,0,.139565,.1183077,.1793099,-.0012707,.0002338,-.0071853,.9031233,1373,.3613479,.8102093,3.839055,.0659814,-.1644485,-.2084635,-16.52282,16.52282,-95.67595,95.67595,.5811225,.0787136,26,1
217,0,.1408773,.1237582,.1929948,-.000294,.0011186,-.0065801,.8980989,475,.1631173,.6445133,2.562245,.0320652,-.1035002,-.4042243,1.734077,-1.734077,-34.42634,34.42634,.3555089,.1757344,13,1
218,7.330e-18,.3242745,.2575254,.3626022,-.0058691,-.0019987,-.0092584,.8917789,214,-.5884292,5.464247,25.18649,.0420046,-.4214922,-.421207,-16.38192,16.38192,-25.57946,25.57946,-3.201027,.7103099,18,1
219,.07468412,.1998702,.1623715,.2306135,.000711,.0005495,-.0030884,.8903266,2315,.2016349,2.312632,16.90689,.0445357,.0847811,-.1759812,16.8699,-16.8699,-123.8412,123.8412,-.3634803,-.4517108,64,1
220,1.744e-13,.1862205,.1654385,.2161806,.0004707,.0004937,-.0014009,.8966469,248,-.0714368,3.384495,16.67107,.0459281,.0465049,-.0937269,2.871388,-2.871387,-3.618617,3.618618,-.6672212,-.0749644,38,1
222,0,.2815305,.2165226,.3365545,-.0010578,.0000157,-.0014486,.9035274,3969,.0191612,2.604202,17.24233,.0419608,-.0692231,-.0676584,-104.4499,104.4499,-175.5907,175.5907,-1.067905,-.6493316,96,1
223,.09692863,.3809488,.2709392,.4167061,-.0013786,.0002827,-.0030842,.8970442,14561,.130789,2.02736,17.2461,.0479691,-.079278,-.0921341,-181.662,181.6621,-641.7687,641.7687,-1.429048,-1.218085,198,1
225,.15194628,.2062791,.1629916,.3053156,.0010615,.0012104,-.0022327,.9029575,4352,-.1392791,3.90341,16.7663,.0336259,.0844346,-.0951516,67.88937,-67.88936,-146.2694,146.2694,-.6831783,.666986,79,1
226,9.612e-14,.3641613,.2910609,.3755958,-.0022336,-.0011927,-.0026882,.9006989,2323,-.04791,2.94516,16.85288,.0508872,-.057978,-.0577192,-109.1878,109.1878,-139.7033,139.7033,-1.602232,-.907373,135,1
230,.27772421,.205799,.1679636,.2860776,.0008972,.0009704,-.002047,.9090506,3121,.1516401,3.445579,18.14505,.0446412,.0328016,-.045248,51.17772,-51.17772,-209.2446,209.2446,.6495998,-.1087923,125,1
231,0,.3723503,.2543281,.393493,.0008547,.000454,-.0000852,.9054806,977,.1944337,3.37748,18.98736,.0438015,.0340841,-.0020322,49.17341,-49.17342,11.18433,-11.18433,-1.459524,-2.17128,100,1
232,.38096034,.4126681,.3047045,.4507612,-.0001978,.0003088,-.0015161,.8836237,5797,.1490926,.7076349,3.539495,.0398675,-.0075432,-.0667521,-46.82234,46.82232,-75.31705,75.31702,-.803399,-.8391426,154,1
233,.20957656,.3777305,.289487,.3916547,.0038965,.0021421,-.0045749,.886597,2397,.1650842,.8852603,4.481041,.039208,.0854718,-.1596126,28.82152,-28.82152,-149.8839,149.8839,.0937021,-.1967397,91,1
234,5.39e-208,.3660922,.2915059,.3854287,-.0007047,-.0002031,-.0015954,.8763312,5833,.094249,1.592845,16.86408,.0433006,-.0420977,-.0627746,-99.93417,99.93417,-163.6627,163.6627,-.7364139,-1.150171,123,1
235,.25206886,.4298539,.2852862,.4489601,-.0002352,-.0005092,-.0005568,.8826539,2841,.0601362,1.890408,15.25548,.0343925,-.0066723,-.0185194,-67.04463,67.04464,48.46028,-48.46027,-.5587587,-.6215424,125,1
236,.73041859,.2854509,.2274744,.3396164,.0008215,.0008292,-.0005952,.8990838,2342,.05417,2.396792,17.16126,.0338924,.0664547,-.0300075,-10.21029,10.21029,13.89848,-13.89848,-.2801022,-.2930363,92,1
238,.11015109,.2846002,.2098152,.3368244,.0016876,.0015286,-.0005794,.8963393,2654,-.0371856,3.247664,17.12945,.0436056,.0869457,-.0231415,26.18731,-26.18731,-10.5261,10.5261,.3538125,-.2229622,112,1
239,.24932985,.2257872,.1859881,.2708623,.0000126,.0013696,-.0037529,.896808,3501,.1238272,2.418079,18.41998,.0298098,.0012289,-.1360929,-54.97866,54.97865,-234.4094,234.4094,.821177,.8506422,102,1
240,1.176932,.1291908,.1119106,.1753902,.0013353,.0013166,-.000467,.9135416,619,.4475252,1.277704,4.358415,.0547276,.1998105,-.041416,4.487674,-4.487673,-.4754581,.4754589,.4824432,-.4300439,13,1
242,.42811428,.158509,.1419649,.1947725,.0012404,.0007004,.0019859,.9009673,1136,-.1685066,3.286748,16.95374,.0322654,.2348145,.1619035,9.364693,-9.364697,28.42977,-28.42976,-.0764297,1.460607,43,1
243,.42241176,.1693424,.142138,.211682,-.0013714,-.0005933,-.001588,.8959483,768,.5398868,1.025252,4.87979,.0414786,-.0916793,-.0993041,-6.306919,6.306921,-27.09271,27.0927,.1620406,-.7730528,32,1
244,.41235277,.3921747,.3236846,.409783,-.0026336,.000385,-.0057958,.8955284,2367,.093418,2.219527,17.15711,.0407271,-.0968734,-.1592249,-45.81002,45.81002,-111.6815,111.6815,-.5284678,-.3216578,105,1
245,.24993034,.3572881,.2952566,.3672039,-.0021853,-.0014191,-.0025235,.8823172,3306,.0653191,2.248945,17.06143,.0427304,-.0883878,-.0762154,11.59113,-11.59114,-33.50938,33.50937,.0631023,.2822903,105,1
246,.28610196,.268853,.1982435,.3596339,.0010066,.0009648,-.0026173,.879025,3338,.0433875,4.233169,15.80247,.0399035,.1143654,-.0921495,33.69231,-33.69231,-82.42726,82.42726,-.8857824,-1.230497,101,1
248,.8904122,.1854588,.1595243,.2616481,.0000514,-.0002739,-.0002766,.9095027,764,-.3350695,.9297163,3.262798,.0367228,.0097102,-.0096003,6.650642,-6.650642,19.20364,-19.20364,.5397877,.8115743,51,1
249,.34353972,.164046,.1341646,.1821636,-.0003179,.0004099,-.0022579,.9028241,1457,.2934936,1.070086,4.162299,.0315823,-.073349,-.2070564,-6.990332,6.990332,-51.62551,51.62551,-.8170922,-1.500216,33,1
250,.19635008,.3278169,.2363882,.3433094,-.0003235,.0006724,-.0024883,.9004251,1202,.4529358,.5720945,1.840642,.0343858,-.0279005,-.1460826,-39.43818,39.43818,-91.48181,91.48182,-.0216153,-.6337938,33,1
251,.13576905,.4183995,.3054774,.4249525,-.0007018,-.0003633,-.0024889,.8982478,5536,.1155413,1.27185,17.39258,.0490032,-.0242079,-.0903002,-66.54487,66.54488,-133.32,133.32,-.452725,-.6548499,254,1
253,1.640e-36,.3704748,.2583546,.394759,.0018832,.0003311,-.003731,.8963204,787,-.0484356,2.863753,18.09514,.041359,.0530205,-.1473429,-3.143655,3.143657,-10.38751,10.38751,1.100015,.5571055,69,1
254,.19840538,.1054213,.0996981,.1042758,-.0010724,-.0008851,-.0004449,.902332,329,.0086436,4.065457,16.65043,.0428872,-.1937029,-.0611422,-6.297104,6.297104,-4.624443,4.624442,-1.402749,-.2328812,39,1
256,.27837488,.361292,.2723331,.3753302,-.0038606,-.0016906,-.0043342,.9036082,1859,.0995429,5.299173,17.94283,.0426566,-.1839355,-.1677174,-67.43587,67.43587,-61.54175,61.54176,-1.515531,-3.563768,105,1
257,.14669025,.1994157,.155289,.2445958,.0003106,.0014898,-.0061971,.8865125,770,.2925759,.8788328,3.17914,.0427038,.0246538,-.2954688,14.60939,-14.60939,-55.05774,55.05774,-.2064487,-.6558182,21,1
258,3.879e-93,.2637907,.1943931,.2819184,-.0007691,-.0000978,-.0024348,.8950806,1175,.0923962,.4930086,2.007238,.04933,-.0409299,-.1049484,-37.18201,37.18201,-49.21779,49.21779,.2707981,.1756617,36,1
259,.09900097,.2640636,.1813166,.3062133,-.0010248,-.0000507,-.007917,.8889852,2323,.0796267,.8275485,3.697356,.0544692,-.0239746,-.1557759,-35.63179,35.63179,-174.5055,174.5055,-1.196833,-1.201506,60,1
260,.03807091,.1387139,.1398444,.147665,-.0031225,-.0029338,-.0033791,.9040296,408,-.1310037,.8619565,3.087544,.0339042,-.4594671,-.4911642,-20.7939,20.7939,-23.18865,23.18865,1.032254,.8883858,24,1
261,.5332556,.1944872,.1707786,.2178114,.0019716,.0016994,.0001902,.8912887,536,-.0026723,2.443589,15.19427,.0440467,.1739679,.0097055,13.41294,-13.41294,12.97843,-12.97843,-.0317506,.3996252,36,1
262,.05443256,.1837804,.1584337,.2314737,.0036288,.0026695,-.0033859,.8987605,1683,-.0725104,4.274332,16.83253,.045436,.1312509,-.286465,64.04594,-64.04593,-56.31823,56.31823,-2.309835,-.1807957,34,1
263,.02616271,.1145554,.097677,.1384337,-.0010412,-.0007672,-.0027618,.9026004,713,-.1252763,4.550422,16.63392,.0411038,-.1452036,-.253485,-2.941243,2.941243,-4.877428,4.877431,-2.098758,.988458,35,1
264,.00844462,.2353997,.1785497,.313746,.003756,.0031358,-.0029499,.8984619,2883,.4967887,1.0744,4.104003,.0414044,.1920218,-.1429558,137.5678,-137.5678,-181.8816,181.8816,.1163865,-.5309574,55,1
267,.19111501,.2482286,.1808499,.3064229,-.0008054,.001239,-.0057695,.8866505,2425,-.1119765,2.83127,16.19786,.0423759,-.0722224,-.1261131,-31.99063,31.99062,-147.6651,147.6651,-1.485933,-.4811171,59,1
268,.07152797,.3573542,.2534167,.4134675,-.0019613,.0000532,-.005278,.8897234,11869,.2865916,.899326,4.977041,.0469393,-.1584409,-.238337,-245.1372,245.1372,-647.7695,647.7695,.2939294,-.0475817,115,1
270,.43325128,.3399728,.227708,.358195,-.0017841,-.0002465,-.0033471,.9039111,3179,.2252855,.8192126,3.501951,.0532871,-.0568236,-.1383284,-183.1018,183.1018,-179.4519,179.4519,1.461723,.957913,58,1
273,.10778052,.4198455,.2991905,.4454641,-.0051045,-.0016555,-.0044195,.8832931,12098,.129435,.8712355,4.392063,.0510354,-.2172499,-.1843315,-767.0186,767.0186,-569.986,569.986,.5197741,.4444201,178,1
275,.74514027,.1337145,.1132303,.1549722,.0019832,.0018462,-.0054925,.9300251,608,-.0386406,.5692826,1.564837,.0370445,.3180458,-.5231177,24.49202,-24.49202,-65.36189,65.36188,.1411428,-.2971142,9,1
276,.13926008,.1306148,.1077708,.1478633,-.0007208,-.0003934,-.0000143,.9071447,1750,.3239646,.806009,3.055273,.0483312,-.1046989,-.0012193,-6.566303,6.566306,41.71249,-41.71249,-.7547626,-1.147706,31,1
277,.15536074,.2423761,.190863,.2721081,.0016215,.0016692,-.0044587,.9099744,5176,.0826205,1.863932,17.03579,.0384094,.0950761,-.2001148,123.3359,-123.336,-416.1529,416.1529,-.2647101,-.2895582,86,1
278,.105893,.3861308,.241381,.4086056,-.000249,.0006469,-.0038253,.9120556,9013,.1979061,.9682474,4.652146,.0398858,-.0128539,-.1805593,27.07237,-27.07235,-311.4348,311.4348,-.5162301,-.9838837,98,1
279,.02087083,.2268345,.1865466,.2610826,.0001188,.0003199,-.0006148,.8953303,3301,.2477977,1.066222,4.349597,.0317414,.01981,-.0580913,38.67276,-38.67276,-33.41924,33.41925,-1.263411,-1.740901,39,1
282,9.668e-68,.3745634,.2387318,.4564518,.0009178,.0010412,-.0024078,.9025005,4061,.0427267,3.083717,16.86498,.0480082,.0302001,-.0440603,21.04724,-21.04724,-202.2791,202.2791,-1.163293,-1.320446,127,1
283,0,.3587586,.2541658,.3981703,-.000655,.0009215,-.0039402,.8998862,17733,.067624,2.482361,20.00884,.0426262,-.0230762,-.1263311,168.3893,-168.3893,-831.0339,831.0339,-.8950782,-1.150391,305,1
284,0,.4001729,.2885453,.4064252,-.0028717,-.0009394,-.0038885,.8977679,3304,.1077144,1.424726,15.8159,.0379517,-.1114244,-.1129521,-143.0887,143.0887,-197.3135,197.3135,.6140004,.498802,155,1
285,.99743754,.3995488,.3152349,.4054318,.0018748,.0006757,.0009678,.9061104,2815,.0766912,2.10041,18.88689,.0345976,.0535578,.0305103,43.04028,-43.04029,26.70275,-26.70275,-.0153217,-.6294519,207,1
288,.13944809,.2981018,.2307403,.3344098,-.0005251,.0004495,-.0023572,.903813,2920,.105309,1.696171,19.37503,.0362293,-.0173832,-.0598063,40.6419,-40.6419,-71.97958,71.97959,.3072631,-.3047984,187,1
291,.83059357,.3062205,.2517502,.3231205,.0001958,.0003964,-.0013005,.8954355,1146,-.0089971,1.981579,16.95459,.0398234,.0082309,-.0378167,-9.057258,9.057259,-34.64524,34.64524,-1.176806,-1.222505,115,1
292,.04377028,.3494903,.2664042,.38593,-.0025389,-.0009274,-.0031082,.9051291,1807,.2557504,.7573899,4.23163,.0360017,-.1067824,-.0832604,-113.1636,113.1637,-164.3364,164.3364,-.0297377,-.428166,131,1
295,.14758462,.3252409,.225817,.3735174,.0001625,.0009327,-.0027438,.9013877,7173,-.0133737,3.770263,17.33426,.0366643,.0113317,-.104267,135.7226,-135.7226,-371.0895,371.0895,.1504533,.2390931,172,1
296,0,.2179192,.1730428,.2701176,.0002197,.0007318,-.0026961,.9039576,1453,-.1312606,1.93625,15.02386,.0389725,.0249375,-.0845778,18.4604,-18.46039,-103.1092,103.1091,-.2372077,.1382039,60,1
297,.14306605,.4303563,.3051274,.4446968,-.0016878,-.0012375,-.0017751,.9021315,500,.1724266,5.591259,18.86014,.0338608,-.0322488,-.0303218,-62.25357,62.25357,-67.15866,67.15866,-1.323542,-2.029711,86,1
299,.44041599,.2703997,.2165136,.2876712,-.0015777,-.000242,-.0024851,.9073766,2140,.2102795,.6471479,2.715546,.0533401,-.1206393,-.1508377,-34.97541,34.97541,-84.59518,84.59518,.3761487,-.1213107,47,1
300,.04987201,.20948,.1699244,.2900198,.0006745,.0017465,-.0059089,.9044018,1425,-.2073578,4.284053,17.42971,.0427659,.0801087,-.1324312,15.75088,-15.75087,-58.89945,58.89946,-2.238703,-.1183199,49,1
301,.02063694,.3527316,.252622,.3713242,.0000942,.0001651,-.0006112,.8974415,13897,.1878246,.9889054,4.461364,.0354408,.006631,-.0263898,207.5458,-207.5458,133.1299,-133.1299,-.9106922,-1.352431,189,1
303,0,.3739191,.3019134,.3771912,-.0014672,-.0013337,-.0025973,.9007985,4451,-.008862,2.670634,19.45027,.0357804,-.0783736,-.1288593,-195.055,195.055,-245.0794,245.0795,-.3059345,-.0797288,209,1
304,.00958649,.3424683,.2545637,.4232968,.0025006,.0018722,-.0023211,.8981281,1125,.2388287,1.938178,16.2956,.0382165,.1164709,-.09343,60.27614,-60.27615,-1.879783,1.879782,.3890581,-.157482,68,1
307,.11774531,.1912956,.1523405,.216119,.0001459,.0010363,-.00452,.9062881,3991,.0158531,1.629135,7.10598,.0384125,.0348128,-.3563868,19.62652,-19.62651,-213.052,213.0521,-.8652139,-.7644234,50,1
308,.01576908,.3896422,.2722166,.4190183,-.0012512,-.0003603,-.0009426,.8999339,4061,.1128941,.8078944,4.04985,.0343733,-.0581103,-.0318024,-188.8182,188.8182,-205.6991,205.6991,-.2939889,-.4842224,176,1
309,4.104e-36,.2928786,.2116146,.3149066,.000375,.0007846,-.003124,.912514,3286,-.0516032,.7506514,2.830082,.0494031,.0195868,-.1209086,18.46268,-18.46267,-140.7699,140.7699,-.4017823,-.4567253,65,1
311,.15829143,.4063298,.2783559,.434662,-.0008114,.0002546,-.0017173,.901816,9251,.2342926,1.007397,4.567533,.0437323,-.0488995,-.059767,-131.4387,131.4387,-115.8005,115.8005,-.5454881,-1.025382,141,1
313,0,.2205337,.191054,.2779628,-.0009636,-.0001233,-.0024367,.9105089,1364,-.1705815,2.15687,17.01147,.0298233,-.1013979,-.06727,-37.10732,37.10732,-89.95787,89.95787,.0731249,.5771663,64,1
314,.0664755,.2785582,.2043645,.3705068,-.0003366,-.0003165,-.0010548,.8947773,4648,-.0121881,3.014244,17.21067,.0405642,-.0192576,-.0526228,-14.19075,14.19074,-225.5114,225.5114,-1.389868,-.6730039,85,1
318,.24897545,.3057803,.2470636,.349817,-.0020627,-.0012607,-.0036204,.8916675,4222,.1564798,1.69678,16.98176,.044895,-.1264058,-.1577266,-174.7836,174.7836,-237.1978,237.1978,-.3261989,-.1956314,107,1
319,.29563322,.196095,.1592633,.2185478,.0001003,.0001658,-.0009464,.9000015,2488,-.1470687,2.49654,14.87694,.0396648,.0093317,-.0475334,-48.31639,48.31638,10.74198,-10.74198,-.6322672,.2929806,35,1
320,0,.339216,.2401057,.4345328,-.0021535,.0007357,-.0061181,.9074915,2273,-.0429141,3.710534,17.81176,.0406639,-.137796,-.177597,-103.8124,103.8124,-240.0983,240.0983,-.2691979,-.4523242,112,1
321,.57342922,.1597448,.1311092,.1914119,.000853,.0009159,-.0002966,.9213632,558,.1400326,3.760785,14.79462,.0281459,.1010035,-.0213144,-1.494287,1.494288,-16.56637,16.56638,-.6503415,-2.635695,14,1
322,0,.2532273,.1720882,.2997779,-.0039258,-.0013597,-.0079297,.9019094,1786,.1019197,2.396249,16.9775,.0594046,-.21181,-.2749781,-42.89958,42.89959,-122.5447,122.5447,.3213991,-.7487852,49,1
323,0,.1410963,.1265216,.1530999,.0004555,.0006016,-.0034034,.9052994,475,.0449188,6.179059,17.58874,.054406,.039281,-.17139,11.52931,-11.52931,-21.74521,21.74521,.748519,-1.852436,17,1
324,.19714849,.0358469,.037379,.0336721,-.0012444,-.0010694,-.0008962,.9061496,347,.0840555,8.186599,18.52497,.0489232,-.5159945,-.4941516,-4.388233,4.38823,-3.184138,3.184139,-.6946778,-4.976193,8,1
325,.07943784,.4122228,.290259,.4232387,-.0050405,-.0001372,-.006023,.8810873,1957,.0082711,2.633557,19.83841,.039952,-.1367364,-.1344431,-126.6927,126.6927,-148.9193,148.9193,-.7835695,-.8220941,81,1
326,0,.2140401,.1804612,.2653877,.0006606,.0010755,-.0028185,.8976067,2140,.1154555,2.977778,17.2824,.0417694,.0799549,-.168586,11.16672,-11.16672,-126.6362,126.6362,-.2272127,.4252827,71,1
327,0,.3917686,.2782283,.4104685,-.0031216,.0008191,-.0069776,.8890799,7388,-.0242706,.8767473,3.569246,.0480587,-.1707924,-.1998786,-69.33241,69.3324,-319.5988,319.5988,-1.037817,-1.077509,104,1
328,.03124468,.4624867,.2959435,.4834901,-.0050237,-.0005425,-.0051215,.893843,6234,-.0046397,1.705165,17.69237,.0454213,-.186462,-.1804113,-352.2576,352.2576,-353.3741,353.3741,.5789235,.7540359,121,1
329,.25219752,.3358807,.2331625,.4030792,.0002575,.0007908,-.0015468,.8977578,10486,.1720702,.8814514,4.277843,.0433575,.0222375,-.0575991,47.37839,-47.37839,-392.0269,392.0269,-1.265641,-1.450709,179,1
330,.11831933,.3732416,.2520195,.3984327,-.0018031,-.0002698,-.0039553,.8981908,4935,-.1059069,1.603494,16.53579,.0486781,-.0917853,-.1228991,-78.09471,78.09473,-112.9615,112.9615,.9635188,1.187462,127,1
331,.05992936,.1897654,.1596097,.2976196,-.000446,-.0010564,.0040316,.8764647,961,.1020711,4.207132,17.70971,.0388474,-.0760343,.0952508,.2345164,-.234517,79.65813,-79.65813,-1.700958,-2.219175,39,1
332,0,.4175793,.2765968,.4493705,.0007486,-.0011782,-.0054972,.9011485,1977,.0262281,.991325,4.882835,.0477515,.0141765,-.1446325,-27.29536,27.29537,-142.5679,142.5679,-.889064,-.7368042,86,1
334,0,.3251736,.2175856,.3856215,-.0028561,-.0013116,-.0063432,.8954102,5324,-.0285241,2.552164,18.48952,.0536083,-.1798505,-.1863556,-51.6489,51.6489,-294.2029,294.2029,-.4807934,.0022955,124,1
335,.06257137,.3295965,.2387758,.3748336,.0015076,.0010981,-.0008976,.9008398,2973,.0432892,.9258727,3.665293,.0348596,.121499,-.0371101,53.79488,-53.79488,-75.27988,75.27987,-.8374861,-.7559891,100,1
336,6.301e-36,.2673472,.1819934,.3818786,.0025114,.0010131,-.0057738,.8946129,1007,.0152551,4.065374,17.12974,.0469027,.1039528,-.109757,35.61073,-35.61073,-46.68253,46.68254,-.524552,-.9581966,54,1
339,.10991342,.3106839,.2339533,.3477671,.0006318,.0002345,-.001036,.8895684,9774,.3724129,.9280749,4.30633,.0443108,.0478886,-.0442899,-83.1394,83.1394,-221.9468,221.9468,.373504,-.2875265,126,1
340,0,.3212814,.2283868,.3592706,-.0001255,.0008715,-.0028378,.8912751,7747,.1352721,.7154959,3.613006,.0412154,-.0067542,-.1077965,-24.53685,24.53685,-368.1467,368.1467,-.6831138,-.7038069,106,1
341,.27902176,.1212223,.1051058,.1340045,.0008656,.0014115,-.0043575,.926066,1563,.3722667,.8223956,2.512087,.0342448,.1548671,-.6440065,22.58259,-22.58258,-65.2953,65.2953,-.7081342,-.6647751,10,1
342,.47668162,.1627765,.1278054,.2093182,-.0003645,.00071,-.0026331,.9166878,2018,.0990068,3.234875,14.62342,.0413811,-.0523091,-.1487536,-13.80162,13.80163,-122.2552,122.2552,-3.254198,-1.882767,45,1
343,.29908704,.1192904,.1061211,.1739649,-.000102,-.0000941,.0001301,.9129114,1992,.247577,.6523464,2.340638,.0471878,-.0177001,.009675,-4.497458,4.497454,9.279331,-9.279343,-.1660086,-.4615396,25,1
344,.35768022,.3318001,.2495189,.3726933,.0001297,.0004561,-.0011898,.9159916,2390,.1733232,2.58285,14.1677,.0476837,.0078608,-.0419863,14.28428,-14.28428,-74.89204,74.89204,-.9915559,-1.820449,106,1
345,0,.1891737,.159659,.1905624,-.0016061,-.0011474,-.0002641,.9371433,462,-.1671638,3.294066,18.28211,.0291099,-.091007,-.0281196,-49.62531,49.62531,-10.99197,10.99197,-1.101723,1.101069,27,1
346,0,.2935457,.2215829,.3379041,-.0001467,.0006895,-.0040572,.893526,7522,.0050885,3.272592,18.22338,.0439996,-.0087481,-.1381316,-29.49861,29.4986,-333.0015,333.0015,-.1802706,.2587898,190,1
347,.28550941,.2483142,.19963,.2946411,.0017701,.0014928,-.0016016,.8823007,953,-.1292374,3.229509,15.9381,.030158,.1119631,-.083163,55.20818,-55.20818,-38.68669,38.68668,-1.830577,-.3138686,39,1
350,0,.180437,.1416109,.2260786,.0006935,.0006107,-.0013081,.9057012,2276,.1496059,.787526,3.564473,.0276517,.1730837,-.1529471,35.59619,-35.59619,-57.49669,57.49667,.2116733,-.0446144,59,1
351,.04833148,.2583506,.201349,.3264367,-.001343,-.0002793,-.001699,.8997873,2590,.005166,3.163091,17.68488,.0423455,-.100842,-.0686723,-32.60662,32.60662,-62.79941,62.79941,-.043594,.7966013,105,1
352,.13901895,.3660291,.2659051,.4143094,-.0009498,-.0001447,-.0012932,.8908001,4717,-.0639667,3.206122,17.12162,.0434796,-.0402425,-.0435433,76.21723,-76.21725,151.6768,-151.6768,-1.433889,-.4688537,150,1
354,.66595883,.2632218,.221166,.3441207,-.0011324,-.0000928,-.0038368,.8917272,225,-.3091809,8.451294,20.82201,.0335814,-.1060024,-.1250519,-10.76835,10.76835,-25.9093,25.9093,3.787319,9.271482,39,1
355,4.316e-30,.2768865,.2187703,.2905499,-.0003769,-.0013887,.00127,.8841806,3582,-.1012912,3.586412,19.2156,.0339059,-.043699,.0696087,-31.79667,31.79667,111.3976,-111.3976,-.7029874,-.4947566,130,1
356,.15372163,.4275588,.3002848,.4425071,-.002935,.0001241,-.0041235,.8956913,13997,.288124,1.264016,5.999355,.0404183,-.1650655,-.1571317,-594.8488,594.8488,-904.3369,904.3369,.7214206,.079448,257,1
357,.1505005,.4126279,.2778938,.4421294,.0000816,.0009104,-.000147,.8889349,4223,.0923306,.9656386,4.388793,.0360855,.0044724,-.0066651,89.4069,-89.40689,89.70332,-89.70332,-.3054054,-.2996459,140,1
358,.42531601,.2447855,.1943824,.3141812,.0011074,.001732,-.0047202,.9094795,3664,.1883399,.7725355,4.56173,.0361344,.0388677,-.1267466,-6.877677,6.877682,-189.0148,189.0148,.4091097,.0386323,134,1
359,.05800043,.3228204,.2341614,.3543839,-.0011543,-.0001579,.0025305,.8897839,905,.1917824,.6389107,3.154799,.0424265,-.0393512,.0769614,-21.6012,21.6012,63.55178,-63.55178,.4547323,.202908,39,1
360,.1131073,.1777306,.1439788,.2244013,.0023497,.0019495,-.0037399,.8949044,1987,.2363277,2.274792,15.42595,.0427428,.3291508,-.1341088,48.10374,-48.10374,-6.207408,6.207402,.5008974,-.0661064,49,1
362,1.0234116,.2120791,.1839295,.2262052,-.0009205,-.0002116,-.0008216,.8986014,1011,.2584261,.8360983,3.138818,.0442231,-.0701055,-.0445667,-31.59422,31.59422,-29.61098,29.61097,-2.958905,-3.234104,35,1
363,2.50e-163,.3396843,.2377618,.3941338,-.0022578,-.0006672,-.0018302,.8944594,2316,.1377266,2.546911,16.66261,.0314245,-.1179288,-.0514244,-90.25701,90.25702,-94.7862,94.78619,-.8114718,-1.085123,103,1
364,1.049e-14,.3260672,.2449052,.3720628,-.0004699,.0013527,-.0054298,.9064029,4331,.1835292,2.302215,17.44024,.0452249,-.0175899,-.1252948,10.80848,-10.80849,-209.4796,209.4796,-1.573325,-1.244949,148,1
365,.09052882,.2900226,.2104872,.373687,.0013402,.0013635,-.00294,.9154861,3877,.1986481,2.676019,15.61785,.0390636,.0700143,-.0952695,225.518,-225.518,-209.4554,209.4554,.0680318,-.0488858,56,1
367,0,.4025487,.222321,.4367655,.0014901,-.000848,.0012084,.8950831,1229,.0062987,.9406214,3.499227,.0444707,.0184916,.018271,218.2357,-218.2357,167.5615,-167.5615,-.1993725,-.0854948,57,1
368,0,.2915945,.2225734,.3374062,.0012022,.0025088,-.0070092,.9237004,5414,.3017529,.8650625,4.354555,.058797,.0440209,-.1841749,85.20301,-85.203,-387.1161,387.1161,.2190692,-.5939275,53,1
369,0,.2074443,.1725367,.2418691,.0003067,-.0005869,.0012521,.8953932,1358,.0337032,2.634486,16.82748,.0511407,.0166534,.0457357,-15.72731,15.72732,1.214262,-1.214262,-.3696499,-.0972348,69,1
370,1.024e-32,.0950023,.0863261,.1177027,.0005571,.0005388,-.0011153,.9025661,1253,.2363682,.6673617,2.125666,.0348358,.1427478,-.1772344,30.86355,-30.86355,-26.27377,26.27378,.5491078,-.0641224,16,1
371,.45143519,.2897855,.2095066,.3419448,.002761,.0026082,-.0014561,.9008785,5167,-.0275047,1.979874,15.83184,.0465019,.1731894,-.0708189,207.9509,-207.9509,-61.5377,61.5377,-.5663081,-1.061436,65,1
373,.17862267,.1900146,.1620241,.2276826,.0002635,.0008978,-.0032938,.8979291,3500,-.0556309,3.949275,17.33498,.0458243,.0173426,-.0954506,9.609634,-9.609635,-212.475,212.475,-2.057138,-1.179572,60,1
374,0,.2884027,.234202,.365627,.001607,.0018481,.0022381,.8665333,1246,-.0555543,2.31706,16.33247,.0337837,.1512825,.0955836,-3.442476,3.442478,25.4712,-25.47119,-.6012482,-.3919882,45,1
375,.46422909,.179229,.1510442,.1963475,.0006439,.0007235,.0039386,.8836759,779,.4152018,1.224341,4.954253,.0452544,.0721473,.2444021,17.30162,-17.30162,50.22382,-50.22381,1.562902,.7955713,29,1
376,.68263299,.2554957,.2013711,.3252851,.0023795,.0025223,-.0005559,.8859814,1250,.2235822,.9656618,4.346788,.0444784,.3125645,-.0297394,27.11447,-27.11447,-25.94344,25.94344,-.2213376,-.8821289,31,1
377,0,.3408006,.2501491,.3541691,-.000488,.0002449,-.0021432,.898035,6234,.3882934,.7378733,2.889849,.0435164,-.0370008,-.085542,15.23603,-15.23601,-171.7482,171.7481,-.7033164,-1.244966,79,1
379,.21582094,.2067866,.1694924,.2427956,.0002648,.0002312,-.0010572,.8907121,4183,.3283273,.8444976,3.689666,.0409719,.0347315,-.0717205,11.53206,-11.53205,-116.9759,116.9759,.0352547,-.4545498,81,1
380,.271462,.4103679,.2817865,.4393578,-.0004815,.0007786,-.0022322,.8944299,11469,.2704189,.8732687,4.312316,.0428291,-.0251802,-.0931363,40.1251,-40.12511,-231.2566,231.2566,-.1712968,-.6030617,181,1
383,.32378026,.1342308,.114336,.1530139,.0041047,.0059986,-.0098713,.863814,2014,.1389678,.6923445,2.591504,.1073108,.1199729,-.3932473,86.51498,-86.51498,-85.5671,85.56709,-.9984539,-1.07464,20,1
385,0,.3055177,.2484881,.3199805,-.0026121,-.0008205,-.0055154,.9054303,3986,.2272062,.7017422,2.941856,.0397431,-.1961266,-.2288014,-115.2629,115.2629,-271.4037,271.4037,1.36573,.969449,87,1
386,.73046664,.1641456,.1433471,.1944446,.0005209,-.0000973,.0005971,.8827722,1023,-.009202,3.86122,15.68524,.0370093,.0392109,.0343796,7.558162,-7.558161,29.40767,-29.40767,-1.080094,-.2893549,37,1
388,1.0149005,.3457375,.2219682,.3532817,.0028895,.0006779,.0016509,.8768371,820,-.1470745,2.811984,14.9919,.0572342,.0665672,.0518742,86.58465,-86.58464,64.8189,-64.81891,-1.250358,.0889526,25,1
390,2.793e-32,.165148,.1351255,.1730961,-.0003162,.0000478,-.0014554,.9116618,1313,.4413684,.7977657,3.409007,.0389366,-.0630092,-.1596801,-36.34949,36.3495,-61.67421,61.6742,-.6771954,-1.340604,16,1
391,.21951963,.4121803,.2902755,.4313474,-.0042866,-.0004565,-.0055463,.8906582,13644,.2003038,.8173181,4.049845,.0689196,-.1472776,-.1380585,-670.3125,670.3125,-735.5227,735.5228,.5588606,.2281447,203,1
393,.246043,.1608775,.1326022,.2066083,.0010456,.001357,-.0011319,.9016499,1250,.3956193,.7517821,2.936772,.0487051,.1051658,-.0968663,7.939247,-7.939246,-38.51443,38.51443,-.0192808,-.4794642,24,1
394,.19172296,.3658453,.2589185,.4114086,-.0020331,-.0001172,-.0046773,.8934305,5907,.1200022,1.414339,16.05351,.0666836,-.0608811,-.0982241,-153.6765,153.6765,-402.893,402.893,.9834992,.3643595,134,1
396,.2326701,.1434338,.1234847,.1799045,-.0012694,-.0009498,-.0032036,.9146619,694,.3513278,.9755558,3.148648,.0794664,-.1007003,-.1314459,-.7845257,.7845265,-22.07396,22.07397,-.3611995,-1.566943,11,1
397,2.386e-26,.4391339,.3092556,.4510009,-.0050995,-.0014533,-.0055398,.8915015,9000,.061814,.6151273,2.750875,.0434191,-.2209566,-.2315838,-394.3354,394.3354,-470.1227,470.1227,.0385919,-.0658641,165,1
399,.67535707,.2213522,.1810108,.2677115,.0005392,.0007139,-.0001461,.8955855,1136,.0167793,.6108657,2.599516,.035227,.0572131,-.0058865,-12.0254,12.0254,-46.8335,46.8335,-.392525,-.4017816,43,1
402,.41872907,.2114476,.1669491,.2483723,-.0061443,-.0038658,-.0076952,.8801005,847,.2342902,.7690848,2.605707,.077047,-.4653682,-.2730301,-33.01033,33.01033,.6118655,-.611866,-.5670875,-.851316,11,1
406,.32233278,.1139699,.0952981,.1731043,.0014829,.0009248,.001982,.9167627,519,.551985,.5637503,1.713081,.0383605,.3998595,.2166135,12.05106,-12.05106,20.9973,-20.9973,-.3204203,-.6185735,9,1
411,.78194454,.2157701,.1595852,.2154734,-.0007314,-.0003837,.0022321,.8979132,544,-.2799761,6.760167,15.89849,.0321512,-.0483059,.2040609,42.92528,-42.92528,3.660966,-3.660969,-5.384425,-1.515078,16,1
413,3.587e-64,.3725069,.2933146,.3918854,-.0111831,-.0064791,-.0112604,.8965091,374,-.1068548,2.387383,17.5599,.0429936,-.3133971,-.2582335,-25.38171,25.38171,-27.20875,27.20875,.684152,1.350379,49,1
416,.40520476,.3670935,.2578079,.3598535,-.0018099,-.0012735,-.004583,.901604,3017,.0544675,4.706879,18.90676,.0611598,-.0234929,-.0868494,-19.61862,19.61862,-217.0934,217.0934,-2.250343,-.5537409,77,1
417,0,.1640945,.1232309,.2077844,-.00119,.0001292,-.0060312,.9020086,700,.18256,.6719743,2.638829,.0370114,-.051639,-.212106,19.42836,-19.42836,-54.40487,54.40486,.5928442,.5639985,22,1
420,8.639e-17,.1411537,.1210246,.1663872,.0010233,.0007991,.0003901,.8937318,943,-.1674931,4.676359,15.02127,.0512874,.1070343,.0280421,24.64158,-24.64158,7.855727,-7.855721,-2.276666,.2862,22,1
421,0,.2596815,.2046871,.2895467,-.0010811,-.000327,-.0036811,.9057754,1380,-.2597619,1.069474,4.770787,.0387773,-.0874632,-.1465847,-15.97146,15.97146,-116.2585,116.2585,.5007217,.7183921,45,1
422,.03130385,.3194828,.2148798,.329805,.0030027,.001942,.0008608,.887128,1518,-.0545667,.8029947,3.795573,.0502639,.0805731,.0231954,138.2985,-138.2985,114.6268,-114.6268,-.5187455,-.6301,57,1
423,.14463412,.2101516,.1656828,.2682366,-.0005968,-.0000646,-.0023645,.8964286,4169,.0000144,4.299682,21.23322,.0483663,-.0679724,-.1197717,-12.73187,12.73187,-117.3813,117.3813,-.0806152,.566954,111,1
424,.2912381,.2214538,.1629758,.2587968,.0015136,.0009254,-.0007118,.9240052,1571,.2391945,1.37397,5.487832,.0415627,.0692365,-.0566218,48.63391,-48.63391,-22.38325,22.38325,.4696788,-.0029368,36,1
426,.24838409,.3581177,.2566904,.3777377,-.0005324,5.89e-06,-.0012213,.9037986,7292,.0821293,2.315479,17.28075,.0524681,-.0216988,-.0375445,-59.42715,59.42714,-114.3721,114.372,-.4455093,-.8051507,144,1
427,0,.2425431,.1873906,.3150925,.0017565,.0015182,-.0025497,.9056502,3182,-.0067525,3.377132,17.05597,.0337751,.1263328,-.1126323,15.48827,-15.48827,-129.308,129.308,.1606259,.0050552,96,1
428,.46013912,.1057928,.0950818,.1123321,-.0006317,-.0002925,-.0012992,.9071427,1095,.02776,5.235709,21.26598,.025216,-.255761,-.2964957,-8.859901,8.859897,-17.67094,17.67095,2.614383,2.795494,28,1
429,.25864892,.3091299,.2241256,.3345704,-.0003587,.0018798,-.0049662,.8984722,4497,-.1935663,.7722527,3.289639,.045989,-.0300462,-.1234368,-11.69095,11.69095,-345.9234,345.9233,-.8286679,-.728729,76,1
430,.10160068,.2655512,.2156621,.2933991,.0023566,.0025588,-.0027224,.9075078,7520,-.0583313,1.186714,5.319719,.0474069,.1056874,-.1228321,252.6918,-252.6918,-358.0117,358.0117,-.402761,-.4756564,70,1
431,.0503455,.3489968,.2483103,.3824144,-.0019657,-.0004109,-.0034731,.9013057,9225,.0982219,3.097626,18.24104,.041974,-.1094981,-.1378811,-416.7166,416.7166,-621.2181,621.2181,.0055627,-.8946295,148,1
432,.21556715,.2646885,.1906348,.3159928,-.0005595,.0002113,-.0038093,.9071093,4048,.2395367,1.00861,4.33768,.0479416,-.0637984,-.1235548,-23.04688,23.04688,-171.9103,171.9103,.3808892,.004734,54,1
435,.19553983,.2868992,.2263871,.3212342,.0009081,.0001385,.000605,.8888487,2056,.1102997,1.072194,4.555116,.0390917,.0632444,.0287626,57.36662,-57.36662,86.12532,-86.12532,1.057005,.7566168,106,1
437,.54116718,.3899049,.2695862,.4162571,.0016235,.0003994,.0000601,.9050985,1335,.1290031,2.438327,15.90453,.0370059,.0716275,.0016088,71.21979,-71.21979,68.41392,-68.41392,.6797388,-.2726436,77,1
438,0,.2098464,.1635591,.2376879,-.0001638,-.0005748,.0010569,.9049303,1551,-.0607204,2.635058,16.20199,.0307187,-.0222693,.0528311,17.60641,-17.60641,94.40392,-94.40392,.6164494,1.132549,70,1
439,.09575885,.457717,.2970261,.4976161,-.0031661,-.0002273,-.00546,.9201275,8179,.152435,.9102253,3.926224,.0398794,-.18458,-.185061,-279.1438,279.1438,-466.815,466.815,.1643723,-.2926435,136,1
441,.28175993,.450541,.3027728,.4599123,-.0022247,.0004565,-.0008084,.9055464,1816,.0937798,3.681497,20.93455,.0371495,-.047974,-.0250158,-75.55712,75.55713,11.06397,-11.06397,-.0699874,-.4919939,78,1
442,.32324171,.1087448,.0992539,.1038615,-.000538,-.0005203,.0008555,.9041403,816,-.2489332,5.973387,17.51488,.0304206,-.0605398,.100011,-19.58107,19.58107,18.03098,-18.03097,-3.298408,.4657092,29,1
444,.027597,.2253067,.1654527,.2957365,.0016483,.0007117,-.0014486,.8896636,1369,.3968276,2.6418,15.60023,.0562601,.1028989,-.0546757,52.89879,-52.89879,21.70758,-21.70758,1.649976,.2498216,31,1
445,.20264743,.1841061,.1511028,.2310169,-.0000949,.0002095,-.0019547,.8985989,1252,.2444147,.9844857,3.968826,.0395881,-.0137765,-.1720082,-21.99743,21.99743,-13.49707,13.49708,.8857726,.5850353,37,1
446,0,.4886895,.3214946,.4702198,-.0018578,-.0001735,-.0023364,.9085598,451,-.1892695,4.037995,16.65036,.0285927,-.0855404,-.1387818,-12.57303,12.57303,.1794783,-.1794771,-2.253946,-1.113947,41,1
447,.11730797,.3338348,.2200459,.3949897,-.0008957,-.0002703,-.0007149,.9071199,1515,.0906722,4.854063,18.20166,.0355012,-.0947457,-.0318575,-9.200348,9.200351,11.72375,-11.72375,-.2723311,-1.909757,39,1
448,.69689833,.4233117,.214011,.4387075,.0042956,.0023842,-.0042171,.9037777,1060,.2973795,2.354035,14.11984,.043309,.1206943,-.1387257,54.47596,-54.47596,-60.00671,60.00671,-.9193041,-.3000983,34,1
449,.09185126,.4506329,.2765303,.4996393,.0016519,.000694,-.0026817,.9063334,3758,-.0021383,1.585441,16.8772,.0367307,.068931,-.1217705,23.93535,-23.93535,-137.8536,137.8536,-.6546763,-.2805649,121,1
450,0,.4431885,.2958352,.5060929,.0013842,.0011711,.0005708,.9108033,1019,.1578993,3.347824,15.77007,.0312256,.0909743,.0258002,38.53231,-38.5323,48.41036,-48.41035,-.9310596,-1.730198,63,1
451,.02868381,.5251969,.3271978,.5451255,-.0027783,-.0000301,-.0029364,.8944181,12321,.0682972,1.750072,18.05193,.0407966,-.113323,-.0864456,-128.6174,128.6174,-411.0622,411.0622,-.4494818,-.4189557,213,1
452,.61358608,.4403477,.3153317,.4212369,-.0018409,.0006291,-.0037316,.9068342,533,.0144838,1.879624,14.83086,.0401235,-.0684597,-.1058749,-17.73394,17.73394,-39.16901,39.16901,.3561628,-.2714691,59,1
456,.10144346,.2303615,.1804839,.2373098,.0006554,.0003193,.0006018,.910527,636,-.0039688,.9965206,3.507579,.0306122,.0626363,.0659066,14.78892,-14.78892,19.95673,-19.95674,-.2994927,-.1550211,18,1
