coef_dist,coef_dist_se,hrr,eta,converged,log_like,coef_m,coef_m_se,patients,pcp_total,spec_total,mean_choice_size,mean_spec_failures,mean_pair_failures,mean_pcp_failures,spec_hhi,mean_vi
-.06622524,.00179727,1,1,1,-16708.57,.23126517,.1223741,7974,674,400,11.05142,22.0148,.5583107,3.027735,.0396767,.0385001
-.06621982,.00179704,1,5,1,-16708.37,.52291637,.2590014,7974,674,400,11.05142,22.0148,.5583107,3.027735,.0396767,.0385001
-.0729996,.00493702,2,1,1,-4633.379,.09191267,.228388,2815,171,150,14.74565,31.2254,.6542011,4.67263,.4367813,.0024867
-.07299365,.00493416,2,5,1,-4633.329,.23188256,.4556455,2815,171,150,14.74565,31.2254,.6542011,4.67263,.4367813,.0024867
-.07926409,.00648342,5,1,1,-6122.569,.28421617,.2207184,3197,273,174,10.45261,37.54563,.4846566,2.439769,.3788719,.0043791
-.0792845,.00648684,5,5,1,-6122.795,.53051753,.4747213,3197,273,174,10.45261,37.54563,.4846566,2.439769,.3788719,.0043791
-.07050253,.00396684,6,1,1,-7112.188,0,0,3958,295,214,11.69429,17.10228,.4364785,2.963237,.17748,.0141486
-.07050118,.0039687,6,5,1,-7112.236,0,0,3958,295,214,11.69429,17.10228,.4364785,2.963237,.17748,.0141486
-.04801187,.00362185,7,1,1,-3221.196,0,0,1868,164,138,12.21306,18.208,.388983,2.626214,.223802,.0240899
-.0480195,.00361679,7,5,1,-3221.21,6.343e-13,0,1868,164,138,12.21306,18.208,.388983,2.626214,.223802,.0240899
-.19250609,.03676115,9,1,1,-217.5368,1.8607966,1.10626,149,49,51,5.18792,18.21088,.368421,2.489796,.1229224,.0536913
-.19493186,.03720702,9,5,1,-217.4276,4.281769,2.279501,149,49,51,5.18792,18.21088,.368421,2.489796,.1229224,.0536913
-.05135885,.00447408,10,1,1,-1593.653,.72477554,.3001335,1699,266,284,9.894644,19.01602,.4123435,2.08773,.11061,.0370806
-.05131079,.00447981,10,5,1,-1594.175,1.2870011,.6148649,1699,266,284,9.894644,19.01602,.4123435,2.08773,.11061,.0370806
-.05917869,.0066868,11,1,1,-10711.94,9.552e-51,0,6300,602,367,19.20572,26.46061,.568403,5.300909,.1421855,.0114286
-.05911934,.0066829,11,5,1,-10711.88,0,0,6300,602,367,19.20572,26.46061,.568403,5.300909,.1421855,.0114286
-.06555756,.00975434,14,1,1,-8304.895,0,0,3600,420,258,13.85472,33.09129,.5878151,4.163976,.2445769,.0175
-.0655544,.00974841,14,5,1,-8305.058,5.684e-19,0,3600,420,258,13.85472,33.09129,.5878151,4.163976,.2445769,.0175
-.03618812,.00249126,15,1,1,-6377.389,.5647073,.2428057,4608,364,288,10.82834,28.67045,.3900929,2.319511,.2072553,.0405816
-.03623965,.00249621,15,5,1,-6377.143,1.2019037,.5323607,4608,364,288,10.82834,28.67045,.3900929,2.319511,.2072553,.0405816
-.04728525,.00475812,16,1,1,-3895.522,.08683799,.2767724,2026,182,134,11.10266,21.48737,.4808415,2.655275,.2472892,.2729516
-.04730265,.00475263,16,5,1,-3895.583,.03612677,.6388846,2026,182,134,11.10266,21.48737,.4808415,2.655275,.2472892,.2729516
-.0517382,.00898893,18,1,1,-2115.384,0,0,1445,92,84,9.829758,20.94653,.5182872,2.830555,.3223462,.2574394
-.05174609,.00898883,18,5,1,-2115.447,1.061e-24,0,1445,92,84,9.829758,20.94653,.5182872,2.830555,.3223462,.2574394
-.06074334,.00210885,19,1,1,-19927.98,0,0,10718,582,289,12.6838,33.54679,.52513,2.798798,.0859526,.0841575
-.06074795,.00211218,19,5,1,-19928.13,0,0,10718,582,289,12.6838,33.54679,.52513,2.798798,.0859526,.0841575
-.06413508,.00607699,21,1,1,-2609.043,.32495662,.3517176,2972,243,165,8.068641,32.29871,.7176109,2.135455,.221752,.1813594
-.06416833,.00609319,21,5,1,-2609.171,.59223823,.8354779,2972,243,165,8.068641,32.29871,.7176109,2.135455,.221752,.1813594
-.0368211,.00736319,22,1,1,-1697.628,.86843341,.3257955,1206,124,129,12.20813,26.4746,.3455233,2.75624,.2385626,.2852405
-.0367524,.00737778,22,5,1,-1698.218,1.7979783,.7383264,1206,124,129,12.20813,26.4746,.3455233,2.75624,.2385626,.2852405
-.11676026,.00516519,23,1,1,-10478.5,0,0,5671,501,344,10.08447,23.67465,.4422151,1.894159,.1335274,.0774114
-.11676609,.00516549,23,5,1,-10478.58,2.176e-24,0,5671,501,344,10.08447,23.67465,.4422151,1.894159,.1335274,.0774114
-.04815222,.00333136,25,1,1,-4584.559,.49501493,.2697151,3242,209,204,12.58267,22.43335,.4206212,2.532488,.092399,.0271437
-.04812253,.00333859,25,5,1,-4585.635,.73341528,.5615869,3242,209,204,12.58267,22.43335,.4206212,2.532488,.092399,.0271437
-.03774534,.00462606,31,1,1,-2832.13,0,0,2110,127,124,10.53649,26.0823,.7497056,3.602094,.2369803,.0492891
-.03774615,.00462087,31,5,1,-2832.255,0,0,2110,127,124,10.53649,26.0823,.7497056,3.602094,.2369803,.0492891
-.07501029,.00484755,33,1,1,-5720.312,.17992742,.3142889,3105,282,176,10.0219,28.53652,.375,2.044251,.292503,.0866345
-.07498996,.00486159,33,5,1,-5720.575,.12812124,.6366495,3105,282,176,10.0219,28.53652,.375,2.044251,.292503,.0866345
-.06108159,.00536576,43,1,1,-4926.861,.23550929,.274786,3063,210,147,10.43226,31.62152,.3690795,2.078181,.4532851,.029383
-.06106425,.00536367,43,5,1,-4926.762,.53728206,.5986745,3063,210,147,10.43226,31.62152,.3690795,2.078181,.4532851,.029383
-.13330001,.00365812,56,1,1,-23488.83,.03487122,.1263424,12863,955,535,9.212858,38.9764,.6467373,2.216669,.0293402,.0289979
-.13330006,.00365808,56,5,1,-23488.87,2.634e-11,8.08e-09,12863,955,535,9.212858,38.9764,.6467373,2.216669,.0293402,.0289979
-.06300139,.00396702,58,1,1,-5540.469,.22168099,.2361659,3302,239,217,11.98244,21.04807,.5113537,2.312842,.0567536,.1926105
-.06294475,.0039661,58,5,1,-5540.926,.05977902,.5124779,3302,239,217,11.98244,21.04807,.5113537,2.312842,.0567536,.1926105
-.02893821,.00365716,62,1,1,-1451.936,.11598491,.4749582,1112,139,116,7.988309,27.48148,.8152562,2.480543,.184841,.0305755
-.02888319,.00370202,62,5,1,-1451.96,9.048e-22,0,1112,139,116,7.988309,27.48148,.8152562,2.480543,.184841,.0305755
-.05198388,.0051404,65,5,1,-3879.027,1.159e-23,0,2092,282,172,7.819312,20.94511,.3400143,1.470504,.0765865,.040631
-.06101482,.00966694,69,1,1,-2401.584,.26954513,.2654188,1948,204,164,8.235626,28.05003,.5827489,2.738009,.3891745,.0087269
-.06108976,.00965473,69,5,1,-2401.787,.41345175,.5368809,1948,204,164,8.235626,28.05003,.5827489,2.738009,.3891745,.0087269
-.05096524,.00502221,73,1,1,-3610.263,.62559749,.2569181,2718,137,165,12.97241,22.76229,.465007,3.340859,.1081291,.080206
-.05096771,.00501863,73,5,1,-3609.562,1.3190785,.5185919,2718,137,165,12.97241,22.76229,.465007,3.340859,.1081291,.080206
-.06131615,.00233121,77,1,1,-18098.23,.04753712,.1578986,9013,621,405,12.74958,20.02534,.4210872,2.491314,.0559338,.1900588
-.06131677,.00233122,77,5,1,-18098.29,.03018239,.3577715,9013,621,405,12.74958,20.02534,.4210872,2.491314,.0559338,.1900588
-.07035011,.00601692,78,1,1,-2842.828,0,0,1904,125,112,11.24632,28.86649,.4706289,2.645943,.1696467,.039916
-.07027647,.00601086,78,5,1,-2842.98,3.591e-14,0,1904,125,112,11.24632,28.86649,.4706289,2.645943,.1696467,.039916
-.05939558,.0037794,79,1,1,-3429.904,1.93e-289,0,2295,365,320,8.107625,16.80705,.6108727,2.237073,.0448737,.124183
-.05939509,.00378127,79,5,1,-3429.913,.02090482,.6889131,2295,365,320,8.107625,16.80705,.6108727,2.237073,.0448737,.124183
-.07873545,.00376197,80,1,1,-12631.56,.40051015,.1892843,6719,579,376,9.996428,17.23513,.4535762,1.817801,.0590421,.1739842
-.07874141,.00376118,80,5,1,-12631.8,.82116127,.4264233,6719,579,376,9.996428,17.23513,.4535762,1.817801,.0590421,.1739842
-.12837952,.00931464,81,1,1,-5966.784,.42220529,.2765515,3021,316,207,11.78616,17.09188,.324449,2.163,.1035033,.0334326
-.12840655,.00932043,81,5,1,-5967.232,.74606823,.6041831,3021,316,207,11.78616,17.09188,.324449,2.163,.1035033,.0334326
-.07250893,.00758252,82,1,1,-5461.582,.28769163,.2967987,2917,281,179,10.2434,25.77935,.3590957,1.875774,.0775207,.1258142
-.07255161,.00758723,82,5,1,-5461.277,.75732135,.6685352,2917,281,179,10.2434,25.77935,.3590957,1.875774,.0775207,.1258142
-.05628596,.00495169,83,1,1,-2697.4,0,0,2011,160,132,9.802586,15.997,.3290627,1.851648,.1935968,.0417703
-.05625157,.00495619,83,5,1,-2697.472,2.358e-23,0,2011,160,132,9.802586,15.997,.3290627,1.851648,.1935968,.0417703
-.06024849,.00652369,85,1,1,-3681.536,0,0,2060,229,133,8.798544,31.55474,.3277193,1.720195,.1750627,.2111651
-.06027465,.00652352,85,5,1,-3681.596,9.522e-28,0,2060,229,133,8.798544,31.55474,.3277193,1.720195,.1750627,.2111651
-.06360908,.00371722,86,1,1,-4597.314,.14109477,.248901,2999,186,108,9.794265,18.56678,.4433476,2.04396,.1145422,.174058
-.06362295,.00372108,86,5,1,-4597.169,.38936308,.4830833,2999,186,108,9.794265,18.56678,.4433476,2.04396,.1145422,.174058
-.06102452,.01706121,87,1,1,-2893.438,3.357e-72,0,1393,116,113,10.59009,24.6633,.2903907,1.768898,.2215616,.3194544
-.06103062,.01705511,87,5,1,-2893.442,3.590e-26,6.00e-23,1393,116,113,10.59009,24.6633,.2903907,1.768898,.2215616,.3194544
-.07802479,.00668643,89,1,1,-3870.81,.2342996,.2814476,2153,169,129,10.89178,17.00513,.4018146,2.035415,.1298438,.1114724
-.07799829,.00668602,89,5,1,-3870.888,.39323109,.5359541,2153,169,129,10.89178,17.00513,.4018146,2.035415,.1298438,.1114724
-.03650188,.00482304,91,1,1,-3048.571,.8158453,.383088,1759,188,151,10.91416,21.74072,.3740522,2.819738,.0934711,.2211484
-.03653839,.00482937,91,5,1,-3048.041,1.852527,.8195955,1759,188,151,10.91416,21.74072,.3740522,2.819738,.0934711,.2211484
-.04522064,.00377053,96,1,1,-6823.357,7.971e-07,.0001201,3310,311,182,11.28852,22.98842,.4129663,2.028259,.1079693,.0129909
-.04521918,.00376957,96,5,1,-6823.358,1.136e-23,0,3310,311,182,11.28852,22.98842,.4129663,2.028259,.1079693,.0129909
-.08126368,.01252893,101,1,1,-1807.062,2.052e-14,0,1101,132,114,9.49228,15.12477,.398293,1.982633,.1566778,.1298819
-.08126368,.01252893,101,5,1,-1807.062,5.388e-51,0,1101,132,114,9.49228,15.12477,.398293,1.982633,.1566778,.1298819
-.0376859,.00330561,104,1,1,-3260.525,.52530518,.3543648,2257,206,148,9.907843,45.1361,.5461493,2.617411,.492412,.0948161
-.03768857,.00329614,104,5,1,-3261.015,.88981548,.7279197,2257,206,148,9.907843,45.1361,.5461493,2.617411,.492412,.0948161
-.06473241,.00389363,105,1,1,-2057.059,.02366156,.3525147,2161,213,172,7.453031,12.53997,.257329,1.199252,.1597764,.0522906
-.0647324,.00389353,105,5,1,-2057.06,.03320668,.7647567,2161,213,172,7.453031,12.53997,.257329,1.199252,.1597764,.0522906
-.0518713,.00648997,106,1,1,-3607.06,.01264566,.286936,1995,213,137,9.609022,35.5139,.4705046,2.661119,.3712386,.1598998
-.05191869,.00649602,106,5,1,-3606.952,.27107581,.6098019,1995,213,137,9.609022,35.5139,.4705046,2.661119,.3712386,.1598998
-.03765225,.01034626,107,1,1,-2575.846,.12823314,.2630413,1302,96,104,13.70507,16.33385,.4135071,2.972179,.1383149,.109063
-.03766773,.0103541,107,5,1,-2575.907,.15149162,.5224304,1302,96,104,13.70507,16.33385,.4135071,2.972179,.1383149,.109063
-.09843286,.00570688,109,1,1,-5775.769,0,0,3146,332,241,10.15099,26.94592,.5026764,2.388765,.1119827,.0104895
-.09843448,.00570121,109,5,1,-5775.975,5.927e-14,0,3146,332,241,10.15099,26.94592,.5026764,2.388765,.1119827,.0104895
-.11422017,.00397579,110,5,1,-13829.11,1.709e-23,0,6564,648,373,9.292353,28.99509,.4501379,2.265962,.1227582,.0457038
-.12264232,.00359833,111,1,1,-16643.98,.27195489,.1294368,8250,743,392,9.322424,29.64171,.4999138,2.573238,.0793108,.0252121
-.12263383,.00359856,111,5,1,-16644.49,.50185846,.2688933,8250,743,392,9.322424,29.64171,.4999138,2.573238,.0793108,.0252121
-.05722223,.00326909,112,1,1,-16659.59,.0315068,.1544132,7012,461,270,12.17855,45.09106,.4661262,2.835463,.2742204,.0085568
-.05722829,.00326794,112,5,1,-16659.61,3.46e-161,0,7012,461,270,12.17855,45.09106,.4661262,2.835463,.2742204,.0085568
-.06977485,.00298097,113,1,1,-27479.59,.21662467,.1197481,11938,1049,622,11.22399,29.6123,.4871994,2.547049,.0746205,.0214441
-.06978488,.00298209,113,5,1,-27478.62,.56373521,.248131,11938,1049,622,11.22399,29.6123,.4871994,2.547049,.0746205,.0214441
-.06889004,.00989714,115,1,1,-5169.306,.23176601,.1870918,3031,351,210,9.415375,47.2606,.5502622,3.319417,.4182936,.0280435
-.06889837,.00989344,115,5,1,-5169.549,.35643189,.371178,3031,351,210,9.415375,47.2606,.5502622,3.319417,.4182936,.0280435
-.06889246,.00785799,116,5,1,-6150.002,1.775e-17,0,3137,414,269,9.539369,38.31186,.5824338,2.884123,.3033585,.0290086
-.08793478,.003028,118,1,1,-27406.67,.05525466,.1089046,13756,1435,961,14.37656,39.77007,.5366399,3.528373,.0634974,.0327857
-.08793422,.00302787,118,5,1,-27406.68,.11148996,.2277008,13756,1435,961,14.37656,39.77007,.5366399,3.528373,.0634974,.0327857
-.09847604,.00210862,119,1,1,-33418.24,.17143807,.086533,15739,1794,1131,14.13489,56.67555,.66546,4.437416,.0550641,.0534977
-.09847828,.00210929,119,5,1,-33418.98,.25544486,.1796959,15739,1794,1131,14.13489,56.67555,.66546,4.437416,.0550641,.0534977
-.07057707,.00578533,120,1,1,-4703.314,.26576411,.2132125,3253,331,186,9.925607,35.58636,.572165,2.901943,.3852161,.070704
-.07051534,.00578202,120,5,1,-4703.793,.31976354,.4769044,3253,331,186,9.925607,35.58636,.572165,2.901943,.3852161,.070704
-.09848844,.00531021,122,1,1,-6152.629,0,0,2786,338,270,10.09368,27.71701,.6546142,3.06765,.0883028,.0412778
-.07288647,.00302652,123,1,1,-20908.99,2.786e-07,.0000201,10751,722,423,12.20724,61.82333,.6698607,3.476906,.1796653,.0747837
-.07288841,.00302634,123,5,1,-20909,.00895107,.1850707,10751,722,423,12.20724,61.82333,.6698607,3.476906,.1796653,.0747837
-.06467797,.00795463,124,1,1,-3136.581,.32045084,.260378,1727,221,176,8.898668,39.3774,.5628931,2.941176,.4365963,.5732484
-.06468996,.00795646,124,5,1,-3137.002,.40240465,.5217021,1727,221,176,8.898668,39.3774,.5628931,2.941176,.4365963,.5732484
-.10581818,.00892004,127,1,1,-2139.96,.67874093,.439586,2015,415,425,8.721092,24.65217,.477293,2.044776,.0711259,.0307692
-.10583733,.00892855,127,5,1,-2140.418,1.2077405,1.05292,2015,415,425,8.721092,24.65217,.477293,2.044776,.0711259,.0307692
-.07255742,.00333218,129,1,1,-11516.83,.13868132,.1674593,8215,676,506,14.26086,45.63042,.636153,4.339766,.0905864,.0116859
-.07254124,.00333367,129,5,1,-11517.13,.15261289,.3281601,8215,676,506,14.26086,45.63042,.636153,4.339766,.0905864,.0116859
-.07770562,.0020796,130,1,1,-33644.6,.18781298,.09862,19003,1858,1311,11.69326,36.0116,.7346767,3.678123,.0226477,.0479924
-.07771101,.00208015,130,5,1,-33644.3,.39445259,.2003331,19003,1858,1311,11.69326,36.0116,.7346767,3.678123,.0226477,.0479924
-.06229881,.00345248,131,1,1,-6345.618,.57293667,.2577543,3964,347,280,13.95787,27.0754,.5529287,3.416307,.1198514,.0953582
-.06225525,.00345884,131,5,1,-6345.334,1.1758845,.485155,3964,347,280,13.95787,27.0754,.5529287,3.416307,.1198514,.0953582
-.04404631,.00629939,133,1,1,-1753.16,.02024575,.3019973,1552,131,154,10.33763,36.59327,.8443114,3.197156,.3461455,.0393041
-.04405576,.00630754,133,5,1,-1753.162,1.097e-16,0,1552,131,154,10.33763,36.59327,.8443114,3.197156,.3461455,.0393041
-.07962097,.00295578,134,1,1,-8302.308,.1650311,.1568701,5487,443,317,11.88227,22.85281,.5,3.345878,.0999402,.126663
-.07961006,.00295584,134,5,1,-8302.446,.29357166,.3450096,5487,443,317,11.88227,22.85281,.5,3.345878,.0999402,.126663
-.11688114,.00530488,137,1,1,-16712.19,0,0,7788,816,550,13.21225,48.90818,.553413,3.537261,.1758663,.0387776
-.11684432,.00533236,137,5,1,-16712.59,5.934e-21,0,7788,816,550,13.21225,48.90818,.553413,3.537261,.1758663,.0387776
-.03205295,.01313981,139,1,1,-3599.35,.25614431,.2420088,1812,290,205,9.01766,25.84275,.4821592,2.823627,.2535245,.0248344
-.0321259,.01314955,139,5,1,-3599.482,.49839489,.5771379,1812,290,205,9.01766,25.84275,.4821592,2.823627,.2535245,.0248344
-.08545278,.00605872,140,1,1,-2268.74,6.432e-17,0,2464,221,173,8.787744,18.80607,.6393443,3.006953,.142137,.03125
-.08545278,.00605872,140,5,1,-2268.74,1.234e-27,0,2464,221,173,8.787744,18.80607,.6393443,3.006953,.142137,.03125
-.07771166,.00438617,141,1,1,-7474.326,0,0,3891,479,362,11.19841,31.61756,.4681892,2.696225,.2501926,.1369828
-.07771196,.00438297,141,5,1,-7474.45,5.763e-20,0,3891,479,362,11.19841,31.61756,.4681892,2.696225,.2501926,.1369828
-.01509817,.0077195,142,1,1,-546.6522,1.4927727,.9104953,708,65,74,10.58051,31.79399,.3961039,2.376956,.1973611,.1101695
-.01538834,.0078247,142,5,1,-546.4764,3.2046539,1.88619,708,65,74,10.58051,31.79399,.3961039,2.376956,.1973611,.1101695
-.07915458,.00213328,144,1,1,-42712.75,.26790447,.1081696,18566,1270,726,11.95432,26.47047,.4031224,2.274353,.0813143,.0365722
-.07917156,.00213392,144,5,1,-42711.94,.6152671,.2401915,18566,1270,726,11.95432,26.47047,.4031224,2.274353,.0813143,.0365722
-.0913624,.00503411,145,1,1,-6488.125,.20424075,.1998879,3173,225,175,12.45698,17.43531,.3712785,2.869427,.2815811,.0135518
-.09134956,.00502796,145,5,1,-6488.564,.22167261,.4344892,3173,225,175,12.45698,17.43531,.3712785,2.869427,.2815811,.0135518
-.06651244,.01313095,146,1,1,-3152.052,0,0,1869,126,75,10.71215,36.62413,.5870166,3.689451,.4331329,.0053505
-.06651137,.01313,146,5,1,-3152.056,0,0,1869,126,75,10.71215,36.62413,.5870166,3.689451,.4331329,.0053505
-.05015553,.0029706,147,1,1,-3692.384,.04830338,.2415644,2384,227,192,10.04866,23.27738,.466199,2.458564,.1591201,.0192953
-.05016698,.00296946,147,5,1,-3692.399,0,0,2384,227,192,10.04866,23.27738,.466199,2.458564,.1591201,.0192953
-.0927307,.00596654,148,1,1,-2876.477,.42185289,.2510431,1504,161,122,9.489362,22.8191,.6973214,3.499665,.2707143,.2573138
-.09278348,.00596886,148,5,1,-2876.729,.80212235,.5378296,1504,161,122,9.489362,22.8191,.6973214,3.499665,.2707143,.2573138
-.04164573,.00304584,149,1,1,-7366.402,.17447827,.1812062,4999,346,305,11.47309,35.26285,.675,3.449678,.1698469,.0784157
-.04163383,.00304479,149,5,1,-7366.468,.31945172,.3688422,4999,346,305,11.47309,35.26285,.675,3.449678,.1698469,.0784157
-.0585776,.00437289,151,1,1,-4780.04,.10223203,.2250229,3056,270,192,10.23298,14.92105,.4576271,2.37311,.1487024,.3275523
-.05855952,.00437439,151,5,1,-4780.132,4.888e-12,2.99e-09,3056,270,192,10.23298,14.92105,.4576271,2.37311,.1487024,.3275523
-.06372436,.0054528,152,1,1,-2332.961,1.529e-13,0,1262,96,81,10.97861,9.215608,.4164905,2.594226,.0916225,.0198098
-.06372436,.0054528,152,5,1,-2332.961,3.652e-31,0,1262,96,81,10.97861,9.215608,.4164905,2.594226,.0916225,.0198098
-.02737001,.01165009,154,1,1,-2293.329,.06596196,.3769429,1484,244,131,6.493935,32.83685,.7771689,2.688391,.128817,.2486523
-.02758365,.01163024,154,5,1,-2293.179,.39604898,.6823606,1484,244,131,6.493935,32.83685,.7771689,2.688391,.128817,.2486523
-.06950003,.00507847,155,1,1,-14173.38,0,0,5345,543,280,12.13901,35.70171,.668941,3.467781,.0706084,.053508
-.06950229,.00507786,155,5,1,-14173.34,0,0,5345,543,280,12.13901,35.70171,.668941,3.467781,.0706084,.053508
-.10908441,.00478299,156,1,1,-9901.478,.23128576,.1959019,3834,731,319,6.149452,35.20556,.5018821,2.280702,.1044222,.1356286
-.10911332,.00478331,156,5,1,-9901.204,.56893685,.413992,3834,731,319,6.149452,35.20556,.5018821,2.280702,.1044222,.1356286
-.07654866,.00423551,158,1,1,-9789.856,.25392719,.2056939,4748,655,317,10.25358,31.46312,.6135537,2.631479,.0925746,.0494945
-.07654283,.00423356,158,5,1,-9790.175,.4190229,.4376128,4748,655,317,10.25358,31.46312,.6135537,2.631479,.0925746,.0494945
-.055932,.0037203,161,1,1,-20158.67,1.034e-14,0,7853,699,306,11.15064,39.37155,.4568041,2.535181,.3854575,.1049281
-.055932,.0037203,161,5,1,-20158.67,2.961e-28,0,7853,699,306,11.15064,39.37155,.4568041,2.535181,.3854575,.1049281
-.09811569,.01030493,163,1,1,-7662.015,.10967801,.2130613,3161,433,214,9.274913,30.74713,.537997,2.875996,.2089237,.2603607
-.09814509,.01030785,163,5,1,-7662.132,.1124331,.4852962,3161,433,214,9.274913,30.74713,.537997,2.875996,.2089237,.2603607
-.07309737,.00510076,164,1,1,-8778.383,.17357291,.1765282,4112,609,299,9.303745,30.59099,.7924099,3.372554,.115218,.0744163
-.0731072,.00509951,164,5,1,-8778.442,.32693306,.3744376,4112,609,299,9.303745,30.59099,.7924099,3.372554,.115218,.0744163
-.14089677,.00473634,166,1,1,-17521.26,.33042166,.1614692,6726,841,378,9.97755,30.96654,.6311927,2.776763,.0731936,.2276241
-.14093192,.00473562,166,5,1,-17521.39,.66696307,.3525651,6726,841,378,9.97755,30.96654,.6311927,2.776763,.0731936,.2276241
-.08412465,.00385558,170,1,1,-8688.8,.06191334,.191194,4729,346,230,10.7731,32.53447,.8545155,3.403826,.1824092,.2180165
-.07278229,.00255303,171,1,1,-9383.238,.20478611,.1773232,5386,519,316,9.551059,28.19357,.8360738,3.059791,.1493839,.2695878
-.07278353,.00255279,171,5,1,-9383.409,.36738269,.375274,5386,519,316,9.551059,28.19357,.8360738,3.059791,.1493839,.2695878
-.06979516,.00309146,172,1,1,-56684.88,6.330e-15,0,4372,405,267,9.646615,24.16543,.6546698,3.439436,.1079793,.1349497
-.06979277,.00309127,172,5,1,-1035032,1.511e-28,0,4372,405,267,9.646615,24.16543,.6546698,3.439436,.1079793,.1349497
-.04111858,.00271997,173,1,1,-2674.267,.31129462,.2497572,1679,222,176,8.722454,20.24041,.7005742,2.979641,.1301631,.4860036
-.04111745,.00272114,173,5,1,-2674.371,.59040896,.5152835,1679,222,176,8.722454,20.24041,.7005742,2.979641,.1301631,.4860036
-.05669974,.0072377,175,1,1,-2325.162,1.401e-20,0,1387,103,84,9.149964,14.98479,.4680851,2.661103,.3396837,.1824081
-.05669974,.0072377,175,5,1,-2325.162,9.605e-29,0,1387,103,84,9.149964,14.98479,.4680851,2.661103,.3396837,.1824081
-.07746708,.0040437,179,1,1,-10204.81,.15222137,.1404905,4958,336,250,12.06091,22.07669,.4337418,2.894716,.2236769,.0699879
-.07746368,.0040454,179,5,1,-10204.78,.33732627,.3014837,4958,336,250,12.06091,22.07669,.4337418,2.894716,.2236769,.0699879
-.06266499,.00304963,180,1,1,-8180.246,.00536682,.0964652,3952,389,249,9.039221,24.43615,.4193793,2.073556,.2498504,.1024798
-.06266836,.00304945,180,5,1,-8180.222,.08730045,.4165311,3952,389,249,9.039221,24.43615,.4193793,2.073556,.2498504,.1024798
-.07407482,.00462134,181,1,1,-6265.583,0,0,2849,342,236,10.29309,23.58452,.4983642,2.711245,.1488373,.0979291
-.07409072,.00462177,181,5,1,-6265.66,6.761e-14,0,2849,342,236,10.29309,23.58452,.4983642,2.711245,.1488373,.0979291
-.05445044,.00152962,183,1,1,-34701.31,0,0,14975,1066,524,12.26584,22.0546,.5191777,2.563456,.0706503,.1835726
-.05444867,.00152981,183,5,1,-34702.29,4.347e-20,0,14975,1066,524,12.26584,22.0546,.5191777,2.563456,.0706503,.1835726
-.03786069,.00765316,184,1,1,-2468.342,7.323e-17,0,1378,150,105,8.847605,31.45818,.5818354,2.48,.4835187,.3744557
-.03786069,.00765316,184,5,1,-2468.342,2.041e-38,0,1378,150,105,8.847605,31.45818,.5818354,2.48,.4835187,.3744557
-.08222143,.01059189,185,1,1,-1958,2.054e-35,2.03e-32,1044,109,99,9.898467,21.57308,.4255618,2.189605,.4721451,.0296935
-.08223781,.0105929,185,5,1,-1957.989,.12644456,.7092939,1044,109,99,9.898467,21.57308,.4255618,2.189605,.4721451,.0296935
-.0523033,.00803143,186,1,1,-3693.814,.50966163,.3114718,1779,247,150,9.913997,24.10321,.6175711,3.355894,.0826098,.1495222
-.05233496,.00802873,186,5,1,-3694.038,1.0004052,.6969424,1779,247,150,9.913997,24.10321,.6175711,3.355894,.0826098,.1495222
-.10343252,.00630907,187,1,1,-8739.071,.31273902,.1777382,4305,388,250,9.412543,25.00047,.4062992,2.302358,.1605464,.0891986
-.1034246,.00630484,187,5,1,-8739.563,.53277859,.3792423,4305,388,250,9.412543,25.00047,.4062992,2.302358,.1605464,.0891986
-.09220657,.00908693,190,1,1,-4145.946,.40120033,.2372066,2270,163,97,9.305727,36.47062,.5853932,2.596731,.7916455,.0229075
-.09217616,.00908187,190,5,1,-4146.039,.744937,.4590721,2270,163,97,9.305727,36.47062,.5853932,2.596731,.7916455,.0229075
-.07334818,.00347934,191,1,1,-9013.315,.24012072,.2023386,4768,278,185,10.08431,31.67516,.7720531,3.224563,.3533031,.0664849
-.07338479,.00348275,191,5,1,-9011.749,.78185167,.4051778,4768,278,185,10.08431,31.67516,.7720531,3.224563,.3533031,.0664849
-.06099804,.00259477,192,1,1,-15457.66,.31283267,.1688873,7250,466,293,12.79572,18.52862,.467538,2.081845,.2533203,.1091034
-.06102225,.00259074,192,5,1,-15457.83,.65129159,.3680565,7250,466,293,12.79572,18.52862,.467538,2.081845,.2533203,.1091034
-.05453742,.01168943,193,1,1,-1472.073,7.288e-14,0,998,110,108,8.687375,18.44198,.6005188,2.665323,.2108907,.3016032
-.05453742,.01168943,193,5,1,-1472.073,3.402e-14,0,998,110,108,8.687375,18.44198,.6005188,2.665323,.2108907,.3016032
-.06846097,.00449739,194,1,1,-4418.346,.75441572,.2426861,2250,224,149,10.29467,17.85388,.4387692,2.568803,.2808281,.1506667
-.06844497,.00449944,194,5,1,-4420.202,1.2042696,.5203344,2250,224,149,10.29467,17.85388,.4387692,2.568803,.2808281,.1506667
-.05983737,.00781131,195,1,1,-1652.054,.8201153,.3607841,1155,123,119,9.579221,18.8973,.569161,3.08094,.5049718,.0406926
-.05983142,.00779796,195,5,1,-1652.446,1.3757433,.6547413,1155,123,119,9.579221,18.8973,.569161,3.08094,.5049718,.0406926
-.04990373,.0060935,196,1,1,-3454.225,.26814015,.2558205,1766,128,114,11.35844,12.58281,.3931559,2.968697,.364512,.0317101
-.04991429,.00608255,196,5,1,-3453.844,.75871238,.5376205,1766,128,114,11.35844,12.58281,.3931559,2.968697,.364512,.0317101
-.06560307,.00695533,197,1,1,-3022.304,.08050392,.2848096,1569,130,117,12.65392,17.42271,.4872029,3.038437,.2702874,.2383684
-.06558953,.00695451,197,5,1,-3022.173,.33202254,.5732866,1569,130,117,12.65392,17.42271,.4872029,3.038437,.2702874,.2383684
-.06399649,.00268943,200,1,1,-7126.915,.31147605,.2541459,3948,221,151,10.79103,25.21155,.5480984,2.919009,.2706454,.3467579
-.06397831,.00269149,200,5,1,-7127.369,.48564556,.5649534,3948,221,151,10.79103,25.21155,.5480984,2.919009,.2706454,.3467579
-.05152493,.00263125,201,1,1,-14846.69,0,0,8764,495,305,10.23209,26.71859,.5458108,2.547895,.1011415,.0933364
-.05154234,.00263149,201,5,1,-14847.01,2.364e-21,0,8764,495,305,10.23209,26.71859,.5458108,2.547895,.1011415,.0933364
-.04612809,.00965077,203,1,1,-5022.203,3.124e-16,0,2200,209,107,9.585,41.65736,.4637874,2.256398,.4001698,.0109091
-.04612809,.00965077,203,5,1,-5022.203,3.120e-38,0,2200,209,107,9.585,41.65736,.4637874,2.256398,.4001698,.0109091
-.06794068,.0035114,204,1,1,-5195.44,6.139e-26,2.89e-23,3212,325,258,10.16002,17.37155,.5024826,2.354173,.068309,.0958904
-.06793621,.00350917,204,5,1,-5195.437,.06098171,.483009,3212,325,258,10.16002,17.37155,.5024826,2.354173,.068309,.0958904
-.0819102,.00299782,205,1,1,-27178.07,7.481e-06,.0004867,11041,689,349,12.71071,29.65961,.4452565,2.724565,.0925723,.1971742
-.08191092,.00299804,205,5,1,-27178.03,0,0,11041,689,349,12.71071,29.65961,.4452565,2.724565,.0925723,.1971742
-.07035882,.01560631,207,1,1,-466.322,1.085e-18,0,433,73,84,8.863741,19.29138,.3886926,2.723898,.1595667,.0531178
-.07035882,.01560631,207,5,1,-466.322,5.001e-49,0,433,73,84,8.863741,19.29138,.3886926,2.723898,.1595667,.0531178
-.06425217,.0044287,208,1,1,-3301.312,.31231564,.2251034,2959,211,165,9.814465,31.2582,.9115674,4.414052,.3303984,.0898952
-.06425638,.00442533,208,5,1,-3300.521,.83095032,.4312629,2959,211,165,9.814465,31.2582,.9115674,4.414052,.3303984,.0898952
-.05665189,.00809465,209,1,1,-1837.421,4.397e-29,0,1344,131,111,9.119792,17.63099,.4758064,2.392215,.4894804,.0029762
-.05665189,.00809465,209,5,1,-1837.421,4.758e-47,0,1344,131,111,9.119792,17.63099,.4758064,2.392215,.4894804,.0029762
-.08065187,.00546753,210,1,1,-3157.624,.15717646,.2758571,1916,169,124,9.804802,17.38515,.4313099,1.955121,.4247159,.0354906
-.08066414,.0054668,210,5,1,-3157.491,.46745985,.6442171,1916,169,124,9.804802,17.38515,.4313099,1.955121,.4247159,.0354906
-.05760804,.00673268,212,1,1,-1787.918,.4783503,.4131113,1075,60,74,10.81581,10.07771,.4768293,3.091589,.2603725,.0148837
-.05761957,.00674031,212,5,1,-1787.534,1.0895659,.7665575,1075,60,74,10.81581,10.07771,.4768293,3.091589,.2603725,.0148837
-.0815127,.00368738,213,1,1,-6172.026,.00855342,.1632486,3398,171,117,11.00618,18.33126,.4798061,2.164602,.1320771,.0741613
-.08150391,.00368636,213,5,1,-6172.015,0,0,3398,171,117,11.00618,18.33126,.4798061,2.164602,.1320771,.0741613
-.05931185,.00673602,214,1,1,-2551.687,0,0,1663,106,89,10.365,20.44532,.4790123,2.759417,.2814535,.0901984
-.05930386,.00673605,214,5,1,-2551.73,0,0,1663,106,89,10.365,20.44532,.4790123,2.759417,.2814535,.0901984
.00010036,.04675118,217,1,1,-689.6217,0,0,979,84,84,10.9428,20.02675,.4277108,2.505155,.3792211,.0091931
-.00001155,.04676099,217,5,1,-689.672,3.451e-38,0,979,84,84,10.9428,20.02675,.4277108,2.505155,.3792211,.0091931
-.1929617,.03895216,218,1,1,-382.4208,7.330e-18,0,303,65,55,4.584158,10.42953,.3432836,1.406667,.1089762,.1254125
-.1929617,.03895216,218,5,1,-382.4208,1.278e-25,0,303,65,55,4.584158,10.42953,.3432836,1.406667,.1089762,.1254125
-.08585359,.00554089,219,1,1,-5264.367,.07468412,.1919612,2844,245,174,10.718,21.91504,.422592,2.650283,.1781261,.0625879
-.0858455,.00553875,219,5,1,-5264.433,.05915309,.4314673,2844,245,174,10.718,21.91504,.422592,2.650283,.1781261,.0625879
-.08339717,.0103264,220,1,1,-515.8097,1.744e-13,0,422,71,78,9.402843,11.98812,.256,1.733333,.0765594,.1137441
-.08339717,.0103264,220,5,1,-515.8097,3.898e-49,0,422,71,78,9.402843,11.98812,.256,1.733333,.0765594,.1137441
-.08318921,.00458475,222,1,1,-8836.45,0,0,5045,544,327,8.478097,22.24066,.4017217,1.777556,.0921841,.1839445
-.08319714,.00458742,222,5,1,-8836.517,3.785e-52,0,5045,544,327,8.478097,22.24066,.4017217,1.777556,.0921841,.1839445
-.09234794,.00334524,223,1,1,-45633.33,.09692863,.0922219,16134,1004,448,13.9573,37.00293,.4185775,2.738752,.0732799,.0340275
-.092351,.00334521,223,5,1,-45633.8,.10693947,.2065203,16134,1004,448,13.9573,37.00293,.4185775,2.738752,.0732799,.0340275
-.06472189,.00281482,225,1,1,-9198.042,.15194628,.1898789,5401,464,375,13.8791,36.19781,.5931087,3.424428,.1284693,.0079615
-.06470594,.00281511,225,5,1,-9198.052,.28625058,.3685025,5401,464,375,13.8791,36.19781,.5931087,3.424428,.1284693,.0079615
-.11179324,.00534973,226,1,1,-7230.815,9.612e-14,0,2863,474,292,8.833042,28.05636,.3426574,2.18625,.1203666,.0080335
-.11179324,.00534973,226,5,1,-7230.815,3.973e-28,0,2863,474,292,8.833042,28.05636,.3426574,2.18625,.1203666,.0080335
-.10634075,.00214079,227,5,1,-64572.89,1.538e-21,0,24112,1632,680,12.89287,26.48726,.4694514,2.214506,.0279492,.1172445
-.10019626,.00488967,230,1,1,-6812.262,.27772421,.2193062,3926,308,287,10.73612,30.64771,.3793632,1.990532,.1910511,.0524707
-.10016057,.00488816,230,5,1,-6812.6,.47906038,.4673376,3926,308,287,10.73612,30.64771,.3793632,1.990532,.1910511,.0524707
-.09950298,.00944263,231,1,1,-2502.24,0,0,1505,291,192,7.383389,19.56837,.3870588,1.634538,.0954475,.1488372
-.09946883,.0094564,231,5,1,-2502.307,7.860e-33,0,1505,291,192,7.383389,19.56837,.3870588,1.634538,.0954475,.1488372
-.08136264,.00246473,232,1,1,-15971.13,.38096034,.147441,6857,816,368,9.259589,30.206,.4613472,2.517862,.0465921,.1160858
-.08134475,.00246564,232,5,1,-15972.36,.68786315,.3213857,6857,816,368,9.259589,30.206,.4613472,2.517862,.0465921,.1160858
-.10084263,.00746563,233,1,1,-6518.25,.20957656,.1995219,2783,356,173,9.204096,26.67473,.4435967,2.736387,.086945,.0506647
-.10082024,.00746615,233,5,1,-6518.637,.26335718,.4444608,2783,356,173,9.204096,26.67473,.4435967,2.736387,.086945,.0506647
-.079226,.00330059,234,1,1,-17294.53,5.39e-208,0,7099,723,309,10.39259,37.44323,.5004527,2.998304,.0484148,.0449359
-.07922303,.00330165,234,5,1,-17294.58,8.621e-14,0,7099,723,309,10.39259,37.44323,.5004527,2.998304,.0484148,.0449359
-.05544461,.00541062,235,1,1,-7553.408,.25206886,.2130449,3174,401,259,9.611217,28.78522,.5623853,2.821598,.2299609,.026465
-.05545389,.00541125,235,5,1,-7553.415,.52685109,.4437859,3174,401,259,9.611217,28.78522,.5623853,2.821598,.2299609,.026465
-.07990973,.00429745,236,1,1,-5513.042,.73041859,.2442729,2908,410,252,8.200481,17.12444,.4132681,1.939247,.1029073,.1478679
-.07988401,.00429612,236,5,1,-5513.97,1.4676358,.5513054,2908,410,252,8.200481,17.12444,.4132681,1.939247,.1029073,.1478679
-.0915522,.00407584,238,1,1,-5929.021,.11015109,.1868041,3257,395,280,9.057108,21.91086,.5719222,2.695719,.0891614,.2591342
-.09155845,.00408142,238,5,1,-5928.791,.36685213,.3893346,3257,395,280,9.057108,21.91086,.5719222,2.695719,.0891614,.2591342
-.08408263,.00390017,239,1,1,-7455.896,.24932985,.1974278,4023,407,271,8.78598,46.4145,.5096774,2.537481,.1055776,.0454884
-.08407109,.00390046,239,5,1,-7456.167,.43332734,.4063987,4023,407,271,8.78598,46.4145,.5096774,2.537481,.1055776,.0454884
-.04678043,.00496318,240,1,1,-812.4884,1.176932,.425577,907,121,116,9.001102,15.49336,.5037936,2.370575,.3191458,.0176406
-.04679118,.00493469,240,5,1,-812.6393,2.2198654,.8456862,907,121,116,9.001102,15.49336,.5037936,2.370575,.3191458,.0176406
-.07368977,.00930664,242,1,1,-2538.381,.42811428,.4174255,1296,155,123,9.204475,16.57977,.3382022,2.003101,.3619994,.0470679
-.07367045,.00931752,242,5,1,-2538.126,1.0410903,.8464662,1296,155,123,9.204475,16.57977,.3382022,2.003101,.3619994,.0470679
-.04795883,.00542842,243,1,1,-1395.107,.42241176,.3860264,1135,184,188,10.32599,17.37931,.5192308,2.370796,.2051994,.014978
-.04795794,.00543006,243,5,1,-1395.243,.7435415,.8479378,1135,184,188,10.32599,17.37931,.5192308,2.370796,.2051994,.014978
-.12953796,.01057177,244,1,1,-6864.597,.41235277,.2084422,2807,490,202,7.720698,33.48016,.3222477,2.390357,.0734592,.0302814
-.12957273,.0105729,244,5,1,-6864.873,.82330628,.4520427,2807,490,202,7.720698,33.48016,.3222477,2.390357,.0734592,.0302814
-.11359479,.00626612,245,1,1,-9669.931,.24993034,.1799855,4417,562,227,8.774734,50.37719,.397763,2.824533,.0802049,.0418836
-.11361179,.00626733,245,5,1,-9669.915,.54300506,.4028241,4417,562,227,8.774734,50.37719,.397763,2.824533,.0802049,.0418836
-.07179385,.00395207,246,1,1,-6947.682,.28610196,.1557104,4357,499,327,10.25109,26.00069,.7652201,3.487073,.0540098,.1097085
-.07177526,.00395172,246,5,1,-6947.879,.53200837,.3202738,4357,499,327,10.25109,26.00069,.7652201,3.487073,.0540098,.1097085
-.06709675,.00829874,248,1,1,-1676.211,.8904122,.4719829,892,130,113,8.719731,21.31419,.2829268,1.957351,.3029721,.2186099
-.06715342,.00828626,248,5,1,-1675.979,1.9532354,.8984077,892,130,113,8.719731,21.31419,.2829268,1.957351,.3029721,.2186099
-.08355588,.00692849,249,1,1,-3324.627,.34351511,.3677794,1999,270,219,10.43372,16.37688,.3148009,1.900955,.3744566,.0145073
-.083579,.00692648,249,5,1,-3324.963,.56211069,.7991439,1999,270,219,10.43372,16.37688,.3148009,1.900955,.3744566,.0145073
-.03309188,.00378519,250,1,1,-2896.321,.19635008,.3401199,1523,224,149,8.203546,13.43564,.3458418,2.203557,.27047,.4694681
-.03310083,.0037875,250,5,1,-2896.299,.46032002,.7715787,1523,224,149,8.203546,13.43564,.3458418,2.203557,.27047,.4694681
-.05279347,.00261405,251,1,1,-1.51e+07,.13576905,.1629433,6576,1003,551,8.42868,11.79169,.3718619,1.963461,.1444165,.2317518
-.05279759,.0026144,251,5,1,-2.21e+07,.18191445,.3658854,6576,1003,551,8.42868,11.79169,.3718619,1.963461,.1444165,.2317518
-.08180323,.00758741,253,1,1,-1245.026,1.640e-36,0,1513,222,151,8.003965,15.59398,.506599,2.268309,.2275372,.6226041
-.08180323,.00758741,253,5,1,-1245.026,1.534e-68,0,1513,222,151,8.003965,15.59398,.506599,2.268309,.2275372,.6226041
-.08298735,.00771878,254,1,1,-665.6544,.19840538,.675507,394,101,75,5.243655,10.90746,.2378855,1.918575,.4580638,.0431472
-.082996,.00772658,254,5,1,-665.6642,.39401907,1.46646,394,101,75,5.243655,10.90746,.2378855,1.918575,.4580638,.0431472
-.08260373,.00595363,256,1,1,-5531.935,.27837488,.3038279,2033,366,201,7.240039,13.88538,.3336192,1.679684,.256348,.0570585
-.08263386,.00594699,256,5,1,-5532.324,.32022658,.6836708,2033,366,201,7.240039,13.88538,.3336192,1.679684,.256348,.0570585
-.02732601,.00993026,257,1,1,-1362.819,.14669025,.3426825,1000,90,63,7.434,16.70612,.4721485,2.377131,.337576,.195
-.02732113,.0099284,257,5,1,-1362.79,.35839762,.7324851,1000,90,63,7.434,16.70612,.4721485,2.377131,.337576,.195
-.02575919,.00350492,258,1,1,-2437.507,3.879e-93,0,1425,111,92,11.28,15.16973,.588577,3.312588,.3593027,.1635088
-.02576489,.0035015,258,5,1,-2437.511,.02815466,.6479887,1425,111,92,11.28,15.16973,.588577,3.312588,.3593027,.1635088
-.05191821,.00321937,259,1,1,-4214.124,.09899783,.2360771,3862,265,191,10.06603,32.54119,1.408807,5.162029,.3106572,.027188
-.05191946,.00322793,259,5,1,-4214.15,.17838781,.5692878,3862,265,191,10.06603,32.54119,1.408807,5.162029,.3106572,.027188
-.06267493,.0178005,260,1,1,-623.5451,.03807091,.3887758,814,78,76,9.837838,18.61139,1.161392,4.069136,.1545014,.0110565
-.06267529,.01780531,260,5,1,-623.5231,.20968182,.8218752,814,78,76,9.837838,18.61139,1.161392,4.069136,.1545014,.0110565
-.05115446,.00477274,261,1,1,-1063.5,.5332556,.495098,722,80,78,10.79224,17.37151,.5072464,3.158774,.172501,.0124654
-.05115284,.00474353,261,5,1,-1063.62,1.0402803,1.132534,722,80,78,10.79224,17.37151,.5072464,3.158774,.172501,.0124654
-.05339688,.00442519,262,1,1,-3030.411,.05443256,.3095632,1993,144,119,9.86001,19.18278,.4555329,2.562531,.1253653,.0030105
-.05339789,.00442992,262,5,1,-3030.42,.08560544,.6553723,1993,144,119,9.86001,19.18278,.4555329,2.562531,.1253653,.0030105
-.09676948,.00794603,263,1,1,-1319.075,.02616271,.3880715,1028,112,111,13.68482,16.23288,.4678523,3.204102,.2422047,.0379377
-.09680206,.00794099,263,5,1,-1319.017,.31229752,.8905354,1028,112,111,13.68482,16.23288,.4678523,3.204102,.2422047,.0379377
-.05114656,.00353764,264,1,1,-5258.597,.00844462,.2230063,3930,328,212,10.3916,31.04036,1.782047,6.435661,.3047214,.1340967
-.0511398,.00353786,264,5,1,-5258.589,0,0,3930,328,212,10.3916,31.04036,1.782047,6.435661,.3047214,.1340967
-.03034868,.00354137,267,1,1,-4460.383,.19111501,.2464273,2883,185,158,9.790843,35.56898,.8471338,3.765527,.318634,.1952827
-.03024526,.00355075,267,5,1,-4459.681,.61393917,.4933512,2883,185,158,9.790843,35.56898,.8471338,3.765527,.318634,.1952827
-.09274462,.00417197,268,1,1,-33180.74,.07152797,.0976475,13535,740,372,13.56749,23.91451,.5379318,2.940708,.0524281,.0616919
-.09274218,.00417194,268,5,1,-33180.76,.14866211,.2212468,13535,740,372,13.56749,23.91451,.5379318,2.940708,.0524281,.0616919
-.0470386,.00248847,270,1,1,-6847.468,.43325128,.166372,3779,354,263,9.190262,19.44179,.5287275,2.69705,.2249293,.4556761
-.04704793,.00249,270,5,1,-6847.96,.77753447,.3287845,3779,354,263,9.190262,19.44179,.5287275,2.69705,.2249293,.4556761
-.07827848,.00204669,273,1,1,-1.18e+07,.10805284,.104543,14456,879,465,13.87037,19.339,.5085607,2.883829,.0485246,.0860542
-.07822162,.00204457,273,5,1,-37050.63,.062623,.2329166,14456,879,465,13.87037,19.339,.5085607,2.883829,.0485246,.0860542
-.05019171,.01124531,275,1,1,-913.4946,.74514027,.6826848,873,78,76,9.597939,12.11839,.4963925,2.526437,.3038449,.4112256
-.05022103,.01123058,275,5,1,-913.0527,1.6568256,1.305548,873,78,76,9.597939,12.11839,.4963925,2.526437,.3038449,.4112256
-.04434664,.00604586,276,1,1,-3027.796,.13926008,.3190226,2254,213,166,9.511091,12.55799,.4552553,2.267083,.1658497,.0687666
-.04435407,.00604466,276,5,1,-3027.877,.16996088,.6291329,2254,213,166,9.511091,12.55799,.4552553,2.267083,.1658497,.0687666
-.04087283,.00264134,277,1,1,-12089.8,.15536074,.1825431,5946,345,179,12.66061,23.6449,.5560034,3.317267,.1978914,.012109
-.04088119,.00264119,277,5,1,-12090.09,.21118167,.3802958,5946,345,179,12.66061,23.6449,.5560034,3.317267,.1978914,.012109
-.04618021,.00285717,278,1,1,-22540.92,.105893,.1260036,10670,535,264,14.63805,20.9113,.6859025,3.231936,.095163,.1666354
-.04617635,.00285682,278,5,1,-22541.19,.1169507,.26204,10670,535,264,14.63805,20.9113,.6859025,3.231936,.095163,.1666354
-.08818674,.00608891,279,1,1,-7452.247,.02087083,.1772122,5384,512,401,12.74071,27.64442,.7243243,2.987498,.1040294,.0146731
-.08818016,.00608861,279,5,1,-7452.239,0,0,5384,512,401,12.74071,27.64442,.7243243,2.987498,.1040294,.0146731
-.07039608,.00978645,281,5,1,-877.7446,4.288e-26,0,1473,253,202,8.007468,13.80274,.3034411,1.792323,.146227,.4046164
-.07497054,.00288718,282,1,1,-9047.623,9.668e-68,0,5396,646,358,9.162713,26.90347,.5884427,2.201939,.1106437,.198295
-.06038191,.00114864,283,1,1,-55466.12,0,0,20336,1440,695,14.09028,43.77399,.5223916,2.753216,.0863726,.0046223
-.08492022,.00552726,284,1,1,-10431.41,0,0,4127,480,329,11.14102,29.559,.4911752,2.548686,.0492707,.0096923
-.08492188,.00552703,284,5,1,-10431.49,8.851e-15,0,4127,480,329,11.14102,29.559,.4911752,2.548686,.0492707,.0096923
-.06844507,.00381117,285,1,1,-8671.365,.99743754,.2786658,5414,590,415,11.37643,36.81923,.3807634,2.428148,.1530244,.0755449
-.06854674,.00381032,285,5,1,-8671.733,2.1287659,.5905976,5414,590,415,11.37643,36.81923,.3807634,2.428148,.1530244,.0755449
-.10678024,.00569821,288,1,1,-8731.062,.13944809,.2047836,3636,491,331,9.496699,29.85046,.3667954,2.138398,.0855979,.0134763
-.10677308,.00569814,288,5,1,-8730.983,.35973815,.4502577,3636,491,331,9.496699,29.85046,.3667954,2.138398,.0855979,.0134763
-.08277061,.0103772,289,5,1,-4537.684,4.304e-29,0,2104,368,290,8.606939,29.74085,.4154995,2.178674,.0435762,.0480038
-.07934374,.01429408,291,1,1,-3280.458,.83059357,.2989809,1563,267,218,10.15227,31.72698,.3870588,2.626444,.0622435,.0127959
-.07953328,.01431126,291,5,1,-3280.999,1.7978098,.6651842,1563,267,218,10.15227,31.72698,.3870588,2.626444,.0622435,.0127959
-.10907115,.00825362,292,1,1,-5294.062,.04377028,.3004489,2089,328,251,8.333174,29.30665,.5315534,2.67535,.074206,.0378171
-.10908049,.00825248,292,5,1,-5293.881,.38857812,.693265,2089,328,251,8.333174,29.30665,.5315534,2.67535,.074206,.0378171
-.08701248,.00251553,295,1,1,-16801.87,.14758462,.1420507,8680,866,582,9.490668,25.58894,.4393448,2.124494,.1167281,.0733871
-.08701415,.00251541,295,5,1,-16802.22,.21205342,.2969656,8680,866,582,9.490668,25.58894,.4393448,2.124494,.1167281,.0733871
-.06062155,.00457048,296,1,1,-2959.455,0,0,1754,213,190,8.402509,21.97136,.4082605,1.915808,.1327632,.2428734
-.06059699,.00457006,296,5,1,-2959.6,4.190e-27,0,1754,213,190,8.402509,21.97136,.4082605,1.915808,.1327632,.2428734
-.05797794,.01664312,297,1,1,-1343.079,.14306605,.470908,638,186,153,5.876175,29.35238,.5924855,2.626183,.0658651,.0485893
-.05793426,.016647,297,5,1,-1343.111,4.477e-13,0,638,186,153,5.876175,29.35238,.5924855,2.626183,.0658651,.0485893
-.07375399,.00512902,299,1,1,-5631.499,.44041599,.2674113,2723,278,210,9.539111,12.77819,.3143596,1.601548,.0981407,.0400294
-.07376732,.00512061,299,5,1,-5631.7,.96421155,.6435364,2723,278,210,9.539111,12.77819,.3143596,1.601548,.0981407,.0400294
-.07826842,.00712752,300,1,1,-2340.642,.04987201,.2978781,1646,180,136,6.954435,28.1025,.618862,2.339427,.1826889,.3584447
-.07829435,.00713432,300,5,1,-2340.57,.24378731,.6052915,1646,180,136,6.954435,28.1025,.618862,2.339427,.1826889,.3584447
-.05222353,.0018896,301,1,1,-47563.11,.02063694,.1005586,16665,1159,607,15.43852,33.90529,.4868727,2.684644,.0437241,.0456046
-.05222732,.00188942,301,5,1,-47563,.10747775,.2297024,16665,1159,607,15.43852,33.90529,.4868727,2.684644,.0437241,.0456046
-.12381921,.00773739,303,1,1,-15985.16,0,0,5517,731,481,12.58456,29.71551,.7236218,3.286623,.03459,.0445895
-.12385549,.00773295,303,5,1,-15985.35,8.491e-16,0,5517,731,481,12.58456,29.71551,.7236218,3.286623,.03459,.0445895
-.07270514,.00446552,304,1,1,-2103.065,.00958649,.4219195,1853,281,250,8.19374,13.41215,.3391916,1.615385,.0697275,.1284404
-.07270468,.00446824,304,5,1,-2103.065,.0050459,.460484,1853,281,250,8.19374,13.41215,.3391916,1.615385,.0697275,.1284404
-.09255341,.00545701,307,1,1,-9197.545,.11774531,.1600742,4996,423,294,10.97838,28.01757,.3624101,2.148006,.3297988,.0190152
-.09256201,.00545837,307,5,1,-9197.681,.17168099,.337834,4996,423,294,10.97838,28.01757,.3624101,2.148006,.3297988,.0190152
-.08602363,.00331339,308,1,1,-11816.25,.01576908,.1820447,4807,567,380,9.990847,27.03808,.5106531,2.504698,.0578388,.166424
-.08602164,.003313,308,5,1,-11816.25,6.112e-14,3.28e-11,4807,567,380,9.990847,27.03808,.5106531,2.504698,.0578388,.166424
-.05639047,.00304876,309,1,1,-7548.736,4.104e-36,2.70e-33,4834,405,295,11.29934,23.14975,.4063463,2.159168,.1283122,.1243277
-.05639156,.00304994,309,5,1,-7548.675,0,0,4834,405,295,11.29934,23.14975,.4063463,2.159168,.1283122,.1243277
-.09234552,.00314785,311,1,1,-26092.24,.15829143,.1232958,11328,810,446,11.9977,28.36092,.4883204,2.312606,.3663298,.0828919
-.0923333,.00314682,311,5,1,-26092.68,.26221329,.2761844,11328,810,446,11.9977,28.36092,.4883204,2.312606,.3663298,.0828919
-.08536321,.00680615,313,1,1,-3052.685,0,0,1963,224,138,9.561386,23.35249,.4625796,2.332651,.2700087,.0545084
-.08536363,.00680828,313,5,1,-3052.707,1.002e-18,0,1963,224,138,9.561386,23.35249,.4625796,2.332651,.2700087,.0545084
-.04784002,.0028464,314,1,1,-10193.17,.0664755,.1551139,5652,378,254,11.95789,26.55888,.6285178,3.356427,.1467929,.0507785
-.04783495,.00284691,314,5,1,-10193.23,.08121407,.2996549,5652,378,254,11.95789,26.55888,.6285178,3.356427,.1467929,.0507785
-.06110928,.00270281,318,1,1,-11207.36,.24897545,.1630253,7362,633,330,10.88509,27.56172,.4108626,2.452885,.0938022,.0218691
-.06111862,.00270108,318,5,1,-11207.1,.60062128,.3749478,7362,633,330,10.88509,27.56172,.4108626,2.452885,.0938022,.0218691
-.05275277,.00424904,319,1,1,-4586.261,.29563322,.2051898,3668,286,196,9.719738,44.60656,.5705566,3.234295,.2155744,.0324427
-.05275136,.00424301,319,5,1,-4586.846,.35782628,.4052026,3668,286,196,9.719738,44.60656,.5705566,3.234295,.2155744,.0324427
-.05820421,.0030969,320,1,1,-4449.313,0,0,3679,393,241,8.764067,18.29676,.4081633,1.930959,.1227372,.1674368
-.05822783,.00309837,320,5,1,-4449.295,.13406598,.5600771,3679,393,241,8.764067,18.29676,.4081633,1.930959,.1227372,.1674368
.00250768,.00519392,321,1,1,-927.8703,.57342922,.5520152,1611,129,125,9.739913,16.75877,.586072,3.041823,.4178809,.2489137
.00248268,.00516596,321,5,1,-927.8768,1.1440279,1.148387,1611,129,125,9.739913,16.75877,.586072,3.041823,.4178809,.2489137
-.05683903,.00345485,322,1,1,-3232.775,0,0,2322,271,183,8.313953,16.634,.5361481,2.572912,.1971566,.4672696
-.05684797,.0034604,322,5,1,-3232.841,2.968e-24,0,2322,271,183,8.313953,16.634,.5361481,2.572912,.1971566,.4672696
-.05712857,.00785471,323,1,1,-811.1362,0,0,721,105,75,8.099861,16.27121,.4961538,2.682386,.2529216,.2163662
-.05713003,.00786714,323,5,1,-811.159,0,0,721,105,75,8.099861,16.27121,.4961538,2.682386,.2529216,.2163662
-.1264309,.05346769,324,1,1,-274.8729,.19714849,.7954351,614,88,79,8.027687,17.80296,1.015284,3.403941,.3289425,.539088
-.12649608,.0535959,324,5,1,-274.8893,.22836443,1.20718,614,88,79,8.027687,17.80296,1.015284,3.403941,.3289425,.539088
-.10019636,.0082182,325,1,1,-4980.722,.07943784,.2352738,2506,348,187,8.923783,21.76369,.4314888,2.033414,.2887401,.0802075
-.1001867,.00821641,325,5,1,-4980.749,.13254449,.5124908,2506,348,187,8.923783,21.76369,.4314888,2.033414,.2887401,.0802075
-.13024869,.00539591,326,1,1,-4800.204,0,0,2742,313,194,9.454412,16.41412,.3665521,1.970696,.1661586,.0495988
-.13025011,.0053958,326,5,1,-4800.226,5.922e-15,0,2742,313,194,9.454412,16.41412,.3665521,1.970696,.1661586,.0495988
-.05055325,.00214007,327,1,1,-21929.01,0,0,8441,595,304,12.08873,32.63861,.4228571,2.391144,.1077775,.1811397
-.05056198,.00214055,327,5,1,-21929.23,1.545e-17,0,8441,595,304,12.08873,32.63861,.4228571,2.391144,.1077775,.1811397
-.05071887,.0022036,328,1,1,-15758.02,.03124468,.1378391,9753,737,346,10.94238,22.40704,.4206863,2.4,.0983818,.2003486
-.0507198,.00220375,328,5,1,-15758.03,.05882384,.297026,9753,737,346,10.94238,22.40704,.4206863,2.4,.0983818,.2003486
-.0749911,.00155581,329,1,1,-26762.56,.25219752,.1221024,12077,958,458,9.947255,33.5745,.436235,2.089162,.1116184,.0728658
-.07500271,.00155515,329,5,1,-26762.44,.5553551,.2674341,12077,958,458,9.947255,33.5745,.436235,2.089162,.1116184,.0728658
-.07964651,.00308425,330,1,1,-12618.97,.11831933,.1666651,5872,474,286,10.56948,23.00531,.5514874,2.56312,.1182494,.0303134
-.07964109,.00308404,330,5,1,-12619.15,.16155124,.3716075,5872,474,286,10.56948,23.00531,.5514874,2.56312,.1182494,.0303134
-.09412494,.0168314,331,1,1,-1722.433,.05992936,.3694839,1563,182,104,7.886756,28.12468,.4210526,2.20683,.2325682,.2232886
-.09412578,.01684309,331,5,1,-1722.239,.42207228,.7549214,1563,182,104,7.886756,28.12468,.4210526,2.20683,.2325682,.2232886
-.07856667,.00592367,332,1,1,-5068.531,0,0,2311,282,161,8.724361,21.96256,.8952194,3.882123,.2061626,.093466
-.07856922,.00592104,332,5,1,-5068.542,.04647516,.6196762,2311,282,161,8.724361,21.96256,.8952194,3.882123,.2061626,.093466
-.09631408,.00306259,334,1,1,-12742.86,0,0,6245,520,337,10.63811,21.41175,.5811688,2.583856,.0753303,.1471577
-.09628919,.00305942,334,5,1,-12743.17,5.907e-19,0,6245,520,337,10.63811,21.41175,.5811688,2.583856,.0753303,.1471577
-.09145771,.00451423,335,1,1,-7578.396,.06257137,.1993212,3800,298,258,12.04184,17.63603,.3757017,2.48745,.110851,.0618421
-.09144079,.00451451,335,5,1,-7578.451,.01733224,.4495897,3800,298,258,12.04184,17.63603,.3757017,2.48745,.110851,.0618421
-.04183516,.00503697,336,1,1,-1815.834,6.301e-36,0,1471,118,105,12.73555,27.60986,.6695485,3.135836,.1546717,.1332427
-.04183516,.00503697,336,5,1,-1815.834,1.315e-59,0,1471,118,105,12.73555,27.60986,.6695485,3.135836,.1546717,.1332427
-.05044107,.0022213,339,1,1,-27175.04,.10991342,.1124132,12683,684,327,14.40416,30.29157,.5715849,3.158028,.1090269,.0898841
-.05046018,.00222526,339,5,1,-27174.05,.3923415,.2435146,12683,684,327,14.40416,30.29157,.5715849,3.158028,.1090269,.0898841
-.05224309,.00222932,340,1,1,-19935.15,0,0,8991,544,291,12.2081,37.71941,.5584753,2.764357,.1139052,.1554888
.02335359,.0051418,341,1,1,-2941.977,.27902176,.3875956,1967,142,90,8.737672,15.08321,.2912192,1.843509,.5390165,.0010168
.02333575,.0051523,341,5,1,-2941.89,.63429676,.800076,1967,142,90,8.737672,15.08321,.2912192,1.843509,.5390165,.0010168
-.08322057,.00481169,342,1,1,-3792.974,.47668162,.3772358,2832,239,160,9.447034,14.48165,.3308787,1.934496,.2213335,.2288136
-.083217,.00481259,342,5,1,-3792.443,1.1622879,.8204683,2832,239,160,9.447034,14.48165,.3308787,1.934496,.2213335,.2288136
-.06785531,.00401279,343,1,1,-3196.58,.29908704,.2724172,2632,214,183,9.692629,24.95763,.5987493,2.209745,.2293222,.0258359
-.06781768,.00400742,343,5,1,-3196.858,.44800229,.5459981,2632,214,183,9.692629,24.95763,.5987493,2.209745,.2293222,.0258359
-.09326558,0,344,1,1,-5934.151,.35768022,0,3505,498,375,9.452782,10.80962,.3230257,1.745538,.0601789,.0853067
-.09329991,0,344,5,1,-5933.724,.96210979,0,3505,498,375,9.452782,10.80962,.3230257,1.745538,.0601789,.0853067
-.07572671,.01964882,345,1,1,-883.7571,0,0,614,100,75,5.996743,12.01314,.1829268,1.064039,.5200798,.0325733
-.07575076,.01967399,345,5,1,-883.7484,.31265303,1.221453,614,100,75,5.996743,12.01314,.1829268,1.064039,.5200798,.0325733
-.10387856,.00293721,346,1,1,-20982.73,0,0,8860,702,400,11.7105,40.97865,.4214092,2.622091,.1299839,.1671558
-.10387985,.00293708,346,5,1,-20982.79,0,0,8860,702,400,11.7105,40.97865,.4214092,2.622091,.1299839,.1671558
-.04159455,.00411143,347,1,1,-1979.436,.28550941,.2884158,1157,122,108,8.969749,21.03729,.4025317,2.323529,.3578869,.0872947
-.04160999,.00410773,347,5,1,-1979.513,.55581594,.6378241,1157,122,108,8.969749,21.03729,.4025317,2.323529,.3578869,.0872947
-.07861663,.00529288,350,1,1,-4152.983,0,0,3095,244,158,8.495961,19.22692,.3683981,1.962963,.1735954,.2995153
-.07862759,.00529562,350,5,1,-4153.047,6.560e-15,0,3095,244,158,8.495961,19.22692,.3683981,1.962963,.1735954,.2995153
-.07604894,.00320954,351,1,1,-5032.866,.04833148,.2062483,3517,344,318,9.385271,18.24342,.4718543,2.251213,.0875632,.1666193
-.07605485,.0032088,351,5,1,-5032.829,.16003809,.4247151,3517,344,318,9.385271,18.24342,.4718543,2.251213,.0875632,.1666193
-.08998986,.00364232,352,1,1,-12582.04,.13901895,.1513437,6144,515,312,11.0887,20.88336,.4786845,2.450008,.2230827,.1404622
-.09000996,.00364415,352,5,1,-12581.88,.355173,.3280154,6144,515,312,11.0887,20.88336,.4786845,2.450008,.2230827,.1404622
-.07399925,0,354,1,1,-384.975,.66595883,0,363,64,73,7.272727,13.84254,.3495146,1.651934,.1137673,.0661157
-.07386645,0,354,5,1,-385.147,1.176329,0,363,64,73,7.272727,13.84254,.3495146,1.651934,.1137673,.0661157
-.12906203,.00583589,355,1,1,-9480.765,4.316e-30,1.63e-27,4330,458,239,11.02125,28.29867,.4021739,2.41595,.1639614,.012933
-.12905929,.00583549,355,5,1,-9480.775,.00140395,.1185358,4330,458,239,11.02125,28.29867,.4021739,2.41595,.1639614,.012933
-.11418123,.0023478,356,1,1,-44997.43,.15372163,.0948214,16349,1379,608,11.8176,34.07463,.372797,2.220078,.1294995,.014007
-.11418693,.00234691,356,5,1,-44997.17,.36960888,.216953,16349,1379,608,11.8176,34.07463,.372797,2.220078,.1294995,.014007
-.09630821,.00354114,357,1,1,-10731.36,.1505005,.1915962,5771,568,419,9.17432,15.57666,.3895617,1.848991,.0469878,.1152313
-.09631804,.00354054,357,5,1,-10731.42,.30894438,.4333009,5771,568,419,9.17432,15.57666,.3895617,1.848991,.0469878,.1152313
-.09284558,.0047895,358,1,1,-8732.343,.42531601,.2302856,4178,396,242,10.13427,33.17727,.3861691,2.101972,.2482203,.0330302
-.09285714,.00478633,358,5,1,-8734.032,.53899292,.5039034,4178,396,242,10.13427,33.17727,.3861691,2.101972,.2482203,.0330302
-.06987646,.00664417,359,1,1,-1663.331,.05800043,.38042,1116,154,118,7.058244,24.71903,.5682657,2.340827,.3104004,.5403226
-.06986916,.00664004,359,5,1,-1663.344,.02933568,.6926675,1116,154,118,7.058244,24.71903,.5682657,2.340827,.3104004,.5403226
-.09579813,.00565064,360,1,1,-4101.646,.1131073,.253975,2486,258,225,9.291231,34.18178,.5018909,2.844166,.2835625,.033387
-.09579859,.0056506,360,5,1,-4101.689,.18794074,.4889408,2486,258,225,9.291231,34.18178,.5018909,2.844166,.2835625,.033387
-.06054135,.0142558,362,1,1,-2262.129,1.0234116,.331192,1805,172,140,10.25042,28.56232,.327572,2.360491,.1842629,.1357341
-.0606536,.01428912,362,5,1,-2262.226,2.2913809,.7725983,1805,172,140,10.25042,28.56232,.327572,2.360491,.1842629,.1357341
-.088793,.00840996,363,1,1,-5742.316,2.50e-163,0,2861,296,183,10.01223,23.19718,.5725894,2.351702,.3703761,.1321216
-.08878054,.00840794,363,5,1,-5742.329,2.031e-53,0,2861,296,183,10.01223,23.19718,.5725894,2.351702,.3703761,.1321216
-.07791645,.00422842,364,1,1,-12086.27,1.049e-14,0,5052,525,297,10.03444,21.97691,.364366,1.840127,.1145955,.0568092
-.07791645,.00422842,364,5,1,-12086.27,4.229e-26,0,5052,525,297,10.03444,21.97691,.364366,1.840127,.1145955,.0568092
-.05781154,.00306034,365,1,1,-6299.149,.09052882,.2162427,5927,505,362,9.791632,29.51129,.6710083,2.813258,.1037395,.1255272
-.05782845,.00306208,365,5,1,-6299.011,.27274905,.4162329,5927,505,362,9.791632,29.51129,.6710083,2.813258,.1037395,.1255272
-.05852265,.00155037,366,5,1,-12022.65,9.138e-22,0,6161,430,286,11.14543,28.08082,.5352586,2.527442,.0864475,.2067846
-.0314743,.00432561,367,1,1,-2060.357,0,0,1461,159,133,7.743327,32.38912,.6617916,2.82989,.2452096,.2094456
-.03148008,.00432906,367,5,1,-2060.407,2.194e-16,0,1461,159,133,7.743327,32.38912,.6617916,2.82989,.2452096,.2094456
-.06968173,.00390428,368,1,1,-13047.27,0,0,6037,383,189,11.29385,32.11332,.4398496,2.388426,.3437949,.3579592
-.06969614,.00390558,368,5,1,-13047.37,4.118e-16,0,6037,383,189,11.29385,32.11332,.4398496,2.388426,.3437949,.3579592
-.07629271,.0049255,369,1,1,-3202.415,0,0,1637,210,133,9.920587,20.55356,.3969171,1.965496,.154854,.1105681
-.07630165,.00492453,369,5,1,-3202.441,2.483e-15,0,1637,210,133,9.920587,20.55356,.3969171,1.965496,.154854,.1105681
-.03902923,.00319409,370,1,1,-2330.933,1.024e-32,9.86e-30,1654,201,194,9.95647,17.97319,.570056,2.761557,.4357952,.1529625
-.03901378,.00314913,370,5,1,-2330.936,4.850e-22,0,1654,201,194,9.95647,17.97319,.570056,2.761557,.4357952,.1529625
-.0355624,.00182326,371,1,1,-10151.5,.45143519,.1668375,7057,598,432,10.85305,19.3765,.6568646,3.345792,.1298681,.3124557
-.03556057,0,371,5,1,-10152.38,.7687939,0,7057,598,432,10.85305,19.3765,.6568646,3.345792,.1298681,.3124557
-.06900217,.00497156,373,1,1,-7902.684,.17862267,.1658136,4071,313,191,10.59912,46.82124,.4478591,2.480465,.3879984,.0358634
-.0689702,.00496888,373,5,1,-7902.893,.29200636,.3584307,4071,313,191,10.59912,46.82124,.4478591,2.480465,.3879984,.0358634
-.02909567,.00362669,374,1,1,-2641.746,0,0,1744,165,119,10.47821,23.19699,.7582781,3.398844,.182058,.065367
-.02909293,.00362579,374,5,1,-2641.775,0,0,1744,165,119,10.47821,23.19699,.7582781,3.398844,.182058,.065367
-.08103206,.00781983,375,1,1,-1578.298,.46422909,.3728684,1147,137,139,8.537053,18.48587,.3904383,2.116197,.217573,.0374891
-.08111376,.00780977,375,5,1,-1578.48,.92021457,.87338,1147,137,139,8.537053,18.48587,.3904383,2.116197,.217573,.0374891
-.06775637,.00507922,376,1,1,-2577.343,.68263299,.3389866,1546,162,135,8.689522,15.24264,.344246,1.680601,.190446,.1532988
-.06769573,.00508776,376,5,1,-2578.354,1.1389805,.7205015,1546,162,135,8.689522,15.24264,.344246,1.680601,.190446,.1532988
-.05687169,.00240876,377,1,1,-17245.13,0,0,7603,563,307,11.6454,29.73576,.365731,2.011916,.3352711,.0110483
-.05688013,.00240922,377,5,1,-17245.95,7.732e-25,0,7603,563,307,11.6454,29.73576,.365731,2.011916,.3352711,.0110483
-.07611123,.00353699,379,1,1,-9999.285,.21582094,.1737697,5404,413,284,12.19893,23.48278,.6435297,3.032893,.1677677,.0181347
-.07611012,.00353617,379,5,1,-9999.798,.2988544,.3663801,5404,413,284,12.19893,23.48278,.6435297,3.032893,.1677677,.0181347
-.05953183,.00173894,380,1,1,-31709.6,.271462,.1103122,14492,923,480,12.86399,22.5457,.4345028,2.590947,.1060477,.076249
-.05954949,.00173963,380,5,1,-31708.73,.65529073,.2393504,14492,923,480,12.86399,22.5457,.4345028,2.590947,.1060477,.076249
-.06282189,.00573705,383,1,1,-4000.499,.32378026,.2173221,2653,150,150,12.89031,24.8992,.5229941,4.694002,.1241998,.0060309
-.06278201,.00575763,383,5,1,-4000.473,.67036066,.4571115,2653,150,150,12.89031,24.8992,.5229941,4.694002,.1241998,.0060309
-.05428863,.00239551,385,1,1,-11564.55,0,0,5979,489,334,14.28634,19.10268,.4026549,2.615462,.0811599,.098177
-.05427816,.00239207,385,5,1,-11564.73,6.119e-19,0,5979,489,334,14.28634,19.10268,.4026549,2.615462,.0811599,.098177
-.04714955,.00580975,386,1,1,-1738.607,.73046664,.3031037,1788,144,126,11.43065,27.43975,.3756098,2.519685,.3189383,.0178971
-.04723707,.00580267,386,5,1,-1738.573,1.5259747,.6500441,1788,144,126,11.43065,27.43975,.3756098,2.519685,.3189383,.0178971
-.02746193,.00605961,388,1,1,-1595.585,1.0149005,.355885,1003,99,83,8.922234,17.77085,.6016371,3.160643,.1596258,.3908275
-.02731543,.00605237,388,5,1,-1596.999,1.7424184,.7720764,1003,99,83,8.922234,17.77085,.6016371,3.160643,.1596258,.3908275
-.0726625,.01195724,390,1,1,-2476.232,2.793e-32,2.24e-29,1833,154,165,10.17458,18.09582,.3268934,2.314286,.2501973,.0060011
-.07272436,.01198977,390,5,1,-2476.211,0,0,1833,154,165,10.17458,18.09582,.3268934,2.314286,.2501973,.0060011
-.06531906,.00184646,391,1,1,-42291.32,.21951963,.1078976,17415,1182,629,14.01792,29.70404,.7615181,3.149515,.0425263,.0486362
-.06535584,.00184328,391,5,1,-42287.69,.71211277,.2657628,17415,1182,629,14.01792,29.70404,.7615181,3.149515,.0425263,.0486362
-.04880615,.00531868,393,1,1,-1899.733,.246043,.3564726,1930,132,158,10.2829,13.18424,.8100437,3.033351,.1031953,.1067358
-.04880801,.00532979,393,5,1,-1899.831,.39545839,.7303086,1930,132,158,10.2829,13.18424,.8100437,3.033351,.1031953,.1067358
-.07877331,.00362035,394,1,1,-16239.28,.19172296,.1579984,7693,588,343,11.90823,26.10118,.5111198,2.668931,.1222781,.1006109
-.07877397,.0036188,394,5,1,-16239.57,.33597583,.3336571,7693,588,343,11.90823,26.10118,.5111198,2.668931,.1222781,.1006109
-.07667222,.00993127,396,1,1,-799.1226,.2326701,.4732032,982,152,135,5.649694,36.04004,.6230366,2.870902,.1140467,.0112016
-.07674537,.00994325,396,5,1,-799.0613,.56053872,.9191577,982,152,135,5.649694,36.04004,.6230366,2.870902,.1140467,.0112016
-.04142363,.00174725,397,1,1,-26335.06,2.386e-26,6.96e-24,12374,1173,775,12.33086,22.65441,.5287697,2.5792,.0590025,.0408922
-.04142388,.00174712,397,5,1,-26335.03,0,0,12374,1173,775,12.33086,22.65441,.5287697,2.5792,.0590025,.0408922
-.05031022,.00671763,399,1,1,-2535.13,.67535707,.2946709,1416,143,107,9.414548,25.93305,.5157292,3.426638,.2370866,.2492938
-.05030183,.00671537,399,5,1,-2535.146,1.4187655,.6272283,1416,143,107,9.414548,25.93305,.5157292,3.426638,.2370866,.2492938
-.05384738,.01032779,402,1,1,-1357.017,.41872907,.4324327,1289,153,122,6.975174,31.01641,.5821206,2.8375,.133843,.0093095
-.05396663,.01032049,402,5,1,-1357.286,.57528473,.8687518,1289,153,122,6.975174,31.01641,.5821206,2.8375,.133843,.0093095
-.0673484,.00856065,406,1,1,-606.5402,.32233278,.3313281,985,87,118,11.28223,15.42343,.8732395,2.858896,.1670262,.1228426
-.06736282,.00849612,406,5,1,-606.4349,.81619313,.663489,985,87,118,11.28223,15.42343,.8732395,2.858896,.1670262,.1228426
-.025786,.01101594,411,1,1,-810.6329,.78194454,.5312231,745,80,89,7.657718,11.78869,.3275261,1.867925,.1932075,.2912752
-.02591071,.01102129,411,5,1,-811.298,1.0890649,1.075913,745,80,89,7.657718,11.78869,.3275261,1.867925,.1932075,.2912752
-.03603438,.0051603,413,1,1,-810.635,3.587e-64,0,1273,207,112,6.545954,22.00796,.4116331,2.04996,.4169064,.5388845
-.03603438,.0051603,413,5,1,-810.635,3.57e-155,0,1273,207,112,6.545954,22.00796,.4116331,2.04996,.4169064,.5388845
-.02540144,.00318598,416,1,1,-7270.03,.40520476,.2113843,3738,362,230,11.55939,28.6618,.5034143,3.215713,.175441,.2295345
-.02542206,.0031764,416,5,1,-7270.382,.76311385,.4415216,3738,362,230,11.55939,28.6618,.5034143,3.215713,.175441,.2295345
-.03033836,.00669762,417,1,1,-874.8406,0,0,953,83,112,9.912907,21.95026,.5869873,2.697355,.411598,.0062959
-.03031598,.00669896,417,5,1,-874.8754,1.319e-27,0,953,83,112,9.912907,21.95026,.5869873,2.697355,.411598,.0062959
-.06780333,.00677072,420,1,1,-1442.655,8.639e-17,0,1327,119,127,10.79427,24.01436,.6010363,3.167171,.200229,.094951
-.06780333,.00677072,420,5,1,-1442.655,2.715e-25,0,1327,119,127,10.79427,24.01436,.6010363,3.167171,.200229,.094951
-.07886285,.00690069,421,1,1,-3027.544,0,0,2312,164,97,10.73443,21.51414,.4242607,2.56106,.1851503,.3032007
-.07890032,.00690031,421,5,1,-3027.581,.06095014,.5864435,2312,164,97,10.73443,21.51414,.4242607,2.56106,.1851503,.3032007
-.03647226,.00508412,422,1,1,-3457.171,.03130385,.2579666,2067,167,113,12.43638,19.44651,.6424502,3.309605,.3067624,.3938074
-.03649811,.00509575,422,5,1,-3457.115,.1920766,.5254028,2067,167,113,12.43638,19.44651,.6424502,3.309605,.3067624,.3938074
-.08985679,0,423,1,1,-9098.265,.14463412,0,8502,620,384,11.71113,18.0535,.5444542,2.903962,.0907843,.2045401
-.08988463,0,423,5,1,-9098.53,.16129242,0,8502,620,384,11.71113,18.0535,.5444542,2.903962,.0907843,.2045401
-.06479638,.00445684,424,1,1,-2520.464,.2912381,.3101201,2408,280,249,8.487957,13.5382,.4614918,1.846956,.0956036,.1644518
-.06478794,.00445473,424,5,1,-2520.598,.49276639,.6470647,2408,280,249,8.487957,13.5382,.4614918,1.846956,.0956036,.1644518
-.10461638,.00328295,426,1,1,-22002.03,.24838409,.1253468,8628,646,401,13.82313,24.35458,.412844,2.432244,.1131251,.0295549
-.10460628,.00328349,426,5,1,-22002.58,.46535757,.2822721,8628,646,401,13.82313,24.35458,.412844,2.432244,.1131251,.0295549
-.07245269,.0033386,427,1,1,-6077.101,0,0,4613,347,210,9.769998,25.10583,.43127,2.474155,.1485996,.1901149
-.07244931,.00333828,427,5,1,-6077.099,0,0,4613,347,210,9.769998,25.10583,.43127,2.474155,.1485996,.1901149
-.12929389,.0144626,428,1,1,-2240.771,.46013912,.3278876,2118,171,111,9.907932,25.75629,.3209581,2.180654,.3409893,.03305
-.12926709,.01445225,428,5,1,-2240.591,1.0008312,.6630716,2118,171,111,9.907932,25.75629,.3209581,2.180654,.3409893,.03305
-.05724222,.00476457,429,1,1,-11835.05,.25864892,.1669683,5010,294,186,13.64331,36.14661,.4795918,3.075211,.2050462,.1357285
-.05722965,.00476287,429,5,1,-11835.04,.55166854,.3425852,5010,294,186,13.64331,36.14661,.4795918,3.075211,.2050462,.1357285
-.05437651,.00246178,430,1,1,-19816.02,.10160068,.1360825,8523,443,256,12.75537,40.94059,.4084553,2.696047,.2025751,.0508037
-.05433759,.00246577,430,5,1,-19816.37,.01018925,.2901688,8523,443,256,12.75537,40.94059,.4084553,2.696047,.2025751,.0508037
-.06198264,.00203801,431,1,1,-25440.28,.0503455,.1142702,10963,722,379,13.47314,28.3959,.4861358,2.674694,.2762841,.0332026
-.06198746,.00203665,431,5,1,-25440.38,.01984715,.2478809,10963,722,379,13.47314,28.3959,.4861358,2.674694,.2762841,.0332026
-.06412573,.00309484,432,1,1,-7868.985,.21556715,.2165519,4713,302,240,9.533206,36.61277,.4792013,2.514511,.2085226,.1198812
-.06409902,.00309307,432,5,1,-7868.744,.49421713,.4314651,4713,302,240,9.533206,36.61277,.4792013,2.514511,.2085226,.1198812
-.07156108,.00380267,435,1,1,-5458.171,.19553983,.193049,2708,317,239,12.363,18.87868,.4260012,2.731354,.1269053,.0487445
-.07155733,.00380267,435,5,1,-5458.271,.36976949,.4351231,2708,317,239,12.363,18.87868,.4260012,2.731354,.1269053,.0487445
-.05814002,.00457899,437,1,1,-3477.273,.54116718,.3481738,1924,336,219,10.09252,13.08938,.3465608,2.079664,.2529046,.1767152
-.05824158,.00461338,437,5,1,-3476.71,1.3176197,.6790316,1924,336,219,10.09252,13.08938,.3465608,2.079664,.2529046,.1767152
-.08880597,.00653559,438,1,1,-3544.344,0,0,1758,252,148,8.590444,21.62306,.5502431,2.652874,.5615324,.019909
-.08877243,.00653619,438,5,1,-3544.363,.00680164,.3240097,1758,252,148,8.590444,21.62306,.5502431,2.652874,.5615324,.019909
-.07042059,.00374103,439,1,1,-22338.66,.09575885,.1324783,10386,856,443,11.11438,16.03458,.376453,2.004067,.2178254,.2157712
-.07040627,.00374183,439,5,1,-22338.86,.10052267,.2805438,10386,856,443,11.11438,16.03458,.376453,2.004067,.2178254,.2157712
-.0948426,.00863452,441,1,1,-4324.995,.28175993,.2674881,2979,335,192,9.562941,18.83593,.4220878,2.18265,.3023978,.278617
-.09483193,.00863525,441,5,1,-4325.243,.4264886,.5450016,2979,335,192,9.562941,18.83593,.4220878,2.18265,.3023978,.278617
-.0595845,.00716275,442,1,1,-1298.526,.32324171,.3213868,1144,130,134,9.90035,17.59083,.4019851,1.851101,.2817956,.0305944
-.05960995,.00717737,442,5,1,-1298.182,.93896207,.7027043,1144,130,134,9.90035,17.59083,.4019851,1.851101,.2817956,.0305944
-.09637753,.00755246,444,1,1,-2457.751,.027597,.2883103,1525,127,105,8.111475,24.61508,.6993243,2.887863,.1809058,.1291803
-.0964126,.00753539,444,5,1,-2457.72,.14407936,.6037713,1525,127,105,8.111475,24.61508,.6993243,2.887863,.1809058,.1291803
-.07459752,.00582343,445,1,1,-2197.808,.20264743,.3344313,1684,141,120,9.739905,16.06695,.4743378,2.346659,.175071,.0587886
-.07456821,.0058237,445,5,1,-2197.721,.51231585,.7414448,1684,141,120,9.739905,16.06695,.4743378,2.346659,.175071,.0587886
-.04686169,.00763154,446,1,1,-830.1401,0,0,630,132,111,5.785714,11.84219,.8605769,1.89172,.1112774,.3047619
-.04688087,.0076278,446,5,1,-830.1713,1.398e-32,0,630,132,111,5.785714,11.84219,.8605769,1.89172,.1112774,.3047619
-.06092405,.00615217,447,1,1,-2978.055,.11730797,.299422,1958,217,162,8.730337,14.67438,.6191155,2.052308,.1828521,.2574055
-.06091962,.00615739,447,5,1,-2978.032,.27809285,.6020355,1958,217,162,8.730337,14.67438,.6191155,2.052308,.1828521,.2574055
-.01702327,.0027288,448,1,1,-1633.189,.69689833,.2683216,1381,138,111,7.350471,17.35157,.5665666,1.786492,.2299297,.6719768
-.01700373,.00272125,448,5,1,-1633.904,1.2399059,.5691439,1381,138,111,7.350471,17.35157,.5665666,1.786492,.2299297,.6719768
-.06409653,.0022783,449,1,1,-8095.715,.09185126,.2128482,5754,517,303,9.083073,15.53787,.5469613,2.317405,.0992006,.5427529
-.06409429,.00227916,449,5,1,-8095.797,.1069664,.4431731,5754,517,303,9.083073,15.53787,.5469613,2.317405,.0992006,.5427529
-.0409823,.00395705,450,1,1,-1705.066,0,0,1629,246,200,6.685697,11.45628,.4368291,1.833436,.1655789,.4511971
-.04094874,.00395133,450,5,1,-1705.044,.19723525,.7671657,1629,246,200,6.685697,11.45628,.4368291,1.833436,.1655789,.4511971
-.07360334,.00197054,451,1,1,-33665.54,.02868381,.1078774,14620,1146,548,10.89439,24.7436,.567075,2.570114,.0842737,.3322161
-.07360658,.00197042,451,5,1,-33665.55,0,0,14620,1146,548,10.89439,24.7436,.567075,2.570114,.0842737,.3322161
-.04032567,.00620297,452,1,1,-925.6871,.61358608,.6024306,834,119,115,7.010791,15.55889,1.808081,3.121394,.1450552,.4292566
-.04033844,.00620817,452,5,1,-926.001,.94383257,1.443929,834,119,115,7.010791,15.55889,1.808081,3.121394,.1450552,.4292566
-.06362888,.00783597,456,1,1,-1130.703,.10144346,.4307499,1025,112,99,7.692683,14.08219,.4673629,2.18903,.2337057,.2829268
