hrr,coef_failures,coef_failures_se,coef_patients,coef_patients_se,coef_failures_patients,coef_failures_patients_se,coef_distance,coef_distance_se,patients,pcp_total,spec_total,mean_choice_size,mean_spec_failures,mean_pair_failures,mean_pcp_failures,spec_hhi,mean_vi
1,1.0880659,.27553593,4.9656804,.19851615,-4.8654003,1.4262655,-.05554857,.00238693,2878,205,213,8.376651,12.28571,.5833333,1.695038,.1146284,.0031272
2,1.1424196,.28790674,7.4455428,.3896754,-7.5278586,2.2832692,-.00649999,.00125887,2028,104,100,12.72091,15.00755,.3434675,1.672131,.4136458,.0004931
5,.1492355,.407449,5.5128242,.27245918,-2.6561846,2.5211189,-.04858768,.0054167,1226,91,99,8.809135,14.24788,.4893617,1.256034,.3619125,.002447
6,1.2913142,.41175428,5.5076501,.36540161,-6.0940245,2.2104786,-.07891913,.00803088,705,61,100,10.60284,7.191964,.3740648,1.337368,.2674292,.0028369
7,5.3904004,1.6055656,7.1143195,1.228726,-22.774766,7.4962105,-.01311234,.00458599,274,48,78,8.580292,9.58427,.343949,1.332061,.1031222,.0182482
10,-3.3154459,2.390055,3.2955288,.7748343,10.122434,11.540412,-.04218225,.00322608,263,107,105,4.771863,11.13953,.6353591,1.368627,.0480418,.095057
11,1.8650732,.1602973,9.3362915,.33213908,-10.408154,1.8670839,-.06733115,.0079819,4502,329,238,15.80609,15.7778,.5127102,2.440101,.1219968,.0135495
12,2.422598,.18579566,8.7575257,.30129013,-12.031051,1.8831404,-.04066238,.00265417,8182,588,432,12.21621,12.96326,.6424478,1.55613,.0998876,.0541432
14,1.5589249,.18886211,7.053257,.2930438,-7.559939,1.4983892,-.10274303,.00650871,2759,251,177,12.55346,18.64388,.4985755,2.403574,.5154836,.0213846
15,1.6192638,.20212402,7.9369073,.29976037,-6.8942181,1.5566137,-.03145337,.00350309,6490,254,179,11.38166,29.81599,.4538196,1.821271,.2853162,.025886
16,1.4325718,1.6280889,5.4097887,1.1923567,-8.2068932,8.3097328,-.00958391,.00470009,180,45,59,8.505555,12.98864,.4117647,1.02924,.0925926,.0555556
18,1.2376214,.78059139,4.4947602,.32634303,-2.9451055,2.6842526,-.01342866,.00388436,601,40,55,8.768719,11.54576,.3879093,1.209424,.1743932,.0415973
19,1.6119273,.19447376,5.7491843,.28439484,-6.3335693,1.3207053,-.04466325,.00204122,7711,316,215,10.32058,16.58418,.7908709,1.960301,.0756026,.0627675
21,1.7239988,.69691131,4.7328479,.30688716,-3.6482157,2.6747958,-.02686083,.00420875,967,83,87,6.607032,17.18617,.9297994,1.370614,.3528381,.0465357
22,-1.5718684,.98935085,2.5114399,.65021959,14.331021,6.3155698,-.00780349,.00196407,166,31,43,8.240964,10.59756,.3655914,1.031646,.2450283,.4156626
23,2.8311833,1.158638,6.9775375,.95183658,-7.8183646,3.3538442,-.02404393,.0179558,356,75,116,6.598315,5.954023,.5764192,1.305882,.0854848,.0308989
25,1.2154006,.27009459,6.3594299,.30231461,-5.9151286,1.4675743,-.02355522,.00209559,2746,139,133,10.77167,20.28793,.4583333,1.535259,.1262784,.0313183
31,.74917302,.4621476,4.8070299,.24051301,-4.27749,1.862301,-.05043742,.00471333,1647,78,94,10.41348,10.58215,.3529412,1.18398,.2832288,.0273224
33,1.2564076,.32300519,6.7107144,.25609272,-5.339556,2.3708829,-.10973514,.00868562,2844,160,117,9.630098,16.55658,.3745079,1.261957,.6738347,.0116034
43,1.3084921,.22719812,6.2997112,.20512232,-4.7932819,1.2562081,-.02686662,.00440818,3799,144,91,11.05422,37.47653,.5551095,1.59129,.5352705,.0423796
56,2.3133053,.58081855,6.013293,.32764851,-2.4774415,2.6234867,-.13365882,.00944691,2170,157,229,7.139171,8.993894,.9373417,1.405534,.0518767,.0359447
58,1.4465851,.46850638,4.7924393,.36054649,-2.5125541,2.6780509,-.02465624,.00386221,1307,107,135,8.684774,10.98755,.4823399,1.087094,.078495,.0489671
62,1.0078875,1.3223582,4.0239583,.26647351,-3.0687191,3.9840594,-.03750304,.00541522,1001,69,69,5.482518,13.48227,1.112161,1.876416,.3493919,.004995
65,2.179582,.36927898,6.3583955,.43003885,-8.3522251,2.7014502,-.08154655,.01195286,1160,134,101,6.725862,9.288479,.3106436,.9346464,.1091394,.0008621
73,.88137682,.30178704,4.091299,.31801126,-2.2078356,1.8249943,-.03212228,.00359962,1240,57,91,10.3629,7.241975,.3055556,1.142141,.1162162,.0637097
77,2.1259578,.19743079,7.8102451,.25523433,-7.8460389,1.38622,-.0615582,.0030093,7484,336,281,11.63188,12.01883,.4087383,1.345018,.0551042,.1448423
78,1.6742814,.62506906,3.6755791,.2483358,-4.226313,2.7305832,-.02914405,.004816,696,44,55,8.301724,6.562044,.2623967,.6691505,.1805267,.0028736
79,2.3369413,1.0229919,6.2236891,.48039486,-7.4443577,3.5681083,-.02621813,.00330322,433,71,99,6.027714,6.312796,.5430464,1.101449,.1046728,.2586605
80,2.1103271,.40612544,5.8173322,.35328936,-3.3529726,2.3784295,-.05467483,.00965318,1181,121,174,7.101609,5.441433,.4007634,.9617097,.0596066,.0745131
81,1.4597207,.40359587,5.505334,.46716637,-7.7646075,2.9399487,-.10735703,.0093776,1656,153,150,9.792271,8.401599,.4217557,1.108057,.1448415,.0217391
82,1.311598,.69363827,6.2115286,.50854525,-6.6400616,3.1063228,-.01981986,.01180313,691,71,94,8.34877,6.15156,.3715596,1.010622,.0603186,.0188133
83,.6698753,1.3180504,1.7579219,.51120929,9.3905737,9.0122595,-.01168002,.00528054,307,42,44,6.257329,7.229508,.2995169,.7993197,.1667604,.0065147
85,1.108457,.79135616,5.6670911,.58958829,-4.6862579,4.4149371,-.04689898,.02771896,474,52,70,9.592827,5.956803,.2996516,1.180617,.1082359,.0105485
86,.1261798,.78473863,4.1272908,.33494838,-1.3537689,2.5092407,-.03134844,.00700248,702,38,47,6.77208,5.178261,.2286822,.6874074,.1935861,.008547
87,.89802247,.72645959,4.1576084,.52099931,-2.53697,3.4115468,-.02668962,.01070744,472,35,46,6.817797,6.283262,.2790698,.8881579,.1913513,.0169492
89,1.4416536,.64636336,6.5397591,.46638086,-9.2554769,4.5416981,-.02954752,.005913,1369,81,84,9.76333,7.744981,.4073299,1.22532,.1423352,.0423667
91,1.3827474,.33340638,6.2334332,.39321974,-8.6209142,2.7851091,-.04314407,.00628158,1083,93,103,10.0434,7.633552,.2670623,1.244742,.1126543,.2594644
96,1.0312967,.46257283,5.2360944,.29507207,-3.5752786,2.9873122,-.05084764,.00751438,1145,81,83,8.60524,9.042039,.3580902,.9789954,.2532149,.0034934
101,2.2743416,.92849157,5.5393774,.60517845,-17.386894,4.9395878,-.03026262,.01225094,545,57,79,9.333945,7.161049,.3003195,1.249042,.206289,.0642202
102,1.8957709,.26438729,6.6720483,.38193196,-11.602547,1.8587246,-.03448535,.0032833,2892,232,185,13.46819,10.358,.4879056,1.808739,.1419122,.0363071
103,2.0530765,.21801681,8.9857452,.50494545,-9.6577782,1.9782525,-.06269824,.00674731,7682,435,362,14.1661,12.03924,.4760644,1.790245,.0888987,.0934652
104,2.0993192,1.0554778,4.7808094,1.1756548,-4.1772669,5.3913252,-.02171654,.00554902,332,58,79,7.307229,7.981191,.6756757,1.525,.1647554,.313253
105,1.331549,.30622617,5.0545248,.32238472,-6.0366868,1.7982834,-.03397969,.00319984,2185,130,119,8.360183,8.610462,.313687,1.066254,.218961,.0324943
106,1.6495634,.97137671,6.5359459,.70175198,-8.2833339,4.1879823,-.02450898,.00451382,523,69,82,8.730402,5.858546,.3641791,1.24502,.1098348,.3001912
107,.45619385,.52645559,5.933302,.53292738,-1.767195,3.6869434,-.01711368,.00252522,1634,79,75,12.95961,10.01861,.3311132,1.744949,.1845671,.0856793
109,1.4204678,.56821404,5.0521043,.67057384,-4.6780421,3.4836376,-.03562803,.00762122,830,111,124,8.245783,11.17958,.4044715,1.175439,.1043606,.0036145
110,2.4039779,.26659809,6.6056936,.23792343,-7.3952814,1.562226,-.05782235,.00428732,4329,343,256,9.038346,14.77119,.3814694,1.164262,.05217,.034188
111,1.7816116,.19601502,7.9350999,.24478695,-5.9089724,1.1561535,-.05848114,.0045975,5540,328,288,10.0352,15.40417,.435748,1.435026,.0789979,.0086643
112,1.7469856,.21122323,8.6053653,.30037432,-6.8827231,1.4863822,-.06426057,.00232496,9383,366,203,12.19269,33.9569,.6724897,2.498465,.2734898,.0092721
113,2.3504759,.1558148,6.5019916,.2441739,-8.7734984,1.4502724,-.07647435,.00287057,10256,646,461,10.74708,18.50623,.5295638,1.545994,.0460166,.0145281
115,13.026962,14.985294,4.3474098,2.8265998,-35.745957,53.033954,-.00496477,.00824282,163,122,115,1.435583,15.29747,.3235294,1.320513,.0273627,.0920245
116,1.6112863,.25070993,6.9149959,.28478473,-6.7250512,1.8986074,-.11583548,.00900522,2641,234,180,9.393033,25.20321,.5729885,1.617819,.2023225,.0749716
118,1.7093378,.29027356,5.4464699,.23350629,-4.3302208,1.3295746,-.08223909,.00568107,3395,600,558,8.949337,19.07817,.5289296,1.410233,.077492,.0241532
119,1.7440731,.24332738,6.1360466,.17761626,-4.8798834,.98841626,-.09115164,.00650785,4593,813,636,7.515785,47.53543,.76788,1.766765,.1371296,.0465926
120,1.4761115,.23150054,6.2743573,.27169318,-5.0468248,1.6269515,-.05089084,.0025469,2875,176,140,11.14643,22.28125,.593401,2.001073,.500145,.0886957
122,1.3215954,.24195737,4.8272327,.37174277,-3.66602,2.0010991,-.07842086,.00715241,1574,175,145,9.053368,13.61133,.6349849,1.89895,.0946148,.0419314
123,1.8076857,.15756224,7.8175213,.25658455,-5.7568131,1.1019128,-.08519736,.00738303,6778,332,224,11.11272,55.21441,.8486983,2.759189,.2220349,.0988492
124,.41470753,.50418897,4.6048645,.45246667,-3.3687428,2.7710412,-.07080033,.00828937,1314,141,105,7.888128,18.76271,.3980477,1.529598,.5410182,.6681888
127,1.9578839,1.3342415,3.7857113,.33661652,-6.8631555,4.5106995,-.03051372,.00529647,473,168,191,4.515856,18.93534,.557377,1.262115,.0828458,.0317125
129,1.9026996,.35399207,6.7692426,.45936118,-8.2907689,2.0709827,-.03638856,.00519673,1458,266,259,8.152949,15.33776,.4063604,1.25339,.0625592,.0205761
130,1.9298901,.20165327,5.8013737,.16872697,-8.1971877,1.1230865,-.06387049,.0027798,6960,837,736,7.451006,22.90776,.6082866,1.489482,.084081,.0402299
131,1.2721089,.33870974,6.674138,.42390861,-5.3787848,2.9518903,-.02609279,.00331114,1857,187,172,11.89715,12.66484,.3382218,1.482333,.1336122,.086699
133,1.0339884,.75628019,6.3276102,.98265882,-5.5898138,3.7448383,-.01363439,.00597541,324,55,69,7.200617,11.06897,1.026201,1.968153,.2296335,.1450617
134,.63931921,.35576595,5.5390028,.32086825,-3.239886,1.7022811,-.0640895,.00534958,2131,169,156,9.579071,8.809411,.3732753,1.349222,.1129942,.1581417
137,1.3872625,.44162319,5.4943402,.29537288,-6.3748597,2.2742363,-.08465075,.01011422,2202,330,292,7.193914,17.64141,.6018928,1.409453,.1646571,.0131698
139,.85476253,.38763444,5.7087125,.35628651,-4.6018427,2.9425347,-.05854607,.01594632,1134,158,129,8.866843,15.76786,.5666667,1.53406,.1472461,.0855379
140,1.4605242,.29674989,6.3162538,.3899481,-4.0727177,1.6296839,-.0241876,.00355559,2315,136,110,8.860476,13.09398,.5119394,1.916518,.2480797,.0077754
141,2.3206698,.61720031,6.4470954,1.2305109,-7.3430225,4.0232746,-.0266425,.01567,827,171,180,8.95526,12.57426,.71875,2.0325,.1425455,.0399033
144,1.5294817,.26219315,6.0564476,.21786181,-5.5860755,1.4143762,-.07438711,.00257713,5275,408,420,9.374976,11.54751,.3450498,1.104815,.0840555,.0274882
145,2.2204297,1.0851601,4.4566389,.72255401,-8.2118292,4.9689438,-.02609069,.0073576,265,52,73,8.294339,8.887597,.803681,1.642023,.1191741,.0226415
146,.92920208,.30776464,5.3296056,.37330228,-5.4379468,2.3094114,-.09411422,.01254073,1844,82,52,11.11931,18.00277,.3648649,1.825379,.5130481,.0027115
147,.90972741,.41878365,5.2752383,.49393851,-2.3916844,1.8741876,-.02419377,.00252234,1033,82,95,10.4453,13.05511,.5294118,1.607984,.1804001,.0038722
148,.56017326,.79846819,4.714846,.59541613,-4.0799785,5.2749114,-.04073788,.01017438,640,50,61,9.734375,10.23408,.6728538,1.508914,.4173096,.190625
149,1.6558697,.32838253,5.6752737,.1920963,-5.5577112,1.9507808,-.03543864,.00419852,2786,165,180,9.715363,11.48463,.5291314,1.546538,.1470482,.1094759
150,2.3677847,.55309614,4.0190246,.27281596,-8.2885317,3.3714886,-.02412569,.00289872,1065,74,92,7.008451,8.749524,.1527967,.4023438,.1494086,.1549296
151,-.43520526,.44749117,2.4153763,.42417148,.82008968,2.9480499,-.03963438,.00563631,790,65,83,7.158228,7.09456,.5886288,1.831135,.3070277,.4708861
155,2.3135309,.384083,6.6788698,.38347013,-9.0114576,1.8623137,-.06361611,.00899976,1792,177,159,8.137835,12.23316,.545961,1.308275,.0676064,.125558
156,2.3104342,.34462774,8.0140617,.37643783,-6.6088047,2.1584265,-.17477226,.01729327,2333,323,210,6.352765,13.18514,.5625824,1.465395,.1112418,.142306
158,2.1141679,.3223828,6.807702,.30346071,-6.490527,2.1335175,-.09008852,.00769712,1929,262,199,9.312597,13.01838,.426146,1.397954,.1140017,.029549
161,2.2307077,.20218973,8.4343179,.27686762,-9.2582802,1.652498,-.11421145,.00807519,4586,317,203,10.33406,16.44876,.3485331,1.157336,.397424,.1000872
163,.81978817,.86954274,5.8518814,.82649735,4.1070013,5.3881843,-.02592483,.01885815,463,124,117,4.237581,12.6408,.4791667,1.521445,.0829178,.174946
164,1.7595219,.77439158,7.1357419,.61627741,-7.209062,5.4799781,-.02801643,.00648421,840,164,146,6.391667,9.984146,.3984526,1.330424,.0977268,.1
166,2.5659001,.37423428,6.6807658,.33215432,-6.913583,1.8112477,-.16384438,.01701836,2327,256,215,6.683713,12.89467,.5499368,1.467626,.080959,.1461109
170,.57522057,.26078105,4.1187168,.22523568,-1.8710226,1.47329,-.05569265,.00506755,2824,182,134,9.183074,18.37976,.7366003,1.56729,.3709669,.1260623
171,.73404859,.21842347,5.6758258,.24134672,-1.7590934,1.3944889,-.06078283,.0042266,2808,214,184,9.605057,19.14855,.7713993,1.714707,.3198914,.1413818
172,.96652888,.31522592,4.4925937,.25010123,-2.6954915,1.9528664,-.05930828,.00338268,6797,321,220,9.312932,21.07101,.6659562,1.974083,.217617,.0501692
173,1.1797509,.60548854,4.7916162,.36891415,-4.0236697,2.7477096,-.0407284,.00404196,1162,128,118,8.130809,11.75723,.5012563,1.478027,.1314799,.3915663
175,1.4201484,.71347549,5.7619133,.54915555,-12.267991,5.0582373,-.01723488,.00642463,588,52,53,9.146258,5.450947,.3103448,1.14311,.1768823,.0765306
179,1.4478019,.33237312,4.9332974,.43988733,-2.0685435,2.7935154,-.02329564,.00241199,3254,190,175,11.26275,11.10019,.375,1.357006,.225388,.0771358
180,1.4941205,.2818049,5.2544369,.21150369,-6.2999332,1.6847205,-.05566664,.00373535,2616,172,154,8.655963,14.16402,.3333333,1.02514,.2862638,.081422
181,1.1607877,.56188649,5.1414205,.61519889,-3.6672093,3.730666,-.03811251,.00979168,837,113,123,8.113501,8.009732,.545082,1.443478,.0859601,.2592593
183,1.9196736,.17513434,7.0604757,.25955996,-7.2387207,1.1549291,-.07055363,.00257829,8960,473,368,10.67612,10.35301,.5202476,1.482862,.0489987,.1835938
185,4.8112026,1.1302083,4.4574045,.83935947,-9.2872861,5.5325475,-.03151755,.00722833,256,56,61,6.714844,8.692,.45625,1.168724,.3115845,.3320313
186,1.209083,.36413158,5.8771346,.38907985,-2.902224,1.8573691,-.01776212,.00915175,782,103,92,9.54092,9.08366,.6719457,1.569907,.0690406,.1636829
187,2.2354172,.90331755,5.3066048,.41728037,-4.8711358,3.8217228,-.03458019,.00742648,943,110,138,6.939555,9.679696,.3541667,1.012249,.1635818,.1431601
188,1.2189845,.4213518,5.2440195,.40128058,-5.5403677,1.9341643,-.02171717,.0017723,1137,87,99,10.35268,11.1125,.7627346,1.757713,.2704203,.1970097
190,1.7569875,.28995419,4.9200888,.30901164,-3.9896357,1.8540207,-.02192615,.00551031,2469,108,77,8.551641,55.32393,1.170998,2.8375,.8802033,.0056703
191,1.1914565,.18666959,5.7694163,.19659973,-3.2582815,1.1382622,-.05279705,.00302588,5191,198,146,10.74302,27.12157,1.241755,2.671024,.4949005,.0314005
192,1.5761743,.2173028,6.2025963,.23444985,-6.7757232,1.32401,-.03743076,.00209407,5618,293,235,11.64685,15.00631,.4212667,1.350868,.2328763,.0514418
193,3.2826023,.5349475,4.3800733,.52992826,-11.844042,3.0745117,-.01566143,.00370932,489,54,61,7.728016,14.12605,.6837607,1.738758,.4988981,.0224949
194,1.3976946,.2881098,4.7718024,.49365943,-3.1326308,1.6114921,-.03917389,.00332181,867,117,103,7.791234,17.95785,1.173759,1.988053,.1354084,.3817762
195,.25470339,.4093032,4.199923,.38485323,-1.0582247,2.0865726,-.02989674,.00222706,1244,90,90,9.671222,13.91958,.5190157,2.100332,.5639688,.0200965
196,1.9402222,.41860069,5.454115,.32931392,-11.126139,2.6606455,-.03328134,.00352556,1589,102,96,9.033355,8.40639,.5417032,1.690039,.302573,.0541221
197,1.3263911,.55760445,5.3230496,.64787727,-7.0408016,3.7229104,-.01484978,.00231874,968,85,80,10.79236,20.77358,.8060898,1.842949,.3058428,.0444215
200,.98487067,.37905465,5.1418851,.2979787,-6.0356696,2.1330474,-.04428368,.00302247,2691,161,128,9.311037,12.32705,.4405286,1.395133,.1427502,.1003345
201,1.5708948,.15852391,6.5324332,.17297575,-6.153503,1.0250305,-.03595503,.00199858,10079,377,228,9.7974,29.5766,.5886746,1.72465,.1236609,.0687568
203,.6376862,.68469435,4.8916669,.47174483,-1.7794553,5.1706696,-.01132948,.01058596,619,71,54,9.143781,18.08852,.4155125,1.659284,.2934145,.0096931
204,2.5148961,.52154668,5.0844984,.54392443,-10.286507,3.3986035,-.04371967,.0053508,831,85,129,8.58604,7.009864,.5517891,1.59375,.0942784,.0240674
205,1.894229,.20985795,5.2861344,.22724462,-7.7835023,1.4691306,-.08097829,.00447741,4158,233,203,10.10871,15.51263,.5705974,1.493071,.09353,.1791727
208,1.4300174,.41739414,4.648735,.50671774,-5.1054761,1.538278,-.03762581,.00856173,1071,76,88,7.394024,11.98755,.6970091,1.81097,.2581207,.0653595
209,.89713407,.60857669,5.0513283,.43019597,-8.9023015,2.5870958,-.02863647,.00404805,629,34,48,8.920508,7.924071,.3934426,1.655115,.4638726,.0015898
210,.80033417,.32325681,4.9489835,.28769722,-6.2188271,1.8427724,-.06475954,.00828518,857,50,63,8.863478,11.50239,.3418182,1.116279,.7344649,.0163361
212,1.3992742,.60733405,3.5313725,.62551573,-5.0151998,4.3915834,-.03617322,.0051921,478,22,48,10.13807,3.852564,.3301282,1.008715,.2422314,.0041841
213,1.0156723,.68256889,4.8672955,.4839674,-2.1897732,1.9065379,-.05273046,.00781837,637,36,68,9.529042,6.295345,.3566085,.9689034,.1085963,.043956
214,1.4864685,.99350903,3.6238228,.61045943,.53500799,4.667748,-.01060656,.0060044,271,24,30,6.132841,8.076629,.4795918,1.239216,.356817,.0553506
216,-.1588207,1.0977514,3.4461474,.91713067,1.6753457,4.6094498,-.03511707,.01322353,244,21,40,7.918033,4.621276,.5157233,1.813559,.1709218,.102459
219,.49664195,.65809615,3.9270463,.51517109,-2.6693264,3.2296239,-.05661604,.00935469,572,52,68,7.16958,12.46869,.7648515,1.65511,.345133,.1048951
221,1.9027128,.45778527,5.3451654,.3161922,-6.2322409,2.1691107,-.02166539,.00228911,1452,134,116,7.84022,14.23521,.4541833,1.197566,.2643423,.1680441
222,2.1314375,.14685709,6.7869602,.20989421,-6.6458275,1.0819573,-.04599176,.00263238,8368,438,260,9.932362,20.12414,.4370462,1.486607,.0692383,.1925191
223,1.9425536,.15561346,7.7847862,.37727352,-5.588376,1.4732071,-.10952514,.00422248,16003,700,375,14.47822,28.59126,.5033965,1.788857,.0675778,.0116853
225,1.5759346,.17656841,6.5068486,.19959718,-4.4720451,1.1400115,-.03790248,.00169498,7474,408,233,11.92454,29.50525,.6449704,2.362892,.1685202,.0042815
226,2.003111,.23410822,8.7642098,.33191765,-9.7675416,1.9485448,-.09067476,.00854943,2628,303,228,10.63204,17.24981,.3869565,1.561811,.1022454,.000761
227,2.0431821,.14190013,7.8610339,.1804382,-7.6152924,1.2536866,-.09486359,.00391897,22466,1013,521,12.49991,18.76968,.464903,1.474117,.0343274,.0698389
230,2.591583,.40487886,7.9626279,.52585151,-9.3496787,2.7039882,-.02830221,.00281445,4582,235,227,11.35399,27.15056,.4151316,1.57545,.205061,.0303361
231,2.1299625,.39725985,7.4272356,.40861593,-7.4753515,2.2392782,-.048695,.00590425,2030,198,150,9.114285,12.1778,.3695132,1.06838,.1256978,.1881773
232,1.9562047,.24885313,6.7498542,.23604153,-6.9650118,1.3029693,-.07757074,.00330072,3863,324,239,7.778152,20.04186,.5222563,1.263866,.1075324,.1283976
233,1.4852369,.28715765,5.4534923,.39382533,-3.2427679,1.8019135,-.09093078,.01281938,1482,129,102,8.717949,15.87825,.6240234,1.730635,.136041,.0681511
234,1.6760372,.38894917,5.9149158,.310886,-5.0283126,2.248784,-.10063866,.01282674,1598,171,167,8.071965,12.87253,.3997912,1.235217,.0759648,.0625782
235,1.3842088,.22582708,5.9279819,.24330685,-4.3396768,1.3853463,-.0719341,.00409864,3687,206,156,10.87144,16.16657,.4826052,1.630636,.3686602,.030377
236,1.8962041,.33237419,5.9008691,.33240781,-8.9611044,1.9682729,-.07017876,.0062905,3179,241,179,8.577855,11.5402,.4146115,1.199215,.1637956,.0449827
238,1.9646115,.31468896,5.6502478,.27080967,-10.128112,1.7920813,-.0631809,.0049258,2107,208,165,8.057902,12.89274,.495302,1.615044,.0830984,.1760797
239,1.4476227,.28276103,5.1983173,.26436631,-3.9959884,1.7917603,-.05954906,.00411766,1660,191,169,8.195181,10.44533,.44506,1.342138,.1054478,.0692771
240,1.0897391,.83114099,4.595577,.45338404,-1.8725573,3.1166527,-.00849493,.00268039,700,51,67,7.634286,9.58526,.4675573,1.342688,.4962204,.02
242,1.8490263,.41811177,5.8520722,.34508314,-12.009034,2.9574572,-.03938506,.00426316,2082,110,85,11.11623,11.7312,.2946619,1.381638,.3391409,.0067243
243,-284.99301,2.1924823,1.6711613,4.6200046,1035.4816,0,-.02836031,.02000269,234,56,68,5.235043,8.385965,.375,1.049107,.1134488,.034188
244,1.3299404,.55222256,7.1338038,.64362611,-3.0798149,3.9055528,-.04436013,.01895324,610,148,118,5.460656,13.2869,.3760218,1.340171,.0797796,.057377
245,1.9168363,.54823573,7.1723142,.62937629,-9.5407752,3.4078984,-.05847307,.0218059,843,138,117,6.124555,17.34454,.3273093,1.05618,.175275,.0652432
246,1.0394887,.30011206,5.559185,.25269395,-1.0085761,2.0118814,-.04970895,.0034196,3383,242,183,8.644694,12.80456,.4642118,1.430407,.0752942,.1194206
248,3.6123389,.5898399,4.510475,.52013689,-17.229585,4.1822923,-.03792681,.00767304,526,51,67,8.243346,6.330116,.2405797,.9604743,.4780465,.161597
249,4.7184753,1.3938639,6.2404831,.92310168,-10.083809,5.8791719,-.00946321,.00664598,269,110,105,3.981413,13.53077,.478022,1.21673,.0447617,.0929368
250,1.0620734,1.1365554,4.5069559,.61871754,-6.4801177,5.3331489,-.02824708,.00746636,345,91,92,6.782609,7.728613,.3282828,1.283537,.2525604,.1826087
251,2.1339259,.21462311,7.2177748,.33402201,-8.6957405,1.8564322,-.06361727,.00389196,6237,562,410,11.53519,8.469238,.3457478,1.210456,.295312,.1531185
253,.76918898,.33197671,4.7743595,.50858352,-3.6487696,2.7385425,-.06118958,.00499664,1485,127,101,10.52593,12.56101,.462754,1.288624,.3852138,.7481481
254,1.0320408,.81577965,3.9338429,1.4132355,-9.3704838,5.6595699,-.01012195,.00875285,138,43,42,3.623188,7.463235,.3411765,1.151515,.1813695,.0869565
256,1.6532672,.37318467,6.8273905,.52253762,-6.4053387,2.2760175,-.03495679,.01066389,1453,198,164,9.498968,8.827514,.3190014,1.152347,.3950149,.0185822
258,-1.0904514,.38100516,2.3702362,.92811348,23.637114,4.2262641,-.02361857,.01270612,244,26,37,7.840164,4.300848,.4534161,1.179487,.2255442,.1516393
259,.68906437,.53396038,4.0697527,.39516016,-3.3702319,2.609498,-.03641789,.00560508,651,56,90,8.583717,8.827532,.3100775,1.132686,.1959339,.0399386
260,1.5374258,.42888077,2.2203625,.55011216,-5.8564931,3.3173819,-.01737565,.00536429,221,24,33,6.149321,4.561321,.4478528,1.231884,.2534141,.0045249
262,.58832702,.62172871,3.611419,.28813315,-2.3278781,3.3003969,-.03028713,.00533577,515,38,53,7.495146,7.095428,.3628809,1.118474,.2402828,.0019417
263,.01963226,1.8494903,5.423669,1.3299292,2.2315181,17.496188,-.00681222,.00435552,275,50,64,7.850909,8.837037,.4486487,1.553903,.4142148,.0072727
264,2.5751132,.5628208,6.9050045,.55361734,-10.167078,2.3373613,-.0254165,.00387704,1307,144,128,7.276205,10.88828,1.003112,2.334932,.203629,.2792655
267,.94289776,.72768252,4.1849025,.85171986,-.78659949,3.8536295,-.01902492,.00425889,226,63,72,5.544248,10.40092,.6122449,1.429245,.060733,.2920354
268,1.8684316,.13939122,6.519348,.2607672,-4.8497405,1.2664724,-.10011826,.00418817,11044,436,294,11.63944,16.66906,.5434489,1.79715,.0604318,.0302427
270,1.2305532,.26612081,5.1501328,.27185008,-6.5783498,1.809161,-.04602642,.00251236,3368,175,165,9.373813,15.45926,.6462934,2.225266,.2502424,.4192399
273,1.9292158,.14179239,8.5800224,.21518189,-9.6477031,1.2078086,-.06902772,.00388297,12442,506,351,13.94012,11.02507,.4766707,1.646692,.0498562,.0324707
274,1.5404849,.84586867,2.9411693,.39221638,-6.9439982,4.1986884,-.02968519,.00226125,767,82,103,6.659713,5.884921,.4629948,1.304172,.2149573,.3963494
275,-.00793694,.69715408,2.6864773,.52045598,1.7938453,3.048542,-.02289818,.00629663,263,23,30,8.121673,4.465117,.3764706,1.326693,.3132184,.5057034
276,.77479919,1.6137847,3.1029279,.69472331,-9.7513278,6.4407367,-.0305092,.00692009,367,58,70,5.667575,5.851541,.942029,1.465714,.1254223,.1171662
277,.58157385,.16734447,4.9216192,.26124663,-3.1312705,1.0701137,-.05057317,.00194667,6545,254,165,13.17112,16.10943,.4660634,2.059027,.2708726,.0042781
278,1.5893936,.16782493,6.9014707,.20305271,-6.6884867,1.4456611,-.04753185,.00261352,6763,314,223,11.76342,10.11078,.5914274,1.753628,.0633099,.0933018
279,1.2253415,.93118178,2.5993942,.36283591,-3.3340444,3.7940284,-.07353632,.0101678,672,132,163,6.129464,10.00455,.627957,1.546875,.1347568,.0223214
280,1.5025579,1.0218157,3.6148876,.63801119,-3.7976365,3.6858745,-.02663823,.00883105,593,99,113,6.642496,8.373494,.4668305,.9787611,.4313079,.0185497
281,2.4730097,.81563158,5.5606181,.4055455,-5.4276964,3.2819511,-.02974353,.00348378,1680,180,160,9.018453,10.08959,.307,.9689634,.1244239,.3107143
282,1.5349247,.16083364,6.0735079,.13130326,-3.1062532,.86634533,-.08013905,.00308833,7943,516,292,10.42389,22.46342,.5932485,1.616892,.1262972,.1800327
283,1.9962161,.1624214,7.8018536,.22835077,-8.228331,1.151545,-.07514003,.00383179,6595,503,407,10.85823,27.03361,.4280884,1.404413,.1310526,.0095527
284,1.5945231,.40451552,7.7612295,.43868471,-4.9074943,2.7830335,-.04086263,.01567596,1286,130,156,8.867807,10.46075,.7277628,1.476229,.0441651,.0217729
285,1.595302,.36347766,7.7051625,.46795055,-5.7944096,2.4523447,-.05625786,.00723432,1639,183,209,9.592435,8.574269,.3167513,1.228281,.0760434,.0140329
288,1.4169444,.28809077,6.4125002,.31410545,-4.8374084,2.0230104,-.06591495,.00858829,1873,185,182,9.289375,11.55544,.3821656,1.134403,.1276928,.0080085
289,2.9356315,.95774882,7.6253925,.88235795,-9.5845922,5.2342949,-.01759535,.0191786,378,97,137,5.4709,7.578082,.552381,1.372222,.0251393,.0238095
291,1.048319,.65059698,5.721027,.72273124,-3.4892922,2.5030473,-.01888845,.01708325,444,69,91,6.943694,10.8578,.7003891,1.492991,.0568846,.1418919
292,1.6055752,1.0869211,7.3041161,.85113009,-6.3240479,5.4312136,-.02544809,.01977412,488,92,114,6.637295,10.52966,.5551471,1.494624,.0847974,.0143443
293,.87289989,.37333137,4.9822921,.31290222,-3.0348921,2.2474081,-.02435764,.00278851,2385,199,227,8.569811,11.10659,.3682266,1.229258,.222792,.0800839
295,1.5626244,.16652289,6.3900216,.16390799,-6.6691636,1.0725461,-.06714265,.00241127,11927,555,414,11.20944,18.14917,.3902754,1.412238,.1425095,.0463654
296,.59377152,.3163112,4.3819539,.26738654,-.48373992,2.7173236,-.04148215,.00381533,1516,131,122,8.753298,9.299265,.2742915,1.016484,.1411018,.2612137
297,2.1172043,1.1337052,6.7638019,.73065486,-6.1890328,5.8090362,.00057411,.01077798,211,63,80,5.170616,11.09709,.5833333,1.44335,.0750432,.0189573
299,1.1659352,.22115429,6.3692023,.25348618,-5.3538221,1.7794968,-.06751002,.00621239,4069,217,170,12.72868,7.534508,.2983326,1.043323,.0921352,.0176948
300,.94906554,.4784178,4.6730419,.2574774,-2.8604873,1.9186799,-.04219042,.00388753,1462,109,81,7.127223,21.66598,.4949863,1.335684,.2853745,.1518468
301,2.4952979,.21561161,8.0927073,.37470446,-9.2317121,1.5007539,-.04683914,.00425169,6005,343,354,12.17719,18.29412,.6230617,1.540913,.0470853,.0218152
303,2.2493094,.33435723,8.9492496,.82992151,-7.5758003,2.2797274,-.04772721,.02208732,1493,207,241,12.62023,11.46237,.9810056,2.503443,.0265759,.0395177
304,1.5609249,.72563243,5.6485049,.56239204,-5.9777255,3.6756021,-.05968906,.00482758,1271,126,165,9.653029,6.193137,.3113604,.962963,.0571578,.0747443
307,1.4431095,.26932164,6.5059252,.25271938,-5.3958373,2.0394531,-.05028227,.00375395,4060,231,187,10.47685,14.36395,.3302169,1.181191,.3238225,.01133
308,1.5163954,.43169629,7.0627711,.76401918,-7.4818068,3.4112974,-.02946582,.00687431,886,156,170,8.261851,13.09644,.6330097,1.694118,.0451009,.01693
309,1.4441594,.22236478,6.215156,.20238643,-7.0144603,1.3784022,-.06185521,.00325857,4002,222,182,11.22864,14.02676,.2904264,1.082699,.2622396,.0944528
311,1.4629834,.17256595,6.2465023,.17464396,-5.7339343,1.0346625,-.10458052,.00417987,6294,355,298,12.22323,11.72163,.4002789,1.22517,.4354441,.0673657
312,.85900561,.22002591,5.845774,.22237169,-2.8177462,1.8544506,-.05827355,.00306188,3512,190,199,9.844533,18.18991,.6047655,2.308819,.3213968,.017369
313,.51187634,.42779717,6.4156992,.42368044,-1.536906,2.5188927,-.07422962,.01093896,1208,111,108,11.75331,8.027004,.2746913,1.16295,.2706529,.0289735
314,1.2970617,.30329331,5.9557267,.30695389,-6.5563248,1.9094298,-.04416493,.00300748,3287,191,154,10.00183,11.82587,.4599288,1.405806,.1795036,.025251
315,.60469363,1.3470733,4.2341642,.62451153,-3.6515815,4.888808,-.01641044,.00620253,311,42,62,8.189711,6.313531,.2222222,.6530612,.2466993,.0385852
318,2.5549629,.27929513,6.862971,.32906927,-13.23742,2.092911,-.03848359,.00265771,2570,220,202,8.833074,12.50914,.5817223,1.47439,.0696038,.0268482
319,.98435333,.43673477,5.423535,.30613414,-3.5338423,2.1308357,-.02599157,.00479278,1391,105,96,9.098491,16.15546,.3785633,1.229596,.2897858,.0115025
320,1.6666452,.33969842,5.6307771,.27258028,-7.4105331,1.696632,-.06579666,.00534957,2148,167,151,9.567039,7.525764,.2996078,.9256724,.1287708,.1494413
322,3.2018789,.72992074,2.5257846,.62641595,-13.382538,3.7411447,-.06336584,.00799346,598,117,115,7.80602,6.286942,.4494382,1.210158,.0892384,.4247492
323,4.6974604,3.130325,5.0361715,2.6327549,-6.9433703,9.4330898,.00681037,.01043488,193,39,45,5.124352,9.142858,.4365079,1.360656,.3235792,.0880829
324,-9.7124612,7.286728,3.1132745,.53941061,2.2900443,11.867507,-.2154552,.01794533,311,30,41,5.33119,7.349835,.8543307,1.601329,.7386711,.8102894
325,2.8373934,1.1408626,9.6013298,1.8175053,-8.4431624,8.5089192,-.01685596,.02191486,224,92,83,3.464286,10.56164,.5744681,1.232558,.0729432,.21875
326,1.4596408,.54454577,4.4386926,.34764077,-2.3507544,2.6526162,-.07413246,.01386189,697,80,86,6.322812,8.699708,.3615702,.9260935,.3683114,.0401722
327,1.0666149,.30798832,6.6296102,.31365835,-3.4743049,1.7465089,-.08007519,.00582412,3695,226,197,11.03004,16.65568,.4343576,1.280598,.0663811,.0579161
328,1.4434131,.2334317,7.0902903,.23279583,-5.436429,1.5401357,-.10745916,.0074835,6290,347,236,10.4194,13.24313,.3942944,1.303332,.0904828,.1143084
329,2.2761238,.15413288,6.7859252,.23539796,-7.0160154,1.1448464,-.05430732,.00211858,9248,458,330,10.98432,33.45558,.6335296,1.720395,.0870501,.0627163
330,1.3203353,.22284392,6.0673568,.25813485,-4.7933733,1.6069789,-.04211329,.00261246,3784,221,189,10.44186,13.1069,.3136531,1.05821,.164592,.0245772
331,1.1422536,.42143494,5.6204755,.36493493,-3.0705188,1.9814583,-.09399424,.01028969,1447,126,77,8.644782,16.87781,.4281116,1.57891,.2998511,.1022806
332,1.5660987,.37016024,5.9461747,.40583853,-4.3261405,2.3229695,-.05665306,.01556796,1074,112,95,8.645251,11.31439,.4144144,1.381553,.1404832,.0130354
334,1.6429825,.17228058,6.1097744,.25911458,-7.4115689,1.3682948,-.07297865,.00376525,6787,307,235,11.01812,16.16254,.5776918,1.678734,.1323094,.1049064
335,1.8714086,.27781911,6.9285068,.29924418,-8.9665057,1.7911753,-.06566388,.0051434,3981,179,196,12.75031,11.67751,.4190252,1.551322,.1603664,.0462195
336,1.8745953,.65439431,3.4416199,.32111611,-4.3296488,1.1265647,-.01027313,.00454962,210,20,41,7.671429,14.51231,1.384106,2.034483,.5290249,.3809524
339,2.2392188,.77311348,5.3454282,.27975926,-7.4825599,2.8320267,-.04475992,.00505143,1011,131,165,7.758655,8.046512,.5045593,1.235897,.1493551,.1177052
340,1.4651783,.16301328,5.9594575,.16896732,-4.9315135,1.0294159,-.04810242,.00257788,3960,184,159,10.57424,22.52249,.4907807,1.273062,.168586,.0694444
342,1.4126372,.42810998,3.9713947,.35558357,-2.7922662,3.3404727,-.03843292,.00269073,2043,116,126,8.694077,6.443391,.3312587,1.289059,.1930125,.2643172
343,1.1941468,.40625367,3.8631383,.27248757,-2.4514796,1.9228925,-.02788131,.0078207,646,76,78,6.074304,7.758998,.5089821,1.561798,.1601904,.0773994
344,2.1901595,.34537848,7.355533,.34790855,-10.298606,2.4930549,-.04963722,.00408249,2601,243,260,10.62207,6.597484,.2918367,1.019671,.0609175,.0595925
345,2.0010679,.5784159,4.0058646,.45196989,-5.7560046,3.4303286,-.05207339,.01145473,528,45,48,8.422348,7.520309,.196875,.675835,.5351813,.032197
346,1.8738795,.24987699,7.1312772,.31668119,-7.8936288,1.8912686,-.07924957,.00597473,3587,299,235,9.521049,18.61882,.310531,1.215201,.0984792,.0875383
347,1.3421651,.40188989,5.402025,.37102902,-5.5018051,2.4538058,-.03717587,.00424316,1195,95,94,10.40418,11.02632,.2985075,1.368194,.286892,.0669456
350,1.3473604,.36508324,4.4757245,.22993792,-5.1898913,1.7805228,-.07849801,.00452262,2715,128,103,7.536648,13.85256,.3727228,1.264122,.1664864,.1712707
351,2.3422321,.35428088,5.5219163,.31556067,-8.4602271,2.3191516,-.03422959,.00244713,3114,212,232,9.896275,7.811118,.2886699,1.151899,.1113652,.1653821
352,1.3757696,.19898338,6.4142591,.23841074,-5.9305999,1.2603944,-.07268187,.00356589,4317,293,216,11.05351,10.87277,.3393461,1.305863,.1713349,.0342831
354,1.0114906,.53797332,3.3400763,.22845823,-3.9890578,2.4812036,-.02626217,.00616266,405,43,50,8.691358,12.93,.4302789,.966581,.1946837,.0296296
355,1.4701922,.22994601,6.8941796,.2473545,-5.2280293,1.5925098,-.10796483,.00493146,4786,366,187,10.35562,18.28641,.3841584,1.348288,.2385629,.0085667
356,1.6953849,.16416869,7.2596965,.16833061,-6.7035549,1.0996515,-.16266494,.00553138,9410,647,424,10.02327,16.37672,.4061692,1.330784,.0702721,.0095643
357,1.9342705,.19283131,6.9263505,.24236763,-7.0458995,1.2315458,-.06907396,.00501499,5677,343,317,11.38207,8.834317,.3252006,1.127609,.0581421,.0982914
358,1.1113687,.23335403,6.3245414,.20476417,-3.7871526,1.3317681,-.08218542,.00555096,3908,248,167,9.749488,22.58504,.3982861,1.374372,.2906306,.0143296
359,1.6849078,.62432798,2.3133854,.36653437,-6.3322248,3.5025611,-.04914135,.00610219,515,63,67,5.768932,9.462745,.4155125,.9899598,.2206843,.407767
360,.84260443,.21035464,6.04691,.24496778,-4.3600407,1.5276132,-.04084603,.00328001,3574,165,132,9.437325,23.90324,.4647782,1.849425,.3882354,.0033576
362,-.55700398,.60596926,5.5815044,.48603958,-5.5387787,3.445045,-.01974277,.0038221,1387,113,85,9.545061,12.79854,.325,1.278896,.2510057,.000721
363,1.1985439,.36476411,6.3819207,.33422893,-4.1059618,2.9419878,-.08196879,.00598746,2290,197,146,11.32009,16.82337,.3417533,1.262658,.3515551,.0257642
364,2.1566042,.20103345,7.5712933,.21459736,-9.1967586,1.3031113,-.0544058,.00264727,4863,329,233,10.72219,19.17388,.378432,1.197749,.1675203,.0438001
365,.60827906,.48451071,4.9916244,.28552791,-2.5120222,2.3001608,-.04204158,.00413847,1323,164,193,9.805744,8.360961,.3896261,1.166798,.1181532,.0188964
366,1.0219981,.22867477,5.0738103,.23961536,-2.9758589,1.4115656,-.05515688,.00237712,3515,177,179,9.595163,18.21325,.5207993,1.544917,.1100298,.1109531
367,.68018203,.40608264,4.0088452,.37553014,-.34567411,2.4947658,-.0400127,.00579772,753,73,92,7.347941,14.62195,.4722753,1.651452,.4541498,.0703851
368,1.7244874,.27895528,4.9826092,.36666072,-3.7798778,1.3315361,-.05134216,.00901502,1213,81,76,9.211047,5.308725,.2738095,.9700599,.4013222,.1294312
369,-2.1108543,2.7469467,2.8516645,.44360461,9.6058695,9.5221558,-.03975621,.01104251,199,45,56,6.452261,8.911458,.2820513,.6914893,.2001717,.0050251
370,2.6849242,2.0920581,1.575007,.72448296,-1.5035697,5.7456803,-.03778718,.01862767,264,71,80,4.462121,11.17829,.7035176,2.062992,.2337867,.6742424
371,.98108696,.17773424,5.1994782,.31573527,-3.3798085,1.5937373,-.02958505,.00135139,5907,355,270,11.23633,12.04008,.5865664,1.988829,.2214767,.1562553
373,.98875528,.28469626,5.7575491,.22129374,-2.6178611,2.5076384,-.04108462,.00496805,1917,118,103,8.909755,20.8428,.3056,1.008139,.4122418,.0547731
374,1.4146554,.43097171,3.6546363,.45982425,-5.5750637,2.2220278,-.04164579,.00568313,653,48,63,8.434916,13.89889,1.268456,2.30609,.2263531,.0061256
375,.67969213,.49792632,4.6805155,.41684376,-5.0995164,2.6906113,-.0316638,.00375539,808,74,106,9.433168,8.794937,.3613445,1.254522,.2127763,.029703
376,.36196115,.53296839,4.6680236,.44998969,.52339326,2.9865663,-.03655665,.00817165,539,39,62,9.085343,6.568182,.3653846,.92607,.2994104,.1298701
377,1.787088,.19005437,7.368835,.19692681,-8.3167784,1.4294678,-.04838198,.00367727,6034,276,183,11.28439,19.72422,.3238377,1.106302,.5535975,.0053033
379,.97124231,.2586772,7.377038,.27802921,-5.3141957,2.166523,-.04510786,.00393059,3107,170,182,13.53009,9.365926,.39513,1.675981,.2828976,.013196
380,1.4759714,.32609463,6.1852943,.28833687,-7.1516635,1.6660144,-.05053266,.00222759,4978,276,268,10.92889,11.71704,.3662539,1.474722,.1058309,.0514263
382,.56756426,.71527878,4.6750263,.56014765,-1.8455987,4.3751407,-.01547106,.00418406,627,66,77,8.749601,9.062092,.5465394,1.912458,.1892025,.1244019
383,1.3623052,.33856834,5.4453926,.41827365,-5.5776447,1.7248749,-.02753845,.0064877,831,53,62,8.01083,10.78792,.7284553,1.853933,.1197186,.0060168
385,1.2374878,.34561263,7.7133191,.33526366,-6.1341426,1.7833957,-.04894792,.00649849,2323,173,200,12.81705,7.006195,.388755,1.38234,.0896393,.0731812
386,.68423504,.30172342,5.8131729,.30855946,-4.2646762,1.7011103,-.02544399,.00257295,2335,89,86,9.614133,21.70726,.6015125,2.178952,.5829919,.0077088
388,.42751354,.3845533,5.1537469,.41521463,-1.9308116,2.6411664,-.01753065,.00590552,703,61,51,7.389758,8.405523,.4375,1.292169,.1957451,.4765292
390,2.1874317,.79292231,5.0094144,.63410236,-3.5944614,3.9232966,-.0066483,.00239672,397,54,78,7.418136,11.72135,.7751938,1.33687,.2701178,.0100756
391,2.4229656,.23934328,8.3241141,.27587264,-10.152908,1.7047159,-.0792603,.00427213,6080,414,373,10.45757,11.8904,.5196543,1.342911,.0378858,.0574013
393,.99418109,.41197976,3.3375044,.36415325,-2.0111874,3.1907133,-.038793,.00475515,760,60,89,9.177631,10.71275,.5909091,1.693989,.206856,.0421053
394,2.4776074,.22878452,7.1290398,.30829021,-9.9358813,1.9022112,-.07329389,.00605207,5332,280,249,11.30139,8.653919,.5147522,1.625801,.0764153,.0759565
396,4.340803,1.0050731,7.1196445,.64815275,-23.474821,4.9023132,-.06469339,.00742865,700,87,89,6.23,15.08479,.5152672,1.751488,.1753102,.0114286
397,2.4729327,.24584898,7.2472541,.29818718,-9.9593257,1.7638252,-.0529726,.00275785,4613,439,465,10.13679,9.458388,.6608167,1.576344,.0367035,.0476913
399,2.132733,1.2684825,4.0284218,.72115642,-16.043287,4.7863408,-.07266893,.01911806,158,24,30,6.620253,4.790541,.2666667,1.087248,.3830316,.1075949
400,1.2483968,.99563839,5.3425027,.70052131,-5.5462887,4.0985601,-.02616195,.00298833,500,50,87,7.142,6.128099,.9250721,1.521008,.194344,.198
402,1.0759356,.62244438,5.1650355,.39257875,-4.9145767,3.5097366,-.00100508,.0076815,811,72,55,6.237978,13.9425,.6185738,1.627877,.1298286,.0061652
406,-.68275813,1.693592,2.6196752,.77950415,5.534068,4.3124168,-.03409046,.0377853,204,28,47,8.205882,8.69697,.9435484,1.445596,.1406671,.0147059
412,.9773367,.18347205,7.4489769,.26785401,-4.447831,1.5099155,-.02695468,.00359001,5057,234,210,12.89322,12.14809,.9763631,2.236858,.1160353,.0059324
413,.43079125,1.1816494,6.0699372,.89437187,.91617898,7.0259012,-.03975329,.01212585,371,67,61,5.142857,8.997268,.3576923,1.349162,.4036225,.5229111
416,3.2238582,1.0116883,4.942946,.4819303,-9.4837503,3.1261552,-.01677992,.00313345,499,100,104,7.346694,8.00207,.3624161,1.023404,.1677061,.1523046
417,-.66337607,.98997327,3.5682394,.4550023,2.8822953,3.4064238,-.01384253,.00230728,426,33,57,7.14554,12.10979,.5780731,1.125,.2347197,0
418,.87739594,1.2302037,4.6990949,1.2707891,.62783769,5.6784137,-.01815624,.00956895,180,54,40,3.077778,12.35,.8137931,1.508475,.2646914,.2111111
420,.79401117,.83681077,4.7611204,.43144587,-2.5708671,2.8536299,-.00987559,.00265694,658,64,71,7.901216,8.933539,.4514039,1.20283,.3115456,.1261398
421,1.5355528,.85758762,3.3789129,.33831549,-1.7361351,2.242333,-.02873369,.00799449,409,24,40,7.369193,14.17293,.9662162,1.895939,.3924474,.5745721
422,-3.6556441,4.2117017,3.2024638,.76039288,5.7604819,9.5788262,-.03938427,.01028914,212,19,25,2.485849,11.34762,1.868852,2.082927,.5802332,.7783019
423,5.4796776,1.1905551,4.9512451,1.0310288,-17.309826,5.1513571,-.03886946,.00676909,812,107,130,7.048029,5.964912,.9013158,2.553001,.0917184,.3251232
424,2.1453737,.90526765,5.8702017,.558681,-6.1548726,4.5191543,-.02322138,.00512057,1902,152,175,9.100946,9.360149,.3141076,1.022319,.14155,.1550999
426,1.9538919,.17141558,7.9657046,.3181511,-9.9424373,1.710881,-.12180859,.00650565,4602,319,280,12.35897,12.11704,.4842105,1.422488,.1486411,.0352021
427,1.0719022,.35404983,5.3526892,.30856975,-2.0908119,2.021861,-.06510826,.00542991,3038,190,139,9.302173,16.18968,.3398382,1.244111,.2315695,.1754444
428,.76480064,.39050503,3.8246061,.39830299,-1.2982261,2.7735319,-.04020355,.00563345,1691,92,67,9.400354,13.08373,.2918455,1.353912,.5949733,.035482
429,1.0363388,.34974804,5.7256136,.29755482,-4.6784313,1.8239988,-.0374531,.0046752,1706,116,124,10.73447,11.03039,.5134329,1.516149,.2478818,.0756155
430,1.9971273,.21403039,6.7186923,.25862179,-7.2509609,1.6160594,-.04026311,.00380063,3503,189,158,9.846703,15.57813,.4351446,1.375484,.1891906,.0314017
431,1.4029753,.17968025,7.0204783,.26494654,-6.0588726,1.7513446,-.06925208,.00332108,7811,377,264,12.79785,16.58886,.5279684,1.616017,.2265843,.0167712
432,.69688519,.78447972,4.6193764,.73052732,-1.2462054,2.4408975,-.02861107,.00507925,504,63,78,7.579365,9.98374,.4277457,1.297297,.1352513,.0099206
435,1.5719925,.31823417,6.4320331,.39248041,-10.175818,2.2827071,-.04357113,.003589,1678,199,141,10.40405,11.03212,.4521327,1.948084,.2836412,.0166865
437,1.920573,.40482857,6.4815872,.3554253,-8.4449419,2.4628639,-.05183703,.00458856,1135,157,143,8.723348,10.26212,.328877,1.246126,.250072,.1726872
438,.91595494,.40227226,5.1544148,.28567814,-1.8487324,2.1600411,-.05490707,.00637603,1526,154,103,8.249017,14.40145,.4276377,1.366102,.7635472,.0196592
439,2.0266004,.23527717,7.7641164,.26087588,-8.1356891,2.115713,-.06171061,.00487478,5943,434,334,9.883224,9.782274,.3689547,1.222048,.1787505,.2974929
440,1.6324333,.19701116,5.957086,.20704152,-6.8028584,1.5457021,-.05819837,.00405163,6198,300,241,11.02227,9.017013,.3888889,1.226032,.1596933,.1419813
441,1.479517,.27446359,6.5257252,.29724808,-5.4192084,2.0064309,-.10306814,.00926812,2984,195,135,10.99866,12.18991,.3770667,1.364398,.2868772,.2443029
442,1.1723309,.58965974,4.7831079,.4931519,-4.5757435,3.5502911,-.01381616,.00211951,866,71,88,9.772517,8.859504,.3681416,1.259662,.3428841,.0277136
443,1.2791483,.67545712,4.4598462,.45923003,-2.7856566,2.737383,-.02327468,.00356599,789,79,102,6.2218,14.9317,.5935252,1.271523,.1243059,.035488
445,2.4973816,.8608883,4.8699811,.60835016,-4.8575611,4.240089,-.02337704,.00694344,702,70,81,7.0698,8.317852,.5890411,1.187316,.1669061,.0156695
446,1.2520893,.89402695,4.3067697,.61689181,-2.9395752,3.8898558,-.039977,.01372365,217,39,49,6,6.407583,.3986014,1.125,.3377222,.1152074
447,2.3843877,.98972318,5.5061403,.61196597,-1.7312131,4.0189352,-.01611933,.00407583,503,72,88,5.298211,6.408536,.6548913,1.1125,.2529278,.0974155
449,2.0820227,.34703479,6.7739006,.25277782,-8.7950355,2.2162269,-.06614112,.0043693,3538,224,170,9.365744,11.08259,.4740646,1.339495,.2254144,.5890334
450,.62064185,.5411571,3.4075257,.3974093,-5.2264789,3.1205411,-.02569855,.00348253,672,84,90,5.623512,9.051205,.4621677,1.312597,.7430865,.8794643
451,2.0617924,.16001329,7.3078141,.20024903,-7.1970754,1.0481558,-.10155057,.0039784,6602,449,367,10.63193,11.9983,.4528758,1.326614,.0816314,.2959709
452,1.6068143,.72878667,4.1925598,.37289246,-6.0244284,2.6725006,-.03187997,.00948005,362,47,60,6.483426,5.721591,.5335968,1.21902,.2073655,.480663
456,1.5016847,.70243095,3.9232756,.6551574,-1.2630517,3.6218127,-.01836434,.00564123,418,52,57,5.782297,12.24878,.5827814,1.25187,.5387353,.6555024
